person_id;main;alts;conf;source
w:1973-02-24:podlesni;CB;;low;group
w:1979-08-24:volkarachevski;CB;;low;en.wikipedia.org/wiki/Denys_Volk-Karachevsky
w:1972-01-29:chipa;CB;;low;group
w:1975-04-13:cherevan;ST;;mid;matchtv.ru/athlete/andrei-cherevan
w:1976-07-22:bohomol;CM;;low;group
w:1973-09-09:konopelko;CM;;low;group
w:1980-09-23:shaida;CM;;low;group
w:1977-11-10:mishkov;CB;;low;en.wikipedia.org/wiki/Omar_Mishkov
w:1978-06-25:polischuk;CB;;low;group
w:1982-03-21:fabio;CB;;low;group
w:1975-09-09:solomatin;CM;;low;group
w:1974-10-03:ismet;CM;;low;en.wikipedia.org/wiki/Ismet_Munishi
w:1987-09-14:nazarenko;CB;;low;en.wikipedia.org/wiki/Dmytro_Nazarenko_(footballer)
w:1983-06-12:kaniuk;CB;;low;group
w:1983-06-26:ervis;CB;;low;en.wikipedia.org/wiki/Ervis_Kraja
w:1978-08-19:hvozdenovich;RB;RM;low;en.wikipedia.org/wiki/Ivan_Gvozdenović
w:1990-03-12:vladov;CM;;low;en.wikipedia.org/wiki/Dmytro_Vladov
w:1988-09-05:iakimenko;ST;;high;en.wikipedia.org/wiki/Oleksandr_Yakymenko_(footballer)
w:1983-03-08:alehandre;CM;;low;group
w:1991-04-19:bruno;CDM;;high;en.wikipedia.org/wiki/Bruno_Renan
w:1987-06-17:hraf;CB;;low;en.wikipedia.org/wiki/Ivan_Graf
w:1984-06-20:muhovikov;CM;;low;en.wikipedia.org/wiki/Anton_Mukhovykov
w:1990-00-00:kampos;CM;;low;group
w:1988-00-00:henev;CB;;high;en.wikipedia.org/wiki/Viktor_Genev
w:1981-00-00:jelko;CM;CDM;low;en.wikipedia.org/wiki/Željko_Ljubenović
w:1992-00-00:alimi;CB;;high;en.wikipedia.org/wiki/Jamiu_Alimi
w:1971-06-11:haidamaschuk;CM;;low;group
w:1970-04-29:betsa;CM;;low;en.wikipedia.org/wiki/Stepan_Betsa
w:1973-08-12:boichishin;CB;;low;en.wikipedia.org/wiki/Oleh_Boychyshyn
w:1962-05-30:rafalchuk;CM;;low;group
w:1969-12-06:tsokur;CM;;low;group
w:1968-06-24:miroshkin;CB;;low;group
w:1969-09-21:androschuk;CM;;low;group
w:1962-08-30:evsev;CB;RB;low;en.wikipedia.org/wiki/Vasyl_Yevseyev
w:1960-07-19:sich;CM;;low;group
w:1974-09-06:sultanov;CB;;low;group
w:1965-03-06:kovtun;CM;;low;group
w:1975-05-05:hitia;CM;;low;group
w:1978-03-07:hrischenko;CM;;low;group
w:1975-12-31:aladashvili;CM;;low;group
w:1962-11-29:dovhalets;CM;;low;group
w:1966-03-28:salo;CB;;low;group
w:1971-08-03:panin;CM;;low;group
w:1975-01-23:hrechani;CB;;low;group
w:1967-04-02:kostishin;CM;;low;group
w:1975-08-21:sopkiv;CM;;low;group
w:1977-02-02:matvichuk;CB;;low;group
w:1972-10-30:zaiats;CB;;low;group
w:1983-01-02:hubrenko;CM;;low;group
w:1974-06-22:damian;CB;;low;group
