person_id;display_uk;club;apps_site;goals_site;assists;clean_sheets;source_url;match_conf
w:1992-00-00:aleksandr;Олександр Караваєв;dynamo-kyiv;18;0;2;;https://www.sports.ru/football/club/dynamo-kiev/stat/2021-2022/;high
tm:264372;Віктор Циганков;dynamo-kyiv;18;11;2;;https://www.sports.ru/football/club/dynamo-kiev/stat/2021-2022/;high
tm:70754;Денис Гармаш;dynamo-kyiv;17;7;2;;https://www.sports.ru/football/club/dynamo-kiev/stat/2021-2022/;high
tm:167722;Віталій Буяльський;dynamo-kyiv;16;9;0;;https://www.sports.ru/football/club/dynamo-kiev/stat/2021-2022/;high
tm:257740;Карлос де Пена;dynamo-kyiv;16;2;3;;https://www.sports.ru/football/club/dynamo-kiev/stat/2021-2022/;high
tm:404842;Віталій Миколенко;dynamo-kyiv;15;0;3;;https://www.sports.ru/football/club/dynamo-kiev/stat/2021-2022/;high
tm:659089;Ілля Забарний;dynamo-kyiv;15;0;0;;https://www.sports.ru/football/club/dynamo-kiev/stat/2021-2022/;high
tm:124182;Сергій Сидорчук;dynamo-kyiv;15;2;2;;https://www.sports.ru/football/club/dynamo-kiev/stat/2021-2022/;high
tm:181118;Томаш Кендзьора;dynamo-kyiv;15;1;0;;https://www.sports.ru/football/club/dynamo-kiev/stat/2021-2022/;high
tm:368611;Микола Шапаренко;dynamo-kyiv;13;3;4;;https://www.sports.ru/football/club/dynamo-kiev/stat/2021-2022/;high
tm:505463;Олександр Сирота;dynamo-kyiv;12;1;0;;https://www.sports.ru/football/club/dynamo-kiev/stat/2021-2022/;high
tm:287792;Олександр Тимчик;dynamo-kyiv;12;1;2;;https://www.sports.ru/football/club/dynamo-kiev/stat/2021-2022/;high
tm:294746;Володимир Шепелєв;dynamo-kyiv;11;0;1;;https://www.sports.ru/football/club/dynamo-kiev/stat/2021-2022/;high
tm:188180;Беньямін Вербич;dynamo-kyiv;9;2;1;;https://www.sports.ru/football/club/dynamo-kiev/stat/2021-2022/;high
tm:207074;Олександр Андрієвський;dynamo-kyiv;8;0;1;;https://www.sports.ru/football/club/dynamo-kiev/stat/2021-2022/;high
tm:423606;Богдан Леднєв;dynamo-kyiv;8;0;0;;https://www.sports.ru/football/club/dynamo-kiev/stat/2021-2022/;high
w:1999-00-00:vitino;Вітінью;dynamo-kyiv;8;3;0;;https://www.sports.ru/football/club/dynamo-kiev/stat/2021-2022/;high
w:1999-00-00:ilia;Ілля Шкурін;dynamo-kyiv;8;0;4;;https://www.sports.ru/football/club/dynamo-kiev/stat/2021-2022/;high
tm:236468;Артем Шабанов;dynamo-kyiv;6;0;0;;https://www.sports.ru/football/club/dynamo-kiev/stat/2021-2022/;high
tm:167556;Владислав Кулач;dynamo-kyiv;5;1;0;;https://www.sports.ru/football/club/dynamo-kiev/stat/2021-2022/;high
tm:428746;Ерік Рамірес;dynamo-kyiv;4;1;1;;https://www.sports.ru/football/club/dynamo-kiev/stat/2021-2022/;high
tm:419061;Владислав Супряга;dynamo-kyiv;3;0;0;;https://www.sports.ru/football/club/dynamo-kiev/stat/2021-2022/;high
w:1997-00-00:antiuh;Денис Антюх;dynamo-kyiv;3;0;0;;https://www.sports.ru/football/club/dynamo-kiev/stat/2021-2022/;high
tm:282734;Жерсон Родрігес;dynamo-kyiv;3;0;0;;https://www.sports.ru/football/club/dynamo-kiev/stat/2021-2022/;high
tm:330060;Сідклей;dynamo-kyiv;2;0;0;;https://www.sports.ru/football/club/dynamo-kiev/stat/2021-2022/;high
tm:404841;Денис Попов;dynamo-kyiv;1;1;0;;https://www.sports.ru/football/club/dynamo-kiev/stat/2021-2022/;high
tm:206888;Георгій Бущан;dynamo-kyiv;15;0;0;;https://www.sports.ru/football/club/dynamo-kiev/stat/2021-2022/;high
tm:91931;Денис Бойко;dynamo-kyiv;3;0;0;3;https://www.sports.ru/football/club/dynamo-kiev/stat/2021-2022/;high
tm:365692;Дмитро Топалов;mariupol;17;3;3;;https://www.sports.ru/mariupol/stat/;high
tm:343622;Петро Стасюк;mariupol;17;0;3;;https://www.sports.ru/mariupol/stat/;high
tm:404849;Олексій Кащук;mariupol;15;5;1;;https://www.sports.ru/mariupol/stat/;high
w:1994-00-00:dmitri;Дмитро Мишньов;mariupol;15;2;1;;https://www.sports.ru/mariupol/stat/;high
tm:712857;Марк Мампассі;mariupol;15;0;1;;https://www.sports.ru/mariupol/stat/;high
tm:623319;Олександр Драмбаєв;mariupol;14;0;1;;https://www.sports.ru/mariupol/stat/;high
w:2003-00-00:denis;Денис Шостак;mariupol;13;0;0;;https://www.sports.ru/mariupol/stat/;high
tm:461663;Микита Петерман;mariupol;13;0;1;;https://www.sports.ru/mariupol/stat/;high
tm:467244;Кирило Меліченко;mariupol;12;0;0;;https://www.sports.ru/mariupol/stat/;high
tm:404848;Андрій Кулаков;mariupol;11;6;0;;https://www.sports.ru/mariupol/stat/;high
w:2003-00-00:artur;Артур Микитишин;mariupol;11;1;1;;https://www.sports.ru/mariupol/stat/;high
w:2002-00-00:bohdan;Богдан Поталов;mariupol;11;1;1;;https://www.sports.ru/mariupol/stat/;high_pid_dup
tm:396401;Максим Чех;mariupol;11;0;0;;https://www.sports.ru/mariupol/stat/;high
w:2003-00-00:hromei;Михайло Хромей;mariupol;11;0;1;;https://www.sports.ru/mariupol/stat/;high
w:2003-00-00:ocheretko;Олег Очеретько;mariupol;10;0;0;;https://www.sports.ru/mariupol/stat/;high
w:2002-00-00:denis;Денис Кузик;mariupol;9;1;0;;https://www.sports.ru/mariupol/stat/;high
tm:58417;Станіслав Микицей;mariupol;7;0;0;;https://www.sports.ru/mariupol/stat/;high
w:1994-00-00:klimenko;Владислав Клименко;mariupol;6;1;0;;https://www.sports.ru/mariupol/stat/;high
w:2004-00-00:danil;Данило Удод;mariupol;6;0;0;;https://www.sports.ru/mariupol/stat/;high
w:1990-00-00:spirovski;Стефан Спіровський;mariupol;6;1;0;;https://www.sports.ru/mariupol/stat/;high
w:1996-00-00:bosanchich;Петар Босанчич;mariupol;5;0;0;;https://www.sports.ru/mariupol/stat/;high
tm:245021;Сергій Чоботенко;mariupol;5;0;0;;https://www.sports.ru/mariupol/stat/;high
w:2000-00-00:artem;Артем Холод;mariupol;4;0;0;;https://www.sports.ru/mariupol/stat/;high
tm:288853;Сергій Горбунов;mariupol;3;0;0;;https://www.sports.ru/mariupol/stat/;high
tm:830079;Родіон Плакса;mariupol;2;0;0;;https://www.sports.ru/mariupol/stat/;high
w:2002-00-00:bohdan;Богдан Поталов;mariupol;1;0;0;;https://www.sports.ru/mariupol/stat/;high_pid_dup
w:2005-00-00:danil;Данило Савін;mariupol;1;0;0;;https://www.sports.ru/mariupol/stat/;high
tm:882225;Іван Кошкош;mariupol;1;0;0;;https://www.sports.ru/mariupol/stat/;high
w:2001-00-00:ilia;Ілля Царюк;mariupol;1;0;0;;https://www.sports.ru/mariupol/stat/;high
tm:882227;Микита Козицький;mariupol;1;0;0;;https://www.sports.ru/mariupol/stat/;high_pid_dup
w:2003-00-00:mahinia;Микита Махиня;mariupol;1;0;0;;https://www.sports.ru/mariupol/stat/;high
w:2003-00-00:kozishkurt;Олег Козишкурт;mariupol;1;0;0;;https://www.sports.ru/mariupol/stat/;high
w:2004-00-00:oleh;Олег Філонов;mariupol;1;0;0;;https://www.sports.ru/mariupol/stat/;high_pid_dup
w:2004-00-00:oleh;Олег Філонов;mariupol;1;0;0;;https://www.sports.ru/mariupol/stat/;high_pid_dup
w:2003-00-00:nedes;Паоло Недес;mariupol;1;0;0;;https://www.sports.ru/mariupol/stat/;high
tm:341485;Олег Кудрик;mariupol;12;0;0;;https://www.sports.ru/mariupol/stat/;high
tm:882227;Микита Козицький;mariupol;6;0;0;;https://www.sports.ru/mariupol/stat/;high_pid_dup
