person_id;display_uk;club;apps_site;goals_site;assists;clean_sheets;source_url;match_conf
tm:244904;Артур Авагімян;chornomorets-odesa;18;5;0;;https://www.sports.ru/football/club/chernomorets-odessa/stat/2021-2022/;high
tm:631821;Владислав Ванат;chornomorets-odesa;17;3;1;;https://www.sports.ru/football/club/chernomorets-odessa/stat/2021-2022/;high
tm:626475;Микола Михайленко;chornomorets-odesa;15;2;2;;https://www.sports.ru/football/club/chernomorets-odessa/stat/2021-2022/;high
tm:396532;Євген Смирний;chornomorets-odesa;9;2;1;;https://www.sports.ru/football/club/chernomorets-odessa/stat/2021-2022/;high
tm:396411;Владислав Бугай;chornomorets-odesa;16;2;1;;https://www.sports.ru/football/club/chernomorets-odessa/stat/2021-2022/;high
tm:539441;Євген Ісаєнко;chornomorets-odesa;18;2;2;;https://www.sports.ru/football/club/chernomorets-odessa/stat/2021-2022/;high
tm:396400;Ілля Путря;chornomorets-odesa;14;1;1;;https://www.sports.ru/football/club/chernomorets-odessa/stat/2021-2022/;high
tm:787776;Валерій Дубко;chornomorets-odesa;18;0;0;;https://www.sports.ru/football/club/chernomorets-odessa/stat/2021-2022/;high
tm:419067;Георгій Цитаїшвілі;chornomorets-odesa;13;1;0;;https://www.sports.ru/football/club/chernomorets-odessa/stat/2021-2022/;high
tm:404838;Владислав Кучерук;chornomorets-odesa;15;0;0;;https://www.sports.ru/football/club/chernomorets-odessa/stat/2021-2022/;high
tm:748838;Юрій Тлумак;chornomorets-odesa;13;1;0;;https://www.sports.ru/football/club/chernomorets-odessa/stat/2021-2022/;high
tm:723621;Денис Кузик;chornomorets-odesa;14;0;2;;https://www.sports.ru/football/club/chernomorets-odessa/stat/2021-2022/;high
tm:695310;Максим Брагару;chornomorets-odesa;14;0;0;;https://www.sports.ru/football/club/chernomorets-odessa/stat/2021-2022/;high
w:1996-00-00:beka;Бека Вачиберадзе;chornomorets-odesa;14;0;0;;https://www.sports.ru/football/club/chernomorets-odessa/stat/2021-2022/;high
tm:442942;Мохаммед Кадірі;chornomorets-odesa;13;0;0;;https://www.sports.ru/football/club/chernomorets-odessa/stat/2021-2022/;high_manual
w:2002-00-00:danil;Данило Скорко;chornomorets-odesa;10;0;0;;https://www.sports.ru/football/club/chernomorets-odessa/stat/2021-2022/;high
tm:396536;Роман Вантух;chornomorets-odesa;9;0;1;;https://www.sports.ru/football/club/chernomorets-odessa/stat/2021-2022/;high
tm:539436;Крістіан Біловар;chornomorets-odesa;8;0;0;;https://www.sports.ru/football/club/chernomorets-odessa/stat/2021-2022/;high
tm:461670;Богдан Білошевський;chornomorets-odesa;7;0;0;;https://www.sports.ru/football/club/chernomorets-odessa/stat/2021-2022/;high
w:2000-00-00:dolhov;Петро Долгов;chornomorets-odesa;2;0;0;;https://www.sports.ru/football/club/chernomorets-odessa/stat/2021-2022/;high
tm:58939;Олексій Паламарчук;chornomorets-odesa;1;0;0;;https://www.sports.ru/football/club/chernomorets-odessa/stat/2021-2022/;high
tm:539448;Даниїл Сухоручко;chornomorets-odesa;1;0;0;;https://www.sports.ru/football/club/chernomorets-odessa/stat/2021-2022/;high
w:2000-00-00:maschenko;Вадим Мащенко;chornomorets-odesa;1;0;0;;https://www.sports.ru/football/club/chernomorets-odessa/stat/2021-2022/;high
tm:292570;Євген Мартиненко;chornomorets-odesa;1;0;0;;https://www.sports.ru/football/club/chernomorets-odessa/stat/2021-2022/;high
tm:581782;Андрій Штогрин;chornomorets-odesa;4;0;0;;https://www.sports.ru/football/club/chernomorets-odessa/stat/2021-2022/;high
tm:678503;Данило Варакута;chornomorets-odesa;2;0;0;;https://www.sports.ru/football/club/chernomorets-odessa/stat/2021-2022/;high
tm:269371;Денис Безбородько;desna-chernihiv;18;7;1;;https://www.sports.ru/football/club/desna/stat/2021-2022/;high
w:1990-00-00:taras;Тарас Завійський;desna-chernihiv;18;3;3;;https://www.sports.ru/football/club/desna/stat/2021-2022/;high
tm:108710;Владислав Калітвінцев;desna-chernihiv;16;3;4;;https://www.sports.ru/football/club/desna/stat/2021-2022/;high
tm:277777;Андрій Тотовицький;desna-chernihiv;13;3;3;;https://www.sports.ru/football/club/desna/stat/2021-2022/;high
tm:470831;Вікентій Волошин;desna-chernihiv;11;2;1;;https://www.sports.ru/football/club/desna/stat/2021-2022/;high
tm:168292;Леван Арвеладзе;desna-chernihiv;15;1;0;;https://www.sports.ru/football/club/desna/stat/2021-2022/;high
tm:467241;Олександр Сафронов;desna-chernihiv;16;0;0;;https://www.sports.ru/football/club/desna/stat/2021-2022/;high
tm:49016;Євген Паст;desna-chernihiv;15;0;0;;https://www.sports.ru/football/club/desna/stat/2021-2022/;check_name
tm:376226;Євген Цимбалюк;desna-chernihiv;15;0;0;;https://www.sports.ru/football/club/desna/stat/2021-2022/;high
tm:93105;Ігор Литовка;desna-chernihiv;13;0;0;;https://www.sports.ru/football/club/desna/stat/2021-2022/;high
tm:381273;Андрій Домбровський;desna-chernihiv;16;0;0;;https://www.sports.ru/football/club/desna/stat/2021-2022/;high
tm:94925;Єгор Картушов;desna-chernihiv;15;0;2;;https://www.sports.ru/football/club/desna/stat/2021-2022/;high
tm:193323;Максим Дегтярьов;desna-chernihiv;11;1;0;;https://www.sports.ru/football/club/desna/stat/2021-2022/;high
tm:99863;Пилип Будківський;desna-chernihiv;18;1;2;;https://www.sports.ru/football/club/desna/stat/2021-2022/;high
tm:157373;Владлен Юрченко;desna-chernihiv;7;1;2;;https://www.sports.ru/football/club/desna/stat/2021-2022/;high
tm:264063;Сергій Болбат;desna-chernihiv;13;0;0;;https://www.sports.ru/football/club/desna/stat/2021-2022/;high
tm:117481;Роман Мисак;desna-chernihiv;5;0;0;;https://www.sports.ru/football/club/desna/stat/2021-2022/;high
w:1997-00-00:aleksandr;Олександр Масалов;desna-chernihiv;6;0;0;;https://www.sports.ru/football/club/desna/stat/2021-2022/;high
w:1991-00-00:vadim;Вадим Жук;desna-chernihiv;6;0;0;;https://www.sports.ru/football/club/desna/stat/2021-2022/;high
tm:383198;Ілля Шевцов;desna-chernihiv;12;0;1;;https://www.sports.ru/football/club/desna/stat/2021-2022/;high
tm:363063;Олексій Ковтун;desna-chernihiv;4;0;0;;https://www.sports.ru/football/club/desna/stat/2021-2022/;high
tm:296366;Олексій Гуцуляк;desna-chernihiv;2;0;0;;https://www.sports.ru/football/club/desna/stat/2021-2022/;high
tm:539436;Крістіан Біловар;desna-chernihiv;1;0;0;;https://www.sports.ru/football/club/desna/stat/2021-2022/;high
w:2001-00-00:belich;Євген Беліч;desna-chernihiv;1;0;0;;https://www.sports.ru/football/club/desna/stat/2021-2022/;high
tm:343537;Артем Довбик;dnipro-1;17;14;4;;https://www.sports.ru/football/club/dnipro-1/stat/2021-2022/;high
tm:294780;Олександр Піхальонок;dnipro-1;14;5;3;;https://www.sports.ru/football/club/dnipro-1/stat/2021-2022/;high
tm:296366;Олексій Гуцуляк;dnipro-1;13;4;1;;https://www.sports.ru/football/club/dnipro-1/stat/2021-2022/;high
tm:244271;Олександр Сваток;dnipro-1;18;0;0;;https://www.sports.ru/football/club/dnipro-1/stat/2021-2022/;high
tm:376082;Данило Ігнатенко;dnipro-1;14;3;0;;https://www.sports.ru/football/club/dnipro-1/stat/2021-2022/;high
w:1995-00-00:kojokaru;Валентин Кожокару;dnipro-1;14;0;0;;https://www.sports.ru/football/club/dnipro-1/stat/2021-2022/;high
tm:495920;Олександр Назаренко;dnipro-1;16;2;3;;https://www.sports.ru/football/club/dnipro-1/stat/2021-2022/;high
tm:366723;Владислав Дубинчак;dnipro-1;16;0;1;;https://www.sports.ru/football/club/dnipro-1/stat/2021-2022/;high
tm:376445;Маріо Чуже;dnipro-1;14;2;2;;https://www.sports.ru/football/club/dnipro-1/stat/2021-2022/;high
tm:370399;Микита Кравченко;dnipro-1;14;0;4;;https://www.sports.ru/football/club/dnipro-1/stat/2021-2022/;high
tm:273663;Володимир Адамюк;dnipro-1;11;1;0;;https://www.sports.ru/football/club/dnipro-1/stat/2021-2022/;high
tm:248934;Валерій Лучкевич;dnipro-1;13;0;2;;https://www.sports.ru/football/club/dnipro-1/stat/2021-2022/;high
tm:110688;Сергій Логінов;dnipro-1;10;1;0;;https://www.sports.ru/football/club/dnipro-1/stat/2021-2022/;high
tm:659886;Білл;dnipro-1;11;1;0;;https://www.sports.ru/football/club/dnipro-1/stat/2021-2022/;high
tm:678783;Євген Підлепенець;dnipro-1;18;0;1;;https://www.sports.ru/football/club/dnipro-1/stat/2021-2022/;high
tm:366729;Назарій Русин;dnipro-1;8;1;0;;https://www.sports.ru/football/club/dnipro-1/stat/2021-2022/;high
tm:274058;Франсіско Ді Франко;dnipro-1;16;0;0;;https://www.sports.ru/football/club/dnipro-1/stat/2021-2022/;high
w:1993-00-00:monte;Нелсон Монте;dnipro-1;8;0;1;;https://www.sports.ru/football/club/dnipro-1/stat/2021-2022/;high
tm:448868;Ігор Когут;dnipro-1;13;0;0;;https://www.sports.ru/football/club/dnipro-1/stat/2021-2022/;high
tm:717411;Єгор Ярмолюк;dnipro-1;7;0;0;;https://www.sports.ru/football/club/dnipro-1/stat/2021-2022/;high
tm:49016;Євген Паст;dnipro-1;4;0;0;;https://www.sports.ru/football/club/dnipro-1/stat/2021-2022/;high
tm:665048;Арсеній Батагов;dnipro-1;3;0;0;;https://www.sports.ru/football/club/dnipro-1/stat/2021-2022/;high
tm:520400;Владислав Шарай;inhulets-petrove;15;2;0;;https://www.sports.ru/football/club/inhulets/stat/2021-2022/;high
tm:216579;Павло Полегенько;inhulets-petrove;17;1;2;;https://www.sports.ru/football/club/inhulets/stat/2021-2022/;high
w:2000-00-00:maikl;Майкл Стефен;inhulets-petrove;16;2;0;;https://www.sports.ru/football/club/inhulets/stat/2021-2022/;high
tm:320247;Артем Ситало;inhulets-petrove;13;2;0;;https://www.sports.ru/football/club/inhulets/stat/2021-2022/;high
tm:58402;Максим Ковальов;inhulets-petrove;15;1;0;;https://www.sports.ru/football/club/inhulets/stat/2021-2022/;high
tm:375180;Олександр Козак;inhulets-petrove;16;1;0;;https://www.sports.ru/football/club/inhulets/stat/2021-2022/;high
tm:177267;Ілля Коваленко;inhulets-petrove;13;1;1;;https://www.sports.ru/football/club/inhulets/stat/2021-2022/;high
tm:28179;Младен Бартулович;inhulets-petrove;12;1;0;;https://www.sports.ru/football/club/inhulets/stat/2021-2022/;high
tm:295429;Мохамед Бен Салем;inhulets-petrove;13;0;0;;https://www.sports.ru/football/club/inhulets/stat/2021-2022/;high
tm:86931;Євген Опанасенко;inhulets-petrove;13;0;2;;https://www.sports.ru/football/club/inhulets/stat/2021-2022/;high
tm:108866;Дмитро Поспєлов;inhulets-petrove;10;1;0;;https://www.sports.ru/football/club/inhulets/stat/2021-2022/;high
tm:380554;Євген Запорожець;inhulets-petrove;17;0;1;;https://www.sports.ru/football/club/inhulets/stat/2021-2022/;high
tm:59022;Євген Гальчук;inhulets-petrove;12;0;0;;https://www.sports.ru/football/club/inhulets/stat/2021-2022/;high
tm:168041;Михайло Шишка;inhulets-petrove;14;0;0;;https://www.sports.ru/football/club/inhulets/stat/2021-2022/;high
tm:515669;Михайло Плохотнюк;inhulets-petrove;9;1;0;;https://www.sports.ru/football/club/inhulets/stat/2021-2022/;high
tm:339323;Хеннос Асмелаш;inhulets-petrove;12;0;3;;https://www.sports.ru/football/club/inhulets/stat/2021-2022/;high
tm:347804;Андрій Коробенко;inhulets-petrove;11;0;0;;https://www.sports.ru/football/club/inhulets/stat/2021-2022/;high
tm:38297;Богдан Шуст;inhulets-petrove;5;0;0;;https://www.sports.ru/football/club/inhulets/stat/2021-2022/;high
tm:581405;Іван Головкін;inhulets-petrove;7;0;0;;https://www.sports.ru/football/club/inhulets/stat/2021-2022/;high
tm:461666;Максим Мельничук;inhulets-petrove;4;0;0;;https://www.sports.ru/football/club/inhulets/stat/2021-2022/;high
tm:53258;Владислав Лупашко;inhulets-petrove;4;0;0;;https://www.sports.ru/football/club/inhulets/stat/2021-2022/;high
tm:59115;Віталій Павлов;inhulets-petrove;3;0;0;;https://www.sports.ru/football/club/inhulets/stat/2021-2022/;high
tm:962090;Артем Смоляков;inhulets-petrove;2;0;0;;https://www.sports.ru/football/club/inhulets/stat/2021-2022/;high
tm:495923;Олег Ільїн;kolos-kovalivka;16;2;1;;https://www.sports.ru/football/club/kolos-kovalivka/stat/2021-2022/;high
tm:167555;Олександр Чорноморець;kolos-kovalivka;15;2;1;;https://www.sports.ru/football/club/kolos-kovalivka/stat/2021-2022/;high
tm:166581;Євген Волинець;kolos-kovalivka;10;0;0;;https://www.sports.ru/football/club/kolos-kovalivka/stat/2021-2022/;high
tm:58413;Володимир Лисенко;kolos-kovalivka;16;2;1;;https://www.sports.ru/football/club/kolos-kovalivka/stat/2021-2022/;high
tm:58418;Вадим Мілько;kolos-kovalivka;18;1;0;;https://www.sports.ru/football/club/kolos-kovalivka/stat/2021-2022/;high
w:1989-00-00:denis;Денис Костишин;kolos-kovalivka;16;1;0;;https://www.sports.ru/football/club/kolos-kovalivka/stat/2021-2022/;high
tm:58427;Кирило Петров;kolos-kovalivka;13;0;0;;https://www.sports.ru/football/club/kolos-kovalivka/stat/2021-2022/;high
tm:570743;Анатолій Нурієв;kolos-kovalivka;13;1;1;;https://www.sports.ru/football/club/kolos-kovalivka/stat/2021-2022/;high
tm:687881;Дієго Каріока;kolos-kovalivka;11;1;0;;https://www.sports.ru/football/club/kolos-kovalivka/stat/2021-2022/;high_manual
tm:91358;Євген Новак;kolos-kovalivka;9;1;0;;https://www.sports.ru/football/club/kolos-kovalivka/stat/2021-2022/;high
tm:320861;Матія Ром;kolos-kovalivka;11;0;0;;https://www.sports.ru/football/club/kolos-kovalivka/stat/2021-2022/;high
tm:463845;Олександр Демченко;kolos-kovalivka;11;0;0;;https://www.sports.ru/football/club/kolos-kovalivka/stat/2021-2022/;high
tm:92567;Андрій Богданов;kolos-kovalivka;14;0;1;;https://www.sports.ru/football/club/kolos-kovalivka/stat/2021-2022/;high
w:1997-00-00:renan;Ренан;kolos-kovalivka;12;1;1;;https://www.sports.ru/football/club/kolos-kovalivka/stat/2021-2022/;high_manual
w:1994-00-00:nika;Ніка Сітчінава;kolos-kovalivka;17;1;2;;https://www.sports.ru/football/club/kolos-kovalivka/stat/2021-2022/;high
tm:131553;В'ячеслав Чурко;kolos-kovalivka;16;1;0;;https://www.sports.ru/football/club/kolos-kovalivka/stat/2021-2022/;high
tm:59978;Євген Задоя;kolos-kovalivka;12;0;0;;https://www.sports.ru/football/club/kolos-kovalivka/stat/2021-2022/;high
tm:297752;Микола Золотов;kolos-kovalivka;12;0;0;;https://www.sports.ru/football/club/kolos-kovalivka/stat/2021-2022/;high
tm:59038;Віталій Гавриш;kolos-kovalivka;6;0;0;;https://www.sports.ru/football/club/kolos-kovalivka/stat/2021-2022/;high
tm:498899;Тарас Саків;kolos-kovalivka;6;0;0;;https://www.sports.ru/football/club/kolos-kovalivka/stat/2021-2022/;high
tm:751977;Кирило Фесюн;kolos-kovalivka;5;0;0;;https://www.sports.ru/football/club/kolos-kovalivka/stat/2021-2022/;high
tm:290571;Альваро Нгамба;kolos-kovalivka;4;0;0;;https://www.sports.ru/football/club/kolos-kovalivka/stat/2021-2022/;high
tm:729781;Владислав Велетень;kolos-kovalivka;2;0;0;;https://www.sports.ru/football/club/kolos-kovalivka/stat/2021-2022/;high
tm:649029;Мамаду Данфа;kolos-kovalivka;2;0;0;;https://www.sports.ru/football/club/kolos-kovalivka/stat/2021-2022/;high
tm:892025;Антон Салабай;kolos-kovalivka;1;0;0;;https://www.sports.ru/football/club/kolos-kovalivka/stat/2021-2022/;high
tm:418896;Станіслав Сорокін;kolos-kovalivka;1;0;0;;https://www.sports.ru/football/club/kolos-kovalivka/stat/2021-2022/;high
tm:294723;Володимир Маханьков;kolos-kovalivka;3;0;0;;https://www.sports.ru/football/club/kolos-kovalivka/stat/2021-2022/;high
tm:542597;Марлісон;metalist-1925;14;5;0;;https://www.sports.ru/football/club/metalist-1925/stat/2021-2022/;high
w:1992-00-00:batiushin;Юрій Батюшин;metalist-1925;15;3;2;;https://www.sports.ru/football/club/metalist-1925/stat/2021-2022/;high
tm:537852;Дмитро Криськів;metalist-1925;16;2;2;;https://www.sports.ru/football/club/metalist-1925/stat/2021-2022/;high
tm:213974;Артем Габелок;metalist-1925;18;1;0;;https://www.sports.ru/football/club/metalist-1925/stat/2021-2022/;high
tm:59446;Денис Сидоренко;metalist-1925;16;0;0;;https://www.sports.ru/football/club/metalist-1925/stat/2021-2022/;high
tm:497221;Андрій Ременюк;metalist-1925;17;1;2;;https://www.sports.ru/football/club/metalist-1925/stat/2021-2022/;high
tm:385416;Михайло Шершень;metalist-1925;17;0;0;;https://www.sports.ru/football/club/metalist-1925/stat/2021-2022/;high
tm:169260;Віталій Єрмаков;metalist-1925;16;0;0;;https://www.sports.ru/football/club/metalist-1925/stat/2021-2022/;high
tm:58016;Олег Голодюк;metalist-1925;12;1;0;;https://www.sports.ru/football/club/metalist-1925/stat/2021-2022/;high
tm:111074;Артур Западня;metalist-1925;12;1;0;;https://www.sports.ru/football/club/metalist-1925/stat/2021-2022/;high
tm:86466;Євгеній Ткачук;metalist-1925;12;0;0;;https://www.sports.ru/football/club/metalist-1925/stat/2021-2022/;high
tm:226014;Сергій Ченбай;metalist-1925;12;0;0;;https://www.sports.ru/football/club/metalist-1925/stat/2021-2022/;high
tm:59290;Антон Савін;metalist-1925;16;0;0;;https://www.sports.ru/football/club/metalist-1925/stat/2021-2022/;high
w:1996-00-00:fabino;Фабінью;metalist-1925;15;0;2;;https://www.sports.ru/football/club/metalist-1925/stat/2021-2022/;high
tm:567880;Євген Протасов;metalist-1925;15;0;1;;https://www.sports.ru/football/club/metalist-1925/stat/2021-2022/;high
tm:393975;Ілля Зубков;metalist-1925;10;1;0;;https://www.sports.ru/football/club/metalist-1925/stat/2021-2022/;high
tm:255638;Дмитро Кравченко;metalist-1925;6;1;0;;https://www.sports.ru/football/club/metalist-1925/stat/2021-2022/;high
tm:325429;Максим Задерака;metalist-1925;10;0;0;;https://www.sports.ru/football/club/metalist-1925/stat/2021-2022/;high
w:1992-00-00:kverkvelia;Соломон Кверквелія;metalist-1925;6;0;0;;https://www.sports.ru/football/club/metalist-1925/stat/2021-2022/;high
tm:464619;Владислав Дмитренко;metalist-1925;6;0;0;;https://www.sports.ru/football/club/metalist-1925/stat/2021-2022/;high
tm:59136;Максим Жичиков;metalist-1925;3;0;0;;https://www.sports.ru/football/club/metalist-1925/stat/2021-2022/;high
w:2002-00-00:kovalenko;Максим Коваленко;metalist-1925;1;0;0;;https://www.sports.ru/football/club/metalist-1925/stat/2021-2022/;high
tm:90769;Віталій Пономар;metalist-1925;1;0;0;;https://www.sports.ru/football/club/metalist-1925/stat/2021-2022/;high
tm:965929;Владислав Островський;metalist-1925;1;0;0;;https://www.sports.ru/football/club/metalist-1925/stat/2021-2022/;high
w:2002-00-00:amar;Амар Квакич;metalist-1925;1;0;0;;https://www.sports.ru/football/club/metalist-1925/stat/2021-2022/;high
tm:560110;Іван Коваленко;metalist-1925;1;0;0;;https://www.sports.ru/football/club/metalist-1925/stat/2021-2022/;high
tm:951690;Юрій Потімков;metalist-1925;1;0;0;;https://www.sports.ru/football/club/metalist-1925/stat/2021-2022/;high
tm:562484;Олег Вишневський;minaj;13;3;1;;https://www.sports.ru/football/club/minaj/stat/2021-2022/;high
tm:427341;Данило Кучер;minaj;16;0;0;;https://www.sports.ru/football/club/minaj/stat/2021-2022/;high
tm:792844;Рустам Ахмедзаде;minaj;12;2;0;;https://www.sports.ru/football/club/minaj/stat/2021-2022/;high
tm:699842;Антон Байдал;minaj;12;2;0;;https://www.sports.ru/football/club/minaj/stat/2021-2022/;high
tm:201625;Ігор Гончар;minaj;18;0;1;;https://www.sports.ru/football/club/minaj/stat/2021-2022/;high
tm:539738;Олег Горін;minaj;13;2;0;;https://www.sports.ru/football/club/minaj/stat/2021-2022/;high
tm:461657;Олександр Петрусенко;minaj;18;0;0;;https://www.sports.ru/football/club/minaj/stat/2021-2022/;high
tm:819493;Ельдар Кулієв;minaj;16;0;0;;https://www.sports.ru/football/club/minaj/stat/2021-2022/;high
tm:651388;Міслав Матич;minaj;11;0;0;;https://www.sports.ru/football/club/minaj/stat/2021-2022/;high
w:1989-00-00:oleh;Олег Синегуб;minaj;15;0;1;;https://www.sports.ru/football/club/minaj/stat/2021-2022/;high
tm:404847;Олексій Хахльов;minaj;15;0;2;;https://www.sports.ru/football/club/minaj/stat/2021-2022/;high_manual
tm:401987;Сіака Багайоко;minaj;10;0;0;;https://www.sports.ru/football/club/minaj/stat/2021-2022/;high
tm:752691;Богдан Векляк;minaj;10;0;0;;https://www.sports.ru/football/club/minaj/stat/2021-2022/;high
tm:59908;Євген Селезньов;minaj;16;1;1;;https://www.sports.ru/football/club/minaj/stat/2021-2022/;high
tm:268697;Данило Книш;minaj;14;1;0;;https://www.sports.ru/football/club/minaj/stat/2021-2022/;high
tm:204348;Дмитро Білоног;minaj;15;1;0;;https://www.sports.ru/football/club/minaj/stat/2021-2022/;high
tm:520517;Михаіл Гечев;minaj;13;0;1;;https://www.sports.ru/football/club/minaj/stat/2021-2022/;high
w:1997-00-00:bohdan;Богдан Коваленко;minaj;12;0;1;;https://www.sports.ru/football/club/minaj/stat/2021-2022/;high
w:1992-00-00:lihovidko;Віктор Лиховидько;minaj;7;0;0;;https://www.sports.ru/football/club/minaj/stat/2021-2022/;high
tm:379977;Андрій Семенко;minaj;6;0;0;;https://www.sports.ru/football/club/minaj/stat/2021-2022/;high
tm:375659;Герман Пеньков;minaj;3;0;0;;https://www.sports.ru/football/club/minaj/stat/2021-2022/;high
tm:193158;Сергій Мякушко;minaj;3;0;0;;https://www.sports.ru/football/club/minaj/stat/2021-2022/;high
w:2002-00-00:edvard;Едвард Кобак;minaj;10;0;0;;https://www.sports.ru/football/club/minaj/stat/2021-2022/;high
tm:449084;Олег Білик;oleksandriya;18;0;0;;https://www.sports.ru/football/club/oleksandria/stat/2021-2022/;high
tm:248938;Максим Третьяков;oleksandriya;17;5;2;;https://www.sports.ru/football/club/oleksandria/stat/2021-2022/;high
tm:567873;Владислав Бабогло;oleksandriya;16;2;0;;https://www.sports.ru/football/club/oleksandria/stat/2021-2022/;high
tm:85506;Каспарс Дубра;oleksandriya;14;2;0;;https://www.sports.ru/football/club/oleksandria/stat/2021-2022/;high
tm:244262;Денис Мірошніченко;oleksandriya;18;0;1;;https://www.sports.ru/football/club/oleksandria/stat/2021-2022/;high
tm:155964;Андрій Цуріков;oleksandriya;18;0;3;;https://www.sports.ru/football/club/oleksandria/stat/2021-2022/;high
tm:343151;Іван Калюжний;oleksandriya;16;2;3;;https://www.sports.ru/football/club/oleksandria/stat/2021-2022/;high
tm:343492;Олег Кожушко;oleksandriya;14;2;0;;https://www.sports.ru/football/club/oleksandria/stat/2021-2022/;high
w:1997-00-00:klaudio;Клаудіо Спінеллі;oleksandriya;17;2;0;;https://www.sports.ru/football/club/oleksandria/stat/2021-2022/;high
w:1996-00-00:ihor;Ігор Кірюханцев;oleksandriya;10;1;1;;https://www.sports.ru/football/club/oleksandria/stat/2021-2022/;high
tm:140676;Кирило Ковалець;oleksandriya;11;1;2;;https://www.sports.ru/football/club/oleksandria/stat/2021-2022/;high
tm:622410;Денис Устименко;oleksandriya;14;1;0;;https://www.sports.ru/football/club/oleksandria/stat/2021-2022/;high
tm:501417;Кирило Дришлюк;oleksandriya;14;0;0;;https://www.sports.ru/football/club/oleksandria/stat/2021-2022/;high
tm:463845;Олександр Демченко;oleksandriya;14;0;1;;https://www.sports.ru/football/club/oleksandria/stat/2021-2022/;high
tm:81649;Сергій Рибалка;oleksandriya;13;0;3;;https://www.sports.ru/football/club/oleksandria/stat/2021-2022/;high
w:1994-00-00:hrin;Сергій Гринь;oleksandriya;5;1;0;;https://www.sports.ru/football/club/oleksandria/stat/2021-2022/;high
tm:432658;Юрій Копина;oleksandriya;7;0;0;;https://www.sports.ru/football/club/oleksandria/stat/2021-2022/;high
tm:418891;Олександр Мельник;oleksandriya;5;0;0;;https://www.sports.ru/football/club/oleksandria/stat/2021-2022/;high
tm:395069;Володимир Одарюк;oleksandriya;16;0;0;;https://www.sports.ru/football/club/oleksandria/stat/2021-2022/;high
tm:892054;Еміль Мустафаєв;oleksandriya;4;0;1;;https://www.sports.ru/football/club/oleksandria/stat/2021-2022/;high
tm:549960;Тимур Стецков;oleksandriya;3;0;0;;https://www.sports.ru/football/club/oleksandria/stat/2021-2022/;high
tm:525209;Андрій Новіков;oleksandriya;3;0;0;;https://www.sports.ru/football/club/oleksandria/stat/2021-2022/;high
tm:381268;Гліб Бухал;oleksandriya;2;0;0;;https://www.sports.ru/football/club/oleksandria/stat/2021-2022/;high
tm:359796;Дмитро Шастал;oleksandriya;1;0;0;;https://www.sports.ru/football/club/oleksandria/stat/2021-2022/;high
tm:91419;Олексій Довгий;pfk-lviv;15;2;1;;https://www.sports.ru/football/club/fc-lviv/stat/2021-2022/;high
tm:497719;Шина;pfk-lviv;15;2;0;;https://www.sports.ru/football/club/fc-lviv/stat/2021-2022/;high_manual
tm:120966;Олександр Ільющенков;pfk-lviv;14;0;0;;https://www.sports.ru/football/club/fc-lviv/stat/2021-2022/;high
tm:821535;Артур Ременяк;pfk-lviv;11;2;0;;https://www.sports.ru/football/club/fc-lviv/stat/2021-2022/;high
tm:359678;Ернест Антві;pfk-lviv;17;2;2;;https://www.sports.ru/football/club/fc-lviv/stat/2021-2022/;high
tm:396402;Володимир Якимець;pfk-lviv;18;1;1;;https://www.sports.ru/football/club/fc-lviv/stat/2021-2022/;high
tm:553772;Олександр Романчук;pfk-lviv;14;1;1;;https://www.sports.ru/football/club/fc-lviv/stat/2021-2022/;high
tm:448783;Максим Грисьо;pfk-lviv;14;1;0;;https://www.sports.ru/football/club/fc-lviv/stat/2021-2022/;high
tm:524965;Андрій Бусько;pfk-lviv;14;0;0;;https://www.sports.ru/football/club/fc-lviv/stat/2021-2022/;high
tm:58606;Сергій Політило;pfk-lviv;18;0;0;;https://www.sports.ru/football/club/fc-lviv/stat/2021-2022/;high
tm:269365;Олексій Зозуля;pfk-lviv;12;0;0;;https://www.sports.ru/football/club/fc-lviv/stat/2021-2022/;high
tm:329055;Енес Махмутович;pfk-lviv;12;0;0;;https://www.sports.ru/football/club/fc-lviv/stat/2021-2022/;high
tm:295613;Іван Брікнер;pfk-lviv;16;0;0;;https://www.sports.ru/football/club/fc-lviv/stat/2021-2022/;high
tm:392091;Дмитро Семенів;pfk-lviv;13;0;0;;https://www.sports.ru/football/club/fc-lviv/stat/2021-2022/;high
tm:250416;Фране Чир'як;pfk-lviv;15;1;1;;https://www.sports.ru/football/club/fc-lviv/stat/2021-2022/;high
w:1992-00-00:leka;Міхай Лека;pfk-lviv;8;0;0;;https://www.sports.ru/football/club/fc-lviv/stat/2021-2022/;high
tm:654385;Альваро Вієйра;pfk-lviv;12;0;0;;https://www.sports.ru/football/club/fc-lviv/stat/2021-2022/;high
tm:844373;Борис Крушинський;pfk-lviv;12;0;0;;https://www.sports.ru/football/club/fc-lviv/stat/2021-2022/;high
tm:522091;Ренан Олівейра;pfk-lviv;5;1;1;;https://www.sports.ru/football/club/fc-lviv/stat/2021-2022/;high_manual
tm:747315;Орест Костик;pfk-lviv;4;0;0;;https://www.sports.ru/football/club/fc-lviv/stat/2021-2022/;high
tm:523903;Назарій Нич;pfk-lviv;18;0;0;;https://www.sports.ru/football/club/fc-lviv/stat/2021-2022/;high
tm:567735;Владислав Хамелюк;pfk-lviv;2;0;0;;https://www.sports.ru/football/club/fc-lviv/stat/2021-2022/;high
w:2000-00-00:sorokin;Станіслав Сорокін;pfk-lviv;2;0;0;;https://www.sports.ru/football/club/fc-lviv/stat/2021-2022/;high
tm:460644;Маруан Міхубі;pfk-lviv;1;0;0;;https://www.sports.ru/football/club/fc-lviv/stat/2021-2022/;high
tm:959399;Роман Михайлів;pfk-lviv;1;0;0;;https://www.sports.ru/football/club/fc-lviv/stat/2021-2022/;high
tm:501612;Юрій Климчук;rukh-lviv;15;5;0;;https://www.sports.ru/football/club/rukh-lviv/stat/2021-2022/;high
tm:203854;Андрій Борячук;rukh-lviv;13;4;1;;https://www.sports.ru/football/club/rukh-lviv/stat/2021-2022/;high
tm:82599;Валерій Федорчук;rukh-lviv;15;2;1;;https://www.sports.ru/football/club/rukh-lviv/stat/2021-2022/;high
tm:102572;Юрій Паньків;rukh-lviv;14;0;0;;https://www.sports.ru/football/club/rukh-lviv/stat/2021-2022/;high
tm:107803;Максим Білий;rukh-lviv;15;0;1;;https://www.sports.ru/football/club/rukh-lviv/stat/2021-2022/;high
tm:58072;Ярослав Мартинюк;rukh-lviv;14;1;0;;https://www.sports.ru/football/club/rukh-lviv/stat/2021-2022/;high
tm:702561;Роман Дідик;rukh-lviv;9;0;0;;https://www.sports.ru/football/club/rukh-lviv/stat/2021-2022/;high
tm:337198;Богдан Бойчук;rukh-lviv;15;0;1;;https://www.sports.ru/football/club/rukh-lviv/stat/2021-2022/;high
tm:353252;Орест Кузик;rukh-lviv;9;1;0;;https://www.sports.ru/football/club/rukh-lviv/stat/2021-2022/;high
tm:381430;Фабрісіо Альваренга;rukh-lviv;9;1;0;;https://www.sports.ru/football/club/rukh-lviv/stat/2021-2022/;high
tm:740732;Таллес Бренер;rukh-lviv;9;1;0;;https://www.sports.ru/football/club/rukh-lviv/stat/2021-2022/;high
tm:316945;Мар'ян Мисик;rukh-lviv;14;0;2;;https://www.sports.ru/football/club/rukh-lviv/stat/2021-2022/;high
tm:91527;Роман Карасюк;rukh-lviv;14;0;2;;https://www.sports.ru/football/club/rukh-lviv/stat/2021-2022/;high
tm:748939;Олексій Сич;rukh-lviv;12;0;0;;https://www.sports.ru/football/club/rukh-lviv/stat/2021-2022/;high
tm:620368;Остап Притула;rukh-lviv;12;0;0;;https://www.sports.ru/football/club/rukh-lviv/stat/2021-2022/;high
tm:522327;Роман Гагун;rukh-lviv;7;0;0;;https://www.sports.ru/football/club/rukh-lviv/stat/2021-2022/;high
tm:748940;Василь Рунич;rukh-lviv;9;0;0;;https://www.sports.ru/football/club/rukh-lviv/stat/2021-2022/;high
tm:726038;Віталій Роман;rukh-lviv;6;0;0;;https://www.sports.ru/football/club/rukh-lviv/stat/2021-2022/;high
tm:533537;Ростислав Лях;rukh-lviv;7;0;0;;https://www.sports.ru/football/club/rukh-lviv/stat/2021-2022/;high
tm:365195;Андрій Кухарук;rukh-lviv;7;0;0;;https://www.sports.ru/football/club/rukh-lviv/stat/2021-2022/;high
tm:146725;Мілош Стаменкович;rukh-lviv;4;0;0;;https://www.sports.ru/football/club/rukh-lviv/stat/2021-2022/;high
tm:248936;Павло Оріховський;rukh-lviv;5;0;1;;https://www.sports.ru/football/club/rukh-lviv/stat/2021-2022/;high
tm:540186;Данило Кондраков;rukh-lviv;10;0;0;;https://www.sports.ru/football/club/rukh-lviv/stat/2021-2022/;high
tm:892049;Марко Сапуга;rukh-lviv;4;0;0;;https://www.sports.ru/football/club/rukh-lviv/stat/2021-2022/;high
tm:85969;Олександр Бандура;rukh-lviv;3;0;0;;https://www.sports.ru/football/club/rukh-lviv/stat/2021-2022/;high
tm:789583;Ярослав Карабін;rukh-lviv;2;0;0;;https://www.sports.ru/football/club/rukh-lviv/stat/2021-2022/;high
w:1987-00-00:fedik;Іван Федик;rukh-lviv;;;0;;https://www.sports.ru/football/club/rukh-lviv/stat/2021-2022/;not_on_site
w:2001-00-00:osaze;Осазе Де Розаріо;rukh-lviv;2;0;0;;https://www.sports.ru/football/club/rukh-lviv/stat/2021-2022/;high
tm:371256;Тете;shakhtar-donetsk;17;9;1;;https://www.sports.ru/football/club/shakhtar/stat/2021-2022/;high
tm:289059;Микола Матвієнко;shakhtar-donetsk;14;1;1;;https://www.sports.ru/football/club/shakhtar/stat/2021-2022/;high
tm:537844;Анатолій Трубін;shakhtar-donetsk;12;0;0;;https://www.sports.ru/football/club/shakhtar/stat/2021-2022/;high
tm:551695;Лассіна Траоре;shakhtar-donetsk;7;6;0;;https://www.sports.ru/football/club/shakhtar/stat/2021-2022/;high
tm:396638;Манор Соломон;shakhtar-donetsk;16;4;1;;https://www.sports.ru/football/club/shakhtar/stat/2021-2022/;high
tm:623325;Георгій Судаков;shakhtar-donetsk;10;4;1;;https://www.sports.ru/football/club/shakhtar/stat/2021-2022/;high
tm:401529;Додо;shakhtar-donetsk;14;0;4;;https://www.sports.ru/football/club/shakhtar/stat/2021-2022/;high
tm:515208;Педріньйо;shakhtar-donetsk;11;3;2;;https://www.sports.ru/football/club/shakhtar/stat/2021-2022/;high
tm:550495;Фернандо;shakhtar-donetsk;7;5;2;;https://www.sports.ru/football/club/shakhtar/stat/2021-2022/;high
tm:68778;Марлос;shakhtar-donetsk;14;2;4;;https://www.sports.ru/football/club/shakhtar/stat/2021-2022/;high
tm:59970;Тарас Степаненко;shakhtar-donetsk;13;2;1;;https://www.sports.ru/football/club/shakhtar/stat/2021-2022/;high
tm:124028;Ісмаїлі;shakhtar-donetsk;12;0;1;;https://www.sports.ru/football/club/shakhtar/stat/2021-2022/;high
tm:273236;Марлон;shakhtar-donetsk;12;0;0;;https://www.sports.ru/football/club/shakhtar/stat/2021-2022/;high
tm:537860;Михайло Мудрик;shakhtar-donetsk;11;2;6;;https://www.sports.ru/football/club/shakhtar/stat/2021-2022/;high
tm:104505;Алан Патрік;shakhtar-donetsk;11;2;4;;https://www.sports.ru/football/club/shakhtar/stat/2021-2022/;high
tm:467250;Юхим Конопля;shakhtar-donetsk;9;1;4;;https://www.sports.ru/football/club/shakhtar/stat/2021-2022/;high
tm:468301;Маркос Антоніо;shakhtar-donetsk;17;1;1;;https://www.sports.ru/football/club/shakhtar/stat/2021-2022/;high
tm:417228;Данило Сікан;shakhtar-donetsk;11;2;0;;https://www.sports.ru/football/club/shakhtar/stat/2021-2022/;high
tm:467243;Віктор Корнієнко;shakhtar-donetsk;10;1;2;;https://www.sports.ru/football/club/shakhtar/stat/2021-2022/;high
tm:428783;Вітао;shakhtar-donetsk;9;0;0;;https://www.sports.ru/football/club/shakhtar/stat/2021-2022/;high
tm:421935;Майкон;shakhtar-donetsk;15;0;1;;https://www.sports.ru/football/club/shakhtar/stat/2021-2022/;high
tm:396394;Валерій Бондар;shakhtar-donetsk;7;0;0;;https://www.sports.ru/football/club/shakhtar/stat/2021-2022/;high
tm:74089;Сергій Кривцов;shakhtar-donetsk;7;0;1;;https://www.sports.ru/football/club/shakhtar/stat/2021-2022/;high
tm:39996;Андрій П'ятов;shakhtar-donetsk;6;0;0;;https://www.sports.ru/football/club/shakhtar/stat/2021-2022/;high
tm:537854;Артем Бондаренко;shakhtar-donetsk;6;1;1;;https://www.sports.ru/football/club/shakhtar/stat/2021-2022/;high
tm:52787;Дентіньйо;shakhtar-donetsk;4;1;0;;https://www.sports.ru/football/club/shakhtar/stat/2021-2022/;high
tm:52915;Жуніор Мораес;shakhtar-donetsk;1;1;0;;https://www.sports.ru/football/club/shakhtar/stat/2021-2022/;high
tm:227199;Ігор Солдат;veres-rivne;18;2;1;;https://www.sports.ru/football/club/veres/stat/2021-2022/;high
tm:315236;Геннадій Пасіч;veres-rivne;17;3;1;;https://www.sports.ru/football/club/veres/stat/2021-2022/;high
tm:120262;Дмитро Немчанінов;veres-rivne;17;1;2;;https://www.sports.ru/football/club/veres/stat/2021-2022/;high
tm:321165;Михайло Шестаков;veres-rivne;15;3;0;;https://www.sports.ru/football/club/veres/stat/2021-2022/;high
tm:70923;Богдан Когут;veres-rivne;18;0;0;;https://www.sports.ru/football/club/veres/stat/2021-2022/;high
tm:382895;Роман Гончаренко;veres-rivne;18;0;0;;https://www.sports.ru/football/club/veres/stat/2021-2022/;high
tm:39637;Роман Мірошник;veres-rivne;17;0;0;;https://www.sports.ru/football/club/veres/stat/2021-2022/;high
tm:307053;Сергій Панасенко;veres-rivne;16;1;1;;https://www.sports.ru/football/club/veres/stat/2021-2022/;high
tm:273341;Валерій Кучеров;veres-rivne;16;1;1;;https://www.sports.ru/football/club/veres/stat/2021-2022/;high
tm:315237;Євген Пасіч;veres-rivne;14;1;1;;https://www.sports.ru/football/club/veres/stat/2021-2022/;high
w:1996-00-00:dmitri;Дмитро Махнєв;veres-rivne;8;1;0;;https://www.sports.ru/football/club/veres/stat/2021-2022/;check_name
tm:166584;Микита Полюлях;veres-rivne;16;0;0;;https://www.sports.ru/football/club/veres/stat/2021-2022/;high
tm:688714;Віталій Дахновський;veres-rivne;15;0;0;;https://www.sports.ru/football/club/veres/stat/2021-2022/;high
tm:243841;Михайло Сергійчук;veres-rivne;17;1;1;;https://www.sports.ru/football/club/veres/stat/2021-2022/;high
tm:353584;Сергій Петько;veres-rivne;12;0;0;;https://www.sports.ru/football/club/veres/stat/2021-2022/;high
w:1993-00-00:timofenko;Віталій Тимофеєнко;veres-rivne;11;0;0;;https://www.sports.ru/football/club/veres/stat/2021-2022/;high
w:1993-00-00:hehedosh;Роберт Гегедош;veres-rivne;14;1;1;;https://www.sports.ru/football/club/veres/stat/2021-2022/;high
tm:520517;Михаіл Гечев;veres-rivne;11;0;0;;https://www.sports.ru/football/club/veres/stat/2021-2022/;high
tm:221955;Сергій Шестаков;veres-rivne;2;0;0;;https://www.sports.ru/football/club/veres/stat/2021-2022/;high
tm:860701;Микола Гайдучик;veres-rivne;2;0;0;;https://www.sports.ru/football/club/veres/stat/2021-2022/;high
tm:287015;Олів'є Тілль;vorskla-poltava;16;8;7;;https://www.sports.ru/football/club/vorskla/stat/2021-2022/;high
tm:543380;Ібрагім Кане;vorskla-poltava;17;2;1;;https://www.sports.ru/football/club/vorskla/stat/2021-2022/;high
tm:222079;Руслан Степанюк;vorskla-poltava;16;6;2;;https://www.sports.ru/football/club/vorskla/stat/2021-2022/;high
tm:597880;Дмитро Ризник;vorskla-poltava;17;0;0;;https://www.sports.ru/football/club/vorskla/stat/2021-2022/;high
w:1994-00-00:lukas;Лукас Ранжел;vorskla-poltava;12;4;1;;https://www.sports.ru/football/club/vorskla/stat/2021-2022/;high
tm:111556;Йоонас Тамм;vorskla-poltava;15;1;0;;https://www.sports.ru/football/club/vorskla/stat/2021-2022/;high
w:1988-00-00:chesnakov;Володимир Чеснаков;vorskla-poltava;16;1;0;;https://www.sports.ru/football/club/vorskla/stat/2021-2022/;high
tm:543493;Наджиб Якубу;vorskla-poltava;16;0;0;;https://www.sports.ru/football/club/vorskla/stat/2021-2022/;high
tm:91479;Сергій Яворський;vorskla-poltava;15;0;0;;https://www.sports.ru/football/club/vorskla/stat/2021-2022/;high
tm:197078;Давид Пуцлін;vorskla-poltava;14;1;1;;https://www.sports.ru/football/club/vorskla/stat/2021-2022/;high
tm:91801;Олександр Скляр;vorskla-poltava;12;1;4;;https://www.sports.ru/football/club/vorskla/stat/2021-2022/;high
tm:511909;Артем Челядін;vorskla-poltava;18;0;0;;https://www.sports.ru/football/club/vorskla/stat/2021-2022/;high
tm:201671;Ігор Пердута;vorskla-poltava;18;0;2;;https://www.sports.ru/football/club/vorskla/stat/2021-2022/;high
tm:751363;Данило Кравчук;vorskla-poltava;9;1;0;;https://www.sports.ru/football/club/vorskla/stat/2021-2022/;high
tm:115133;Іван Пешич;vorskla-poltava;15;1;1;;https://www.sports.ru/football/club/vorskla/stat/2021-2022/;high
tm:624883;Амількар Коджові;vorskla-poltava;7;1;0;;https://www.sports.ru/football/club/vorskla/stat/2021-2022/;high
tm:428603;Богдан Кушніренко;vorskla-poltava;6;0;0;;https://www.sports.ru/football/club/vorskla/stat/2021-2022/;high
tm:526578;Владислав Вакула;vorskla-poltava;6;0;0;;https://www.sports.ru/football/club/vorskla/stat/2021-2022/;high
tm:365540;Валерій Бондаренко;vorskla-poltava;4;0;0;;https://www.sports.ru/football/club/vorskla/stat/2021-2022/;high
tm:771914;Євген Павлюк;vorskla-poltava;4;0;0;;https://www.sports.ru/football/club/vorskla/stat/2021-2022/;high
tm:122361;Адерінсола Есеола;vorskla-poltava;2;0;0;;https://www.sports.ru/football/club/vorskla/stat/2021-2022/;high
tm:884849;Данило Хрипчук;vorskla-poltava;2;0;0;;https://www.sports.ru/football/club/vorskla/stat/2021-2022/;high
tm:518723;Луїзао;vorskla-poltava;2;0;0;;https://www.sports.ru/football/club/vorskla/stat/2021-2022/;high
tm:889438;Ілля Крупський;vorskla-poltava;1;0;0;;https://www.sports.ru/football/club/vorskla/stat/2021-2022/;high
tm:174213;Олександр Ткаченко;vorskla-poltava;1;0;0;;https://www.sports.ru/football/club/vorskla/stat/2021-2022/;high
tm:887142;Іван Нестеренко;vorskla-poltava;1;0;0;;https://www.sports.ru/football/club/vorskla/stat/2021-2022/;high
tm:480975;Аллахьяр Сайядманеш;zorya-luhansk;16;7;4;;https://www.sports.ru/football/club/zarya/stat/2021-2022/;high
tm:248932;Владислав Кочергін;zorya-luhansk;10;5;2;;https://www.sports.ru/football/club/zarya/stat/2021-2022/;high
tm:94924;Максим Імереков;zorya-luhansk;18;1;1;;https://www.sports.ru/football/club/zarya/stat/2021-2022/;high
tm:350828;Шахаб Захеді;zorya-luhansk;16;6;3;;https://www.sports.ru/football/club/zarya/stat/2021-2022/;high
tm:53270;Олександр Гладкий;zorya-luhansk;16;5;3;;https://www.sports.ru/football/club/zarya/stat/2021-2022/;high
tm:289095;Денис Фаворов;zorya-luhansk;16;1;2;;https://www.sports.ru/football/club/zarya/stat/2021-2022/;high
tm:837005;Раймонд Овусу;zorya-luhansk;13;4;0;;https://www.sports.ru/football/club/zarya/stat/2021-2022/;high_manual
w:1993-00-00:dmitri;Дмитро Мацапура;zorya-luhansk;14;0;0;;https://www.sports.ru/football/club/zarya/stat/2021-2022/;high
tm:404846;Сергій Булеца;zorya-luhansk;16;2;2;;https://www.sports.ru/football/club/zarya/stat/2021-2022/;high
tm:122088;Артем Громов;zorya-luhansk;14;1;2;;https://www.sports.ru/football/club/zarya/stat/2021-2022/;high
tm:430190;Єгор Назарина;zorya-luhansk;13;1;1;;https://www.sports.ru/football/club/zarya/stat/2021-2022/;high
tm:675878;Крістіан;zorya-luhansk;13;1;1;;https://www.sports.ru/football/club/zarya/stat/2021-2022/;high
tm:59973;Віталій Вернидуб;zorya-luhansk;12;0;1;;https://www.sports.ru/football/club/zarya/stat/2021-2022/;high
w:1995-00-00:junior;Жуніор Рейс;zorya-luhansk;11;0;1;;https://www.sports.ru/football/club/zarya/stat/2021-2022/;high_manual
tm:401822;Максим Луньов;zorya-luhansk;10;1;2;;https://www.sports.ru/football/club/zarya/stat/2021-2022/;high
tm:210689;Владислав Кабаєв;zorya-luhansk;11;1;1;;https://www.sports.ru/football/club/zarya/stat/2021-2022/;high
tm:419119;Ігор Снурніцин;zorya-luhansk;9;0;0;;https://www.sports.ru/football/club/zarya/stat/2021-2022/;high
tm:317467;Ловро Цвек;zorya-luhansk;14;0;0;;https://www.sports.ru/football/club/zarya/stat/2021-2022/;high
tm:59896;Дмитро Хомченовський;zorya-luhansk;14;0;1;;https://www.sports.ru/football/club/zarya/stat/2021-2022/;high
tm:80312;Микита Шевченко;zorya-luhansk;5;0;0;;https://www.sports.ru/football/club/zarya/stat/2021-2022/;high
tm:460591;Агрон Руфаті;zorya-luhansk;4;0;0;;https://www.sports.ru/football/club/zarya/stat/2021-2022/;high
tm:343175;Ахмед Алібеков;zorya-luhansk;3;1;0;;https://www.sports.ru/football/club/zarya/stat/2021-2022/;high
tm:892053;Денис Нагнойний;zorya-luhansk;2;0;0;;https://www.sports.ru/football/club/zarya/stat/2021-2022/;high
w:2000-00-00:alefirenko;Данило Алефіренко;zorya-luhansk;1;0;0;;https://www.sports.ru/football/club/zarya/stat/2021-2022/;high
tm:373044;Максим Казаков;zorya-luhansk;1;0;0;;https://www.sports.ru/football/club/zarya/stat/2021-2022/;high
