club;club_name;player;person_id;apps;goals
chornomorets-odesa;Чорноморець (Одеса);Артур Авагімян;tm:244904;18;5
chornomorets-odesa;Чорноморець (Одеса);Владислав Ванат;tm:631821;17;3
chornomorets-odesa;Чорноморець (Одеса);Микола Михайленко;tm:626475;15;2
chornomorets-odesa;Чорноморець (Одеса);Євген Смирний;tm:396532;9;2
chornomorets-odesa;Чорноморець (Одеса);Владислав Бугай;tm:396411;16;2
chornomorets-odesa;Чорноморець (Одеса);Євген Ісаєнко;tm:539441;17;2
chornomorets-odesa;Чорноморець (Одеса);Ілля Путря;tm:396400;14;1
chornomorets-odesa;Чорноморець (Одеса);Валерій Дубко;tm:787776;18;0
chornomorets-odesa;Чорноморець (Одеса);Георгій Цитаїшвілі;tm:419067;13;1
chornomorets-odesa;Чорноморець (Одеса);Владислав Кучерук;tm:404838;15;0
chornomorets-odesa;Чорноморець (Одеса);Юрій Тлумак;tm:748838;13;1
chornomorets-odesa;Чорноморець (Одеса);Денис Кузик;tm:723621;14;0
chornomorets-odesa;Чорноморець (Одеса);Максим Брагару;tm:695310;14;0
chornomorets-odesa;Чорноморець (Одеса);Бека Вачиберадзе;w:1996-00-00:beka;14;0
chornomorets-odesa;Чорноморець (Одеса);Мохаммед Кадірі;tm:442942;13;0
chornomorets-odesa;Чорноморець (Одеса);Данило Скорко;w:2002-00-00:danil;10;0
chornomorets-odesa;Чорноморець (Одеса);Роман Вантух;tm:396536;9;0
chornomorets-odesa;Чорноморець (Одеса);Крістіан Біловар;tm:539436;8;0
chornomorets-odesa;Чорноморець (Одеса);Богдан Білошевський;tm:461670;7;0
chornomorets-odesa;Чорноморець (Одеса);Петро Долгов;w:2000-00-00:dolhov;2;1
chornomorets-odesa;Чорноморець (Одеса);Олексій Паламарчук;tm:58939;1;0
chornomorets-odesa;Чорноморець (Одеса);Данило Алефіренко;tm:755174;1;0
chornomorets-odesa;Чорноморець (Одеса);Вадим Мащенко;w:2000-00-00:maschenko;1;0
chornomorets-odesa;Чорноморець (Одеса);Євген Мартиненко;tm:292570;1;0
chornomorets-odesa;Чорноморець (Одеса);Андрій Штогрин;tm:581782;4;0
chornomorets-odesa;Чорноморець (Одеса);Данило Варакута;tm:678503;2;0
desna-chernihiv;Десна (Чернігів);Денис Безбородько;tm:269371;18;7
desna-chernihiv;Десна (Чернігів);Тарас Завійський;w:1990-00-00:taras;18;3
desna-chernihiv;Десна (Чернігів);Владислав Калітвінцев;tm:108710;16;3
desna-chernihiv;Десна (Чернігів);Андрій Тотовицький;tm:277777;13;3
desna-chernihiv;Десна (Чернігів);Вікентій Волошин;tm:470831;11;2
desna-chernihiv;Десна (Чернігів);Леван Арвеладзе;tm:168292;15;1
desna-chernihiv;Десна (Чернігів);Олександр Сафронов;tm:467241;16;0
desna-chernihiv;Десна (Чернігів);Євген Паст;tm:49016;15;0
desna-chernihiv;Десна (Чернігів);Євген Цимбалюк;tm:376226;15;0
desna-chernihiv;Десна (Чернігів);Ігор Литовка;tm:93105;13;0
desna-chernihiv;Десна (Чернігів);Андрій Домбровський;tm:381273;16;0
desna-chernihiv;Десна (Чернігів);Єгор Картушов;tm:94925;15;0
desna-chernihiv;Десна (Чернігів);Максим Дегтярьов;tm:193323;11;1
desna-chernihiv;Десна (Чернігів);Пилип Будківський;tm:99863;18;1
desna-chernihiv;Десна (Чернігів);Владлен Юрченко;tm:157373;7;1
desna-chernihiv;Десна (Чернігів);Сергій Болбат;tm:264063;13;0
desna-chernihiv;Десна (Чернігів);Роман Мисак;tm:117481;5;0
desna-chernihiv;Десна (Чернігів);Олександр Масалов;w:1997-00-00:aleksandr;6;0
desna-chernihiv;Десна (Чернігів);Вадим Жук;w:1991-00-00:vadim;5;0
desna-chernihiv;Десна (Чернігів);Ілля Шевцов;tm:383198;12;0
desna-chernihiv;Десна (Чернігів);Олексій Ковтун;tm:363063;4;0
desna-chernihiv;Десна (Чернігів);Олексій Гуцуляк;tm:296366;2;0
desna-chernihiv;Десна (Чернігів);Крістіан Біловар;tm:539436;1;0
desna-chernihiv;Десна (Чернігів);Євген Беліч;w:2001-00-00:belich;1;0
dnipro-1;СК Дніпро-1;Артем Довбик;tm:343537;17;14
dnipro-1;СК Дніпро-1;Олександр Піхальонок;tm:294780;14;5
dnipro-1;СК Дніпро-1;Олексій Гуцуляк;tm:296366;13;4
dnipro-1;СК Дніпро-1;Олександр Сваток;tm:244271;18;0
dnipro-1;СК Дніпро-1;Данило Ігнатенко;tm:376082;14;3
dnipro-1;СК Дніпро-1;Валентин Кожокару;w:1995-00-00:kojokaru;14;0
dnipro-1;СК Дніпро-1;Олександр Назаренко;tm:495920;16;2
dnipro-1;СК Дніпро-1;Владислав Дубинчак;tm:366723;16;0
dnipro-1;СК Дніпро-1;Маріо Чуже;tm:376445;14;2
dnipro-1;СК Дніпро-1;Микита Кравченко;tm:370399;14;0
dnipro-1;СК Дніпро-1;Володимир Адамюк;tm:273663;11;1
dnipro-1;СК Дніпро-1;Валерій Лучкевич;tm:248934;13;0
dnipro-1;СК Дніпро-1;Сергій Логінов;tm:110688;10;1
dnipro-1;СК Дніпро-1;Білл;tm:659886;11;1
dnipro-1;СК Дніпро-1;Євген Підлепенець;tm:678783;18;0
dnipro-1;СК Дніпро-1;Назарій Русин;tm:366729;8;1
dnipro-1;СК Дніпро-1;Франсіско Ді Франко;tm:274058;16;0
dnipro-1;СК Дніпро-1;Нелсон Монте;w:1993-00-00:monte;8;0
dnipro-1;СК Дніпро-1;Ігор Когут;tm:448868;13;0
dnipro-1;СК Дніпро-1;Єгор Ярмолюк;tm:717411;7;0
dnipro-1;СК Дніпро-1;Євген Паст;tm:49016;4;0
dnipro-1;СК Дніпро-1;Арсеній Батагов;tm:665048;3;0
inhulets-petrove;Інгулець (Петрове);Владислав Шарай;tm:520400;15;2
inhulets-petrove;Інгулець (Петрове);Павло Полегенько;tm:216579;17;1
inhulets-petrove;Інгулець (Петрове);Майкл Стефен;w:2000-00-00:maikl;16;2
inhulets-petrove;Інгулець (Петрове);Артем Ситало;tm:320247;13;2
inhulets-petrove;Інгулець (Петрове);Максим Ковальов;tm:58402;15;1
inhulets-petrove;Інгулець (Петрове);Олександр Козак;tm:375180;16;1
inhulets-petrove;Інгулець (Петрове);Ілля Коваленко;tm:177267;13;1
inhulets-petrove;Інгулець (Петрове);Младен Бартулович;tm:28179;12;1
inhulets-petrove;Інгулець (Петрове);Мохамед Бен Салем;tm:295429;13;0
inhulets-petrove;Інгулець (Петрове);Євген Опанасенко;tm:86931;13;0
inhulets-petrove;Інгулець (Петрове);Дмитро Поспєлов;tm:108866;10;1
inhulets-petrove;Інгулець (Петрове);Євген Запорожець;tm:380554;17;0
inhulets-petrove;Інгулець (Петрове);Євген Гальчук;tm:59022;12;0
inhulets-petrove;Інгулець (Петрове);Михайло Шишка;tm:168041;14;0
inhulets-petrove;Інгулець (Петрове);Михайло Плохотнюк;tm:515669;9;1
inhulets-petrove;Інгулець (Петрове);Хеннос Асмелаш;tm:339323;12;0
inhulets-petrove;Інгулець (Петрове);Андрій Коробенко;tm:347804;11;0
inhulets-petrove;Інгулець (Петрове);Богдан Шуст;tm:38297;5;0
inhulets-petrove;Інгулець (Петрове);Іван Головкін;tm:581405;7;0
inhulets-petrove;Інгулець (Петрове);Максим Мельничук;tm:461666;4;0
inhulets-petrove;Інгулець (Петрове);Владислав Лупашко;tm:53258;4;0
inhulets-petrove;Інгулець (Петрове);Віталій Павлов;tm:59115;3;0
inhulets-petrove;Інгулець (Петрове);Артем Смоляков;tm:962090;2;0
kolos-kovalivka;Колос (Ковалівка);Олег Ільїн;tm:495923;16;2
kolos-kovalivka;Колос (Ковалівка);Олександр Чорноморець;tm:167555;15;2
kolos-kovalivka;Колос (Ковалівка);Євген Волинець;tm:166581;10;0
kolos-kovalivka;Колос (Ковалівка);Володимир Лисенко;tm:58413;16;2
kolos-kovalivka;Колос (Ковалівка);Вадим Мілько;tm:58418;17;1
kolos-kovalivka;Колос (Ковалівка);Денис Костишин;w:1989-00-00:denis;16;1
kolos-kovalivka;Колос (Ковалівка);Кирило Петров;tm:58427;13;0
kolos-kovalivka;Колос (Ковалівка);Анатолій Нурієв;tm:570743;13;1
kolos-kovalivka;Колос (Ковалівка);Дієго Каріока;tm:687881;11;1
kolos-kovalivka;Колос (Ковалівка);Євген Новак;tm:91358;9;1
kolos-kovalivka;Колос (Ковалівка);Матія Ром;tm:320861;11;0
kolos-kovalivka;Колос (Ковалівка);Олександр Демченко;tm:463845;11;0
kolos-kovalivka;Колос (Ковалівка);Андрій Богданов;tm:92567;14;0
kolos-kovalivka;Колос (Ковалівка);Ренан;w:1997-00-00:renan;12;1
kolos-kovalivka;Колос (Ковалівка);Ніка Сітчінава;w:1994-00-00:nika;17;1
kolos-kovalivka;Колос (Ковалівка);В'ячеслав Чурко;tm:131553;16;1
kolos-kovalivka;Колос (Ковалівка);Євген Задоя;tm:59978;12;0
kolos-kovalivka;Колос (Ковалівка);Микола Золотов;tm:297752;12;0
kolos-kovalivka;Колос (Ковалівка);Віталій Гавриш;tm:59038;6;0
kolos-kovalivka;Колос (Ковалівка);Тарас Саків;tm:498899;6;0
kolos-kovalivka;Колос (Ковалівка);Кирило Фесюн;tm:751977;5;0
kolos-kovalivka;Колос (Ковалівка);Альваро Нгамба;tm:290571;4;0
kolos-kovalivka;Колос (Ковалівка);Владислав Велетень;tm:729781;2;0
kolos-kovalivka;Колос (Ковалівка);Мамаду Данфа;tm:649029;2;0
kolos-kovalivka;Колос (Ковалівка);Антон Салабай;tm:892025;1;0
kolos-kovalivka;Колос (Ковалівка);Станіслав Сорокін;tm:418896;1;0
kolos-kovalivka;Колос (Ковалівка);Володимир Маханьков;tm:294723;3;0
metalist-1925;Металіст 1925 (Харків);Марлісон;tm:542597;14;5
metalist-1925;Металіст 1925 (Харків);Юрій Батюшин;w:1992-00-00:batiushin;15;3
metalist-1925;Металіст 1925 (Харків);Дмитро Криськів;tm:537852;16;2
metalist-1925;Металіст 1925 (Харків);Артем Габелок;tm:213974;18;1
metalist-1925;Металіст 1925 (Харків);Денис Сидоренко;tm:59446;16;0
metalist-1925;Металіст 1925 (Харків);Андрій Ременюк;tm:497221;17;1
metalist-1925;Металіст 1925 (Харків);Михайло Шершень;tm:385416;17;0
metalist-1925;Металіст 1925 (Харків);Віталій Єрмаков;tm:169260;16;0
metalist-1925;Металіст 1925 (Харків);Олег Голодюк;tm:58016;12;1
metalist-1925;Металіст 1925 (Харків);Артур Западня;tm:111074;12;1
metalist-1925;Металіст 1925 (Харків);Євгеній Ткачук;tm:86466;12;0
metalist-1925;Металіст 1925 (Харків);Сергій Ченбай;tm:226014;12;0
metalist-1925;Металіст 1925 (Харків);Антон Савін;tm:59290;16;0
metalist-1925;Металіст 1925 (Харків);Фабінью;w:1996-00-00:fabino;15;0
metalist-1925;Металіст 1925 (Харків);Євген Протасов;tm:567880;15;0
metalist-1925;Металіст 1925 (Харків);Ілля Зубков;tm:393975;10;1
metalist-1925;Металіст 1925 (Харків);Дмитро Кравченко;tm:255638;6;1
metalist-1925;Металіст 1925 (Харків);Максим Задерака;tm:325429;10;0
metalist-1925;Металіст 1925 (Харків);Соломон Кверквелія;w:1992-00-00:kverkvelia;6;0
metalist-1925;Металіст 1925 (Харків);Владислав Дмитренко;tm:464619;6;0
metalist-1925;Металіст 1925 (Харків);Максим Жичиков;tm:59136;3;0
metalist-1925;Металіст 1925 (Харків);Максим Коваленко;w:2002-00-00:kovalenko;1;0
metalist-1925;Металіст 1925 (Харків);Віталій Пономар;tm:90769;1;0
metalist-1925;Металіст 1925 (Харків);Владислав Островський;tm:965929;1;0
metalist-1925;Металіст 1925 (Харків);Амар Квакич;w:2002-00-00:amar;1;0
metalist-1925;Металіст 1925 (Харків);Іван Коваленко;tm:560110;1;0
metalist-1925;Металіст 1925 (Харків);Юрій Потімков;tm:951690;1;0
minaj;Минай;Олег Вишневський;tm:562484;13;3
minaj;Минай;Данило Кучер;tm:427341;16;0
minaj;Минай;Рустам Ахмедзаде;tm:792844;12;2
minaj;Минай;Антон Байдал;tm:699842;12;2
minaj;Минай;Ігор Гончар;tm:201625;18;0
minaj;Минай;Олег Горін;tm:539738;13;2
minaj;Минай;Олександр Петрусенко;tm:461657;18;0
minaj;Минай;Ельдар Кулієв;tm:819493;17;0
minaj;Минай;Міслав Матич;tm:651388;11;0
minaj;Минай;Олег Синегуб;w:1989-00-00:oleh;15;0
minaj;Минай;Олексій Хахльов;tm:404847;15;0
minaj;Минай;Сіака Багайоко;tm:401987;10;0
minaj;Минай;Богдан Векляк;tm:752691;10;0
minaj;Минай;Євген Селезньов;tm:59908;16;1
minaj;Минай;Данило Книш;tm:268697;14;1
minaj;Минай;Дмитро Білоног;tm:204348;15;1
minaj;Минай;Михаіл Гечев;tm:520517;13;0
minaj;Минай;Богдан Коваленко;w:1997-00-00:bohdan;12;0
minaj;Минай;Віктор Лиховидько;w:1992-00-00:lihovidko;7;0
minaj;Минай;Андрій Семенко;tm:379977;6;0
minaj;Минай;Герман Пеньков;tm:375659;3;0
minaj;Минай;Сергій Мякушко;tm:193158;3;0
minaj;Минай;Едвард Кобак;w:2002-00-00:edvard;9;0
oleksandriya;Олександрія;Олег Білик;tm:449084;18;0
oleksandriya;Олександрія;Максим Третьяков;tm:248938;17;5
oleksandriya;Олександрія;Владислав Бабогло;tm:567873;16;2
oleksandriya;Олександрія;Каспарс Дубра;tm:85506;14;2
oleksandriya;Олександрія;Денис Мірошніченко;tm:244262;18;0
oleksandriya;Олександрія;Андрій Цуріков;tm:155964;18;0
oleksandriya;Олександрія;Іван Калюжний;tm:343151;16;2
oleksandriya;Олександрія;Олег Кожушко;tm:343492;14;2
oleksandriya;Олександрія;Клаудіо Спінеллі;w:1997-00-00:klaudio;17;2
oleksandriya;Олександрія;Ігор Кірюханцев;w:1996-00-00:ihor;10;1
oleksandriya;Олександрія;Кирило Ковалець;tm:140676;11;1
oleksandriya;Олександрія;Денис Устименко;tm:622410;14;1
oleksandriya;Олександрія;Кирило Дришлюк;tm:501417;14;0
oleksandriya;Олександрія;Олександр Демченко;tm:463845;14;0
oleksandriya;Олександрія;Сергій Рибалка;tm:81649;13;0
oleksandriya;Олександрія;Сергій Гринь;w:1994-00-00:hrin;5;1
oleksandriya;Олександрія;Юрій Копина;tm:432658;7;0
oleksandriya;Олександрія;Олександр Мельник;tm:418891;5;0
oleksandriya;Олександрія;Володимир Одарюк;tm:395069;16;0
oleksandriya;Олександрія;Еміль Мустафаєв;tm:892054;4;0
oleksandriya;Олександрія;Тимур Стецков;tm:549960;3;0
oleksandriya;Олександрія;Андрій Новіков;tm:525209;3;0
oleksandriya;Олександрія;Гліб Бухал;tm:381268;2;0
oleksandriya;Олександрія;Дмитро Шастал;tm:359796;1;0
pfk-lviv;ПФК Львів;Олексій Довгий;tm:91419;15;2
pfk-lviv;ПФК Львів;Шина;tm:497719;15;2
pfk-lviv;ПФК Львів;Олександр Ільющенков;tm:120966;14;0
pfk-lviv;ПФК Львів;Артур Ременяк;tm:821535;11;2
pfk-lviv;ПФК Львів;Ернест Антві;tm:359678;17;2
pfk-lviv;ПФК Львів;Володимир Якимець;tm:396402;18;1
pfk-lviv;ПФК Львів;Олександр Романчук;tm:553772;14;1
pfk-lviv;ПФК Львів;Максим Грисьо;tm:448783;14;1
pfk-lviv;ПФК Львів;Андрій Бусько;tm:524965;14;0
pfk-lviv;ПФК Львів;Сергій Політило;tm:58606;18;0
pfk-lviv;ПФК Львів;Олексій Зозуля;tm:269365;12;0
pfk-lviv;ПФК Львів;Енес Махмутович;tm:329055;12;0
pfk-lviv;ПФК Львів;Іван Брікнер;tm:295613;16;0
pfk-lviv;ПФК Львів;Дмитро Семенів;tm:392091;13;0
pfk-lviv;ПФК Львів;Фране Чир'як;tm:250416;15;1
pfk-lviv;ПФК Львів;Міхай Лека;w:1992-00-00:leka;8;0
pfk-lviv;ПФК Львів;Альваро Вієйра;tm:654385;12;0
pfk-lviv;ПФК Львів;Борис Крушинський;tm:844373;12;0
pfk-lviv;ПФК Львів;Ренан Олівейра;tm:522091;5;1
pfk-lviv;ПФК Львів;Орест Костик;tm:747315;4;0
pfk-lviv;ПФК Львів;Назарій Нич;tm:523903;18;0
pfk-lviv;ПФК Львів;Владислав Хамелюк;tm:567735;2;0
pfk-lviv;ПФК Львів;Станіслав Сорокін;w:2000-00-00:sorokin;2;0
pfk-lviv;ПФК Львів;Маруан Міхубі;tm:460644;1;0
pfk-lviv;ПФК Львів;Роман Михайлів;tm:959399;1;0
rukh-lviv;Рух (Львів);Юрій Климчук;tm:501612;15;5
rukh-lviv;Рух (Львів);Андрій Борячук;tm:203854;13;4
rukh-lviv;Рух (Львів);Валерій Федорчук;tm:82599;15;2
rukh-lviv;Рух (Львів);Юрій Паньків;tm:102572;14;0
rukh-lviv;Рух (Львів);Максим Білий;tm:107803;15;0
rukh-lviv;Рух (Львів);Ярослав Мартинюк;tm:58072;14;1
rukh-lviv;Рух (Львів);Роман Дідик;tm:702561;9;0
rukh-lviv;Рух (Львів);Богдан Бойчук;tm:337198;15;0
rukh-lviv;Рух (Львів);Орест Кузик;tm:353252;9;1
rukh-lviv;Рух (Львів);Фабрісіо Альваренга;tm:381430;9;1
rukh-lviv;Рух (Львів);Таллес Бренер;tm:740732;9;1
rukh-lviv;Рух (Львів);Мар'ян Мисик;tm:316945;14;0
rukh-lviv;Рух (Львів);Роман Карасюк;tm:91527;14;0
rukh-lviv;Рух (Львів);Олексій Сич;tm:748939;12;0
rukh-lviv;Рух (Львів);Остап Притула;tm:620368;12;0
rukh-lviv;Рух (Львів);Роман Гагун;tm:522327;7;0
rukh-lviv;Рух (Львів);Василь Рунич;tm:748940;9;0
rukh-lviv;Рух (Львів);Віталій Роман;tm:726038;6;0
rukh-lviv;Рух (Львів);Ростислав Лях;tm:533537;7;0
rukh-lviv;Рух (Львів);Андрій Кухарук;tm:365195;7;0
rukh-lviv;Рух (Львів);Мілош Стаменкович;tm:146725;4;0
rukh-lviv;Рух (Львів);Павло Оріховський;tm:248936;5;0
rukh-lviv;Рух (Львів);Данило Кондраков;tm:540186;10;0
rukh-lviv;Рух (Львів);Марко Сапуга;tm:892049;4;0
rukh-lviv;Рух (Львів);Олександр Бандура;tm:85969;3;0
rukh-lviv;Рух (Львів);Ярослав Карабін;tm:789583;2;0
rukh-lviv;Рух (Львів);Іван Федик;w:1987-00-00:fedik;2;0
rukh-lviv;Рух (Львів);Осазе Де Розаріо;w:2001-00-00:osaze;2;0
shakhtar-donetsk;Шахтар (Донецьк);Тете;tm:371256;17;9
shakhtar-donetsk;Шахтар (Донецьк);Микола Матвієнко;tm:289059;14;1
shakhtar-donetsk;Шахтар (Донецьк);Анатолій Трубін;tm:537844;12;0
shakhtar-donetsk;Шахтар (Донецьк);Лассіна Траоре;tm:551695;7;6
shakhtar-donetsk;Шахтар (Донецьк);Манор Соломон;tm:396638;16;4
shakhtar-donetsk;Шахтар (Донецьк);Георгій Судаков;tm:623325;10;4
shakhtar-donetsk;Шахтар (Донецьк);Додо;tm:401529;14;0
shakhtar-donetsk;Шахтар (Донецьк);Педріньйо;tm:515208;11;3
shakhtar-donetsk;Шахтар (Донецьк);Фернандо;tm:550495;7;5
shakhtar-donetsk;Шахтар (Донецьк);Марлос;tm:68778;14;2
shakhtar-donetsk;Шахтар (Донецьк);Тарас Степаненко;tm:59970;13;2
shakhtar-donetsk;Шахтар (Донецьк);Ісмаїлі;tm:124028;12;0
shakhtar-donetsk;Шахтар (Донецьк);Марлон;tm:273236;12;0
shakhtar-donetsk;Шахтар (Донецьк);Михайло Мудрик;tm:537860;11;2
shakhtar-donetsk;Шахтар (Донецьк);Алан Патрік;tm:104505;11;2
shakhtar-donetsk;Шахтар (Донецьк);Юхим Конопля;tm:467250;9;1
shakhtar-donetsk;Шахтар (Донецьк);Маркос Антоніо;tm:468301;17;1
shakhtar-donetsk;Шахтар (Донецьк);Данило Сікан;tm:417228;11;2
shakhtar-donetsk;Шахтар (Донецьк);Віктор Корнієнко;tm:467243;10;1
shakhtar-donetsk;Шахтар (Донецьк);Вітао;tm:428783;9;0
shakhtar-donetsk;Шахтар (Донецьк);Майкон;tm:421935;15;0
shakhtar-donetsk;Шахтар (Донецьк);Валерій Бондар;tm:396394;7;0
shakhtar-donetsk;Шахтар (Донецьк);Сергій Кривцов;tm:74089;7;0
shakhtar-donetsk;Шахтар (Донецьк);Андрій П'ятов;tm:39996;6;0
shakhtar-donetsk;Шахтар (Донецьк);Артем Бондаренко;tm:537854;6;1
shakhtar-donetsk;Шахтар (Донецьк);Дентіньйо;tm:52787;4;1
shakhtar-donetsk;Шахтар (Донецьк);Жуніор Мораес;tm:52915;1;1
veres-rivne;Верес (Рівне);Ігор Солдат;tm:227199;18;2
veres-rivne;Верес (Рівне);Геннадій Пасіч;tm:315236;17;3
veres-rivne;Верес (Рівне);Дмитро Немчанінов;tm:120262;17;1
veres-rivne;Верес (Рівне);Михайло Шестаков;tm:321165;15;3
veres-rivne;Верес (Рівне);Богдан Когут;tm:70923;18;0
veres-rivne;Верес (Рівне);Роман Гончаренко;tm:382895;18;0
veres-rivne;Верес (Рівне);Роман Мірошник;tm:39637;17;0
veres-rivne;Верес (Рівне);Сергій Панасенко;tm:307053;16;1
veres-rivne;Верес (Рівне);Валерій Кучеров;tm:273341;16;1
veres-rivne;Верес (Рівне);Євген Пасіч;tm:315237;14;1
veres-rivne;Верес (Рівне);Дмитро Махнєв;w:1996-00-00:dmitri;8;1
veres-rivne;Верес (Рівне);Микита Полюлях;tm:166584;16;0
veres-rivne;Верес (Рівне);Віталій Дахновський;tm:688714;15;0
veres-rivne;Верес (Рівне);Михайло Сергійчук;tm:243841;17;1
veres-rivne;Верес (Рівне);Сергій Петько;tm:353584;12;0
veres-rivne;Верес (Рівне);Віталій Тимофеєнко;w:1993-00-00:timofenko;12;0
veres-rivne;Верес (Рівне);Роберт Гегедош;w:1993-00-00:hehedosh;14;1
veres-rivne;Верес (Рівне);Михаіл Гечев;tm:520517;11;0
veres-rivne;Верес (Рівне);Сергій Шестаков;tm:221955;2;0
veres-rivne;Верес (Рівне);Микола Гайдучик;tm:860701;2;0
vorskla-poltava;Ворскла (Полтава);Олів'є Тілль;tm:287015;16;8
vorskla-poltava;Ворскла (Полтава);Ібрагім Кане;tm:543380;17;2
vorskla-poltava;Ворскла (Полтава);Руслан Степанюк;tm:222079;16;6
vorskla-poltava;Ворскла (Полтава);Дмитро Ризник;tm:597880;17;0
vorskla-poltava;Ворскла (Полтава);Лукас Ранжел;w:1994-00-00:lukas;12;4
vorskla-poltava;Ворскла (Полтава);Йоонас Тамм;tm:111556;15;1
vorskla-poltava;Ворскла (Полтава);Володимир Чеснаков;w:1988-00-00:chesnakov;15;1
vorskla-poltava;Ворскла (Полтава);Наджиб Якубу;tm:543493;16;0
vorskla-poltava;Ворскла (Полтава);Сергій Яворський;tm:91479;15;0
vorskla-poltava;Ворскла (Полтава);Давид Пуцлін;tm:197078;14;1
vorskla-poltava;Ворскла (Полтава);Олександр Скляр;tm:91801;12;1
vorskla-poltava;Ворскла (Полтава);Артем Челядін;tm:511909;18;0
vorskla-poltava;Ворскла (Полтава);Ігор Пердута;tm:201671;18;0
vorskla-poltava;Ворскла (Полтава);Данило Кравчук;tm:751363;9;1
vorskla-poltava;Ворскла (Полтава);Іван Пешич;tm:115133;15;1
vorskla-poltava;Ворскла (Полтава);Амількар Коджові;tm:624883;7;1
vorskla-poltava;Ворскла (Полтава);Богдан Кушніренко;tm:428603;6;0
vorskla-poltava;Ворскла (Полтава);Владислав Вакула;tm:526578;6;0
vorskla-poltava;Ворскла (Полтава);Валерій Бондаренко;tm:365540;4;0
vorskla-poltava;Ворскла (Полтава);Євген Павлюк;tm:771914;4;0
vorskla-poltava;Ворскла (Полтава);Адерінсола Есеола;tm:122361;2;0
vorskla-poltava;Ворскла (Полтава);Данило Хрипчук;tm:884849;2;0
vorskla-poltava;Ворскла (Полтава);Луїзао;tm:518723;2;0
vorskla-poltava;Ворскла (Полтава);Ілля Крупський;tm:889438;1;0
vorskla-poltava;Ворскла (Полтава);Олександр Ткаченко;tm:174213;1;0
vorskla-poltava;Ворскла (Полтава);Іван Нестеренко;tm:887142;1;0
zorya-luhansk;Зоря (Луганськ);Аллахьяр Сайядманеш;tm:480975;16;7
zorya-luhansk;Зоря (Луганськ);Владислав Кочергін;tm:248932;10;5
zorya-luhansk;Зоря (Луганськ);Максим Імереков;tm:94924;18;1
zorya-luhansk;Зоря (Луганськ);Шахаб Захеді;tm:350828;16;6
zorya-luhansk;Зоря (Луганськ);Олександр Гладкий;tm:53270;16;5
zorya-luhansk;Зоря (Луганськ);Денис Фаворов;tm:289095;16;1
zorya-luhansk;Зоря (Луганськ);Раймонд Овусу;tm:837005;13;4
zorya-luhansk;Зоря (Луганськ);Дмитро Мацапура;w:1993-00-00:dmitri;14;0
zorya-luhansk;Зоря (Луганськ);Сергій Булеца;tm:404846;16;2
zorya-luhansk;Зоря (Луганськ);Артем Громов;tm:122088;14;1
zorya-luhansk;Зоря (Луганськ);Єгор Назарина;tm:430190;13;1
zorya-luhansk;Зоря (Луганськ);Крістіан;tm:675878;13;1
zorya-luhansk;Зоря (Луганськ);Віталій Вернидуб;tm:59973;12;0
zorya-luhansk;Зоря (Луганськ);Жуніор Рейс;w:1995-00-00:junior;11;0
zorya-luhansk;Зоря (Луганськ);Максим Луньов;tm:401822;10;1
zorya-luhansk;Зоря (Луганськ);Владислав Кабаєв;tm:210689;11;1
zorya-luhansk;Зоря (Луганськ);Ігор Снурніцин;tm:419119;9;0
zorya-luhansk;Зоря (Луганськ);Ловро Цвек;tm:317467;14;0
zorya-luhansk;Зоря (Луганськ);Дмитро Хомченовський;tm:59896;14;0
zorya-luhansk;Зоря (Луганськ);Микита Шевченко;tm:80312;5;0
zorya-luhansk;Зоря (Луганськ);Агрон Руфаті;tm:460591;4;0
zorya-luhansk;Зоря (Луганськ);Ахмед Алібеков;tm:343175;3;1
zorya-luhansk;Зоря (Луганськ);Денис Нагнойний;tm:892053;2;0
zorya-luhansk;Зоря (Луганськ);Данило Алефіренко;w:2000-00-00:alefirenko;1;0
zorya-luhansk;Зоря (Луганськ);Максим Казаков;tm:373044;1;0
