person_id,name,peak,note
w:1976-09-29:shevchenko,Андрій Шевченко,97,"власник 30.09.2026 (docs/ratings_v2.md): пік — найкраща картка людини; решта карток зсуваються на ту саму величину"
w:1974-06-03:rebrov,Сергій Ребров,93,власник 30.09.2026
tm:69015,Андрій Ярмоленко,93,власник 30.09.2026
tm:14942,Дарійо Срна,93,власник 30.09.2026
tm:9775,Олександр Шовковський,93,власник 30.09.2026
tm:39996,Андрій П'ятов,91,"власник 30.09.2026: пікова версія Шовковського сильніша за П'ятова"
tm:55735,Генріх Мхітарян,90,власник 30.09.2026
tm:59411,Марко Девич,90,власник 30.09.2026
tm:58949,Євгеній Коноплянка,90,власник 30.09.2026
tm:26267,Фернандіньйо,90,власник 30.09.2026
tm:9800,Артем Мілевський,90,власник 30.09.2026
tm:25732,Дмитро Чигринський,89,"власник 30.09.2026: перехід у «Барселону»; за формулою C пік 92 → 89"
tm:89222,Ярослав Ракицький,89,власник 30.09.2026
tm:66515,Алекс Тейшейра,89,власник 30.09.2026
tm:264372,Віктор Циганков,89,"власник 30.09.2026; Віктор (Динамо, TM 264372), не воротар Віталій Циганков (tm:774009, Нива В 1993)"
tm:343537,Артем Довбик,89,власник 30.09.2026
w:1979-03-30:timoschuk,Анатолій Тимощук,88,власник 30.09.2026
w:1986-02-28:avelino,Жажа,88,власник 30.09.2026
tm:61952,Данило Сілва,88,власник 30.09.2026
tm:9798,Максим Шацьких,88,власник 30.09.2026
tm:631821,Владислав Ванат,87,власник 30.09.2026
