id;display_uk;conf
w:1973-07-17:edin;Един Кунич;high
w:1974-08-13:titsa;Сергей Тица;check
w:1986-02-28:avelino;Жажа;high
w:1977-05-11:alves;Маркос Пауло;check
w:1984-04-15:aleisho;Леонардо;check
w:1979-01-10:alesandro;Алессандро;check
w:1983-11-11:amansio;Бетао;high
w:1986-03-19:aparesido;Леонардо;check
w:1981-06-14:blumer;Елано;high
w:1980-02-14:boaventura;Вільям Боавентура;check
w:1988-08-09:borjes;Віллян;high
w:1979-03-23:bianshim;Матеус;check
w:1980-02-14:vaskontselos;Фабіо;check
w:1981-08-03:vesli;Веслі;check
w:1978-09-20:hodoi;Годой;check
w:1973-07-19:honsalvesh;Аїлтон;check
w:1988-10-22:hilermi;Гільєрме;high
w:1980-08-27:da;Родріго;high
w:1984-02-21:da;Жадер;check
w:1986-11-24:da;Даніло Сілва;check
w:1981-08-04:da;Адсон;check
w:1987-12-09:da;Алан;check
w:1982-10-23:dantas;Родольфо;high
w:1980-06-16:de;Едмар;high
w:1985-06-13:de;Герсон Маграо;check
w:1986-04-02:de;Леонардо;check
w:1982-02-26:de;Фабіо;check
w:1979-01-03:de;Рожеріо;check
w:1981-07-18:de;Давідсон;high
w:1981-04-13:de;Роджер;check
w:1990-05-31:de;Джуліано;high
w:1985-05-14:de;Леандро;check
w:1983-08-12:de;Клебер;high
w:1985-03-08:do;Матеус;check
w:1989-02-13:dos;Джеферсон;check
w:1980-10-18:dos;Жоземар;high
w:1980-04-18:dioho;Діого Рінкон;high
w:1973-07-21:emerson;Емерсон;check
w:1975-03-04:kasemiro;Маркус;check
w:1984-12-21:konstantsia;Тіаго Констанціа;check
w:1980-06-16:lemos;Брандао;high
w:1986-05-17:lima;Северіно;check
w:1977-11-16:marselino;Андре Луїс;check
w:1976-03-22:leandro;Леандро Машаду;high
w:1985-03-13:mendes;Алсідес;high
w:1983-12-29:mesias;Леандро;check
w:1979-11-01:monteiro;Марсело;check
w:1987-06-18:moreno;Марсело Морено;high
w:1988-10-22:milomem;Гільєрме;high
w:1980-04-18:pacheko;Діого Рінкон;high
w:1981-06-07:pacheko;Сержіо;check
w:1985-10-12:pereira;Ілсіньйо;high
w:1979-11-15:pereira;Евертон;check
w:1983-02-16:pereira;Міхаель;check
w:1982-03-21:pereira;Фабіо;check
w:1988-10-14:piachentini;Дженісон;check
w:1977-02-07:ramos;Пауло Сезар;check
w:1985-05-04:roza;Фернандіньйо;high
w:1980-07-27:rosha;Батіста;check
w:1981-07-02:ribeiro;Андерсон Рібейро;check
w:1978-04-12:ribeiro;Флавіо;check
w:1990-09-27:ribeiro;Андре;high
w:1982-01-18:saraiva;Іван;check
w:1977-02-09:spadoto;Адріано Спадото;check
w:1979-04-08:toledo;Родріго Толедо;check
w:1991-04-19:trombeli;Бруно Ренан;check
w:1985-11-24:fabiano;Фабіано;check
w:1977-08-16:fereira;Вашингтон;check
w:1980-06-10:franselino;Матузалем;high
w:1981-08-19:frontini;Карлос Фронтіні;check
w:1989-06-09:avelar;Даніло Авелар;high
w:1987-03-14:almeida;Леандро Алмейда;high
w:1988-01-13:barselos;Тайсон;high
w:1980-12-29:korea;Корреа;high
w:1983-01-15:leite;Матеус;high
w:1988-05-08:pereira;Майкон;high
w:1983-11-03:pereira;Вінісіус;check
w:1983-03-23:ribeiro;Клейтон Шав'єр;check
w:1983-10-05:rodrihes;Жадсон;high
w:1987-04-12:souza;Луїс Адріано;high
tm:66515;Алекс Тейшейра;high
tm:75615;Дуглас Коста;high
tm:104351;Рамон Лопес;high
tm:73769;Зе Соарес;high
w:1984-09-19:aristid;Арістід Бансе;high
w:1982-12-12:asipenka;Дмитро Осипенко;check
w:1981-05-15:branavitski;Євген Брановицький;check
w:1981-01-09:biahanski;Павло Беганський;check
w:1973-01-27:bialkevich;Валентин Бялькевич;high
w:1982-10-16:veremko;Сергій Веремко;high
w:1977-10-28:haev;Володимир Гаєв;high
w:1974-04-08:horovoi;Борис Горовой;high
w:1960-03-05:hurinovich;Ігор Гуринович;high
w:1977-12-26:davhulevets;Павло Довгулевець;check
w:1980-09-10:danilav;Олександр Данилов;high
w:1977-08-02:dzenisiuk;Дмитро Денисюк;check
w:1973-04-17:kabelski;Сергій Кабельський;check
w:1981-05-01:kalachov;Тимофій Калачов;high
w:1979-07-06:karitska;Володимир Коритько;high
w:1986-02-27:karpovich;Максим Карпович;high
w:1980-10-05:kashevski;Микола Кашевський;high
w:1986-07-29:kovel;Леонід Ковель;high
w:1960-01-07:kondratev;Георгій Кондратьєв;high
w:1973-09-09:konopelko;Михайло Конопелько;high
w:1983-06-14:karnilenka;Сергій Корніленко;high
w:1979-11-03:kuzniatsov;Сергій Кузнецов;high
w:1970-07-07:kukalevich;Сергій Кукалевич;high
w:1981-01-04:kirilchik;Павло Кірильчик;high
w:1977-04-04:lanko;Віталій Ланько;high
w:1979-01-02:lashankov;Євген Лошанков;check
w:1984-05-25:lesko;Артур Лесько;high
w:1983-05-07:lujankov;Олександр Лужанков;high
w:1980-10-27:linov;Євген Ліньов;high
w:1977-04-23:makovski;Володимир Маковський;high
w:1970-06-12:mardas;Геннадій Мардас;high
w:1979-01-09:marhel;Юрій Мархель;high
w:1974-10-15:matveichik;Артур Матвейчик;high
w:1971-09-08:meleshko;Роман Мелешко;high
w:1979-10-24:morozov;Андрій Морозов;high
w:1968-06-24:miroshkin;Сергій Мірошкін;high
w:1978-08-19:nikitsenka;Сергій Нікітенко;check
w:1980-08-08:omelianchuk;Сергій Омельянчук;high
w:1973-09-13:ostrovski;Андрій Островський;high
w:1981-04-18:pankavets;Олексій Панковець;check
w:1981-06-24:rajkov;Ігор Рожков;check
w:1964-07-30:rodnonok;Павло Родньонок;high
w:1981-06-10:suchkov;Олексій Сучков;high
w:1971-09-05:tolkach;Олександр Толкач;high
w:1977-05-20:trapachkin;Роман Тропачкін;check
w:1973-10-19:hatskevich;Олександр Хацкевич;high
w:1978-08-30:homutovski;Василь Хомутовський;high
w:1984-03-10:tsiharav;Ян Тігорєв;check
w:1977-12-29:cheliadzinski;Артем Челядинський;high
w:1965-01-29:chernishov;Сергій Чернишов;high
w:1980-07-27:shahoika;Олександр Шагойка;high
w:1983-09-27:shapiatovski;Віталій Шап'ятовський;check
w:1980-07-06:shvidakov;Микола Швидаков;high
w:1973-08-13:shtaniuk;Сергій Штанюк;high
w:1979-08-08:iurevich;Олександр Юревич;check
w:1972-01-11:iaskovich;Сергій Яскович;high
tm:91365;Андрій Воронков;high
w:1980-11-04:akobian;Ара Акобян;high
w:1979-08-15:akobian;Арам Акобян;high
w:1984-02-01:arakelian;Арарат Аракелян;high
w:1965-09-16:arakelian;Самвел Аракелян;high
w:1989-11-20:artak;Артак Дашян;high
w:1975-05-18:demirchian;Оганес Демірчян;high
w:1979-11-14:arman;Артавазд Карамян;high
w:1984-03-15:melkonian;Самвел Мелконян;high
w:1979-08-13:melikian;Єгіше Мелікян;high
w:1975-05-15:sarkisian;Альберт Саркісян;high
w:1967-01-20:sukiasian;Ерванд Сукіасян;high
w:1968-10-29:hachatrian;Вардан Хачатрян;high
w:1973-08-28:shaheldian;Армен Шахгельдян;high
tm:55735;Генріх Мхітарян;high
tm:88102;Карлен Мкртчян;high
w:1989-08-03:ado;Даніель Аддо;high
w:1989-06-01:inkum;Самуель Інкум;high
w:1985-01-02:banhura;Ісмаель Бангура;high
w:1975-04-06:alhali;Альхалі Соума;high
w:1980-10-02:hrihol;Грігол Імедадзе;high
w:1984-12-15:davit;Давіт Імедашвілі;high
w:1971-12-02:ionanidze;Зураб Іонанідзе;high
w:1983-08-11:aladashvili;Кахабер Аладашвілі;high
w:1975-12-31:aladashvili;Кахабер Аладашвілі;high
w:1982-08-20:aleksander;Александер Амісулашвілі;high
w:1980-08-14:aphazava;Шалва Апхазава;high
w:1981-08-04:asatiani;Малхаз Асатіані;high
w:1970-12-22:babuadze;Георгій Бабуадзе;high
w:1964-04-15:brundjadze;Ніязі Брунджадзе;high
w:1980-10-26:burduli;Владімер Бурдулі;high
w:1989-10-03:habedava;Гіоргі Габедава;high
w:1968-09-01:habiskiria;Юрій Габіскірія;high
w:1974-01-06:hamtsemlidze;Паата Гамцемлідзе;high
w:1975-11-05:hahokidze;Гіоргі Гахокідзе;high
w:1988-08-17:beka;Бека Гоцірідзе;high
w:1981-01-17:hotsiridze;Реваз Гоцірідзе;high
w:1978-07-18:davitnidze;Георгій Давітнідзе;high
w:1978-10-27:daraselia;Віталій Дараселія;high
w:1972-02-26:dhebuadze;Кахабер Дгебуадзе;high
w:1976-09-26:demetradze;Георгій Деметрадзе;check
w:1980-08-20:djakobia;Лаша Джакобія;high
w:1971-06-23:djamarauli;Гоча Джамараулі;high
w:1969-11-01:djishkariani;Михайло Джишкаріані;high
w:1969-04-14:djuheli;Іван Джугелі;high
w:1971-10-14:dimitrishvili;Темурі Дімітрішвілі;high
w:1965-09-27:jorjoliani;Гоча Жоржоліані;high
w:1969-06-22:kavteladze;Анзор Кавтеладзе;high
w:1978-11-02:kaidarashvili;Олександр Кайдарашвілі;high
w:1978-02-27:kaladze;Каха Каладзе;high
w:1981-12-26:kandelaki;Ілля Канделакі;high
w:1962-12-01:kapanadze;Таріел Капанадзе;high
w:1980-06-27:dato;Дато Квірквелія;high
w:1971-08-15:hela;Гела Квітатіані;high
w:1967-08-13:kilasonia;Варлам Кіласонія;high
w:1968-06-09:kilasonia;Георгій Кіласонія;high
w:1979-08-08:lomaia;Георгі Ломая;check
w:1970-08-12:marhoshia;Темурі Маргошія;high
w:1984-07-14:martsvaladze;Отар Марцваладзе;high
w:1974-08-27:metreveli;Костянтин Метревелі;high
w:1978-10-02:mjavanadze;Кахабер Мжаванадзе;high
w:1984-10-04:modebadze;Іраклі Модебадзе;high
w:1978-11-20:lavrenti;Лавренті Мікадзе;high
w:1973-08-13:levan;Леван Мікадзе;high
w:1982-05-01:orbeladze;Сергі Орбеладзе;high
w:1974-12-23:pertia;Ромаз Пертія;high
w:1972-06-02:pophadze;Зураб Попхадзе;high
w:1975-08-12:potshveria;Михайло Поцхверія;high
w:1974-08-03:rehviashvili;Александр Рехвіашвілі;high
w:1974-11-27:mamuka;Мамука Русія;high
w:1975-11-14:siharulidze;Автанділ Сіхарулідзе;high
w:1983-10-19:dimitri;Дімітрі Татанашвілі;high
w:1964-10-04:merab;Мераб Тевзадзе;high
w:1976-05-09:trapaidze;Гоча Трапаідзе;high
w:1972-04-04:hvadahiani;Вахтанг Хвадагіані;high
w:1975-10-05:hudjadze;Шалва Худжадзе;high
w:1976-01-10:levan;Леван Цкітішвілі;high
w:1983-11-10:hiorhi;Гіоргі Цімакурідзе;high
w:1976-01-22:chaladze;Дато Чаладзе;high
w:1973-09-25:chanturia;Грігол Чантурія;high
w:1986-10-24:chelidze;Георге Челідзе;check
w:1985-03-13:chelidze;Лаша Челідзе;high
w:1970-09-07:cholokava;Володимир Чолокава;high
w:1978-11-17:chomahidze;Шота Чомахідзе;high
w:1984-10-17:chetiani;Звіаді Чхетіані;high
w:1978-02-24:chetiani;Кахабер Чхетіані;high
w:1967-10-01:chihradze;Георгій Чіхрадзе;high
w:1979-09-01:shashiashvili;Георгій Шашіашвілі;high
w:1970-09-14:hela;Гела Шекіладзе;high
w:1981-04-13:shenhelia;Іраклій Шенгелія;high
w:1977-06-03:hihiadze;Васіл Гігіадзе;high
w:1985-11-09:aleksander;Александер Гурулі;high
tm:56698;Александер Кобахідзе;high
tm:25758;Джаба Канкава;high
tm:85430;Джаба Ліпартія;high
tm:42550;Мате Гвініанідзе;high
