person_id	display_uk	name_uk	name_ru	name_en	group	dob	seasons	clubs	apps	peak
w:1975-05-14:matsihura	Володимир Мацігура	Мацігура Володимир Васильович			DF	1975-05-14	1995–2002	ЦСКА (Київ); Металіст (Харків)	47	78
w:1981-09-10:nakonechni	Микола Наконечний	Наконечний Микола Леонідович			MF	1981-09-10	2002–2004	Арсенал (Київ); Оболонь (Київ)	47	79
w:1973-03-20:shpirnov	Роман Шпірнов	Шпірнов Роман Вікторович			DF	1973-03-20	1992–1993	Буковина (Чернівці)	46	72
w:1970-10-28:liubinski	Олександр Любинський	Любинський Олександр Валентинович			MF	1970-10-28	1995–1996	Нива (Вінниця)	46	78
w:1968-01-08:markov	Віталій Марков	Марков Віталій Олександрович			DF	1968-01-08	1992–1993	Буковина (Чернівці)	45	79
w:1970-04-20:shinkarov	Андрій Шинкарьов	Шинкарьов Андрій Вікторович			DF	1970-04-20	1992–1993	Металіст (Харків)	45	79
w:1970-09-21:dziubenko	Геннадій Дзюбенко	Дзюбенко Геннадій Ігорович			MF	1970-09-21	1992–1994	Таврія (Сімферополь)	45	78
w:1971-12-27:parhomenko	Андрій Пархоменко	Пархоменко Андрій Вікторович			MF	1971-12-27	1992–1995	Таврія (Сімферополь); Нива (Тернопіль)	45	74
w:1976-10-21:chernov	Андрій Чернов	Чернов Андрій Володимирович			MF	1976-10-21	1993–1997	Дніпро (Дніпропетровськ); Кремінь (Кременчук); Кривбас (Кривий Ріг)	45	72
w:1976-03-11:hristov	Іордан Петков	Петков Іордан Хрістов			DF	1976-03-11	1997–1999	Ворскла (Полтава)	45	77
w:1979-05-28:sanjar	Роман Санжар	Санжар Роман Миколайович			MF	1979-05-28	2000–2002	Металург (Донецьк); Кривбас (Кривий Ріг)	45	79
w:1980-10-26:burduli	Владімер Бурдулі	Бурдулі Владімер			MF	1980-10-26	2006–2009	Кривбас (Кривий Ріг); Зоря (Луганськ); Таврія (Сімферополь); Говерла / Закарпаття (Ужгород)	45	76
w:1964-02-13:drahunov	Євген Драгунов	Драгунов Євген Іванович			DF	1964-02-13	1992–1993	Шахтар (Донецьк); Таврія (Сімферополь)	44	79
w:1967-07-14:kornets	Ігор Корнієць	Корнієць Ігор Васильович			MF	1967-07-14	1993–1994	Чорноморець (Одеса)	44	78
w:1969-06-08:shuliatitski	Андрій Шулятицький	Шулятицький Андрій Тарасович			MF	1969-06-08	1993–1996	Карпати (Львів)	44	77
w:1971-05-13:portnov	Ігор Портнов	Портнов Ігор Вячеславович			MF	1971-05-13	1995–1997	Кривбас (Кривий Ріг); Кремінь (Кременчук); Торпедо (Запоріжжя)	44	68
w:1979-11-27:malihin	Олександр Малигін	Малигін Олександр Володимирович			DF	1979-11-27	1995–2009	Зоря (Луганськ); Маріуполь / Іллічівець; Говерла / Закарпаття (Ужгород)	44	65
w:1978-09-15:onischenko	Денис Онищенко	Онищенко Денис Анатолійович			MF	1978-09-15	1998–2006	Динамо (Київ); Дніпро (Дніпропетровськ); Ворскла (Полтава); Зоря (Луганськ)	44	84
w:1980-11-25:ivaschenko	Валерій Іващенко	Іващенко Валерій Володимирович	Иващенко Валерий		MF	1980-11-25	1998–2011	Металург (Запоріжжя); Оболонь (Київ)	44	77
w:1979-04-04:kozir	Сергій Козир	Козир Сергій Васильович			MF	1979-04-04	1999–2004	Прикарпаття (Івано-Франківськ); Борисфен (Бориспіль); Чорноморець (Одеса); Оболонь (Київ)	44	80
w:1982-02-23:nefedov	Валентин Нєфьодов	Нєфєдов Валєнтін Валєнтіновіч			DF	1982-02-23	2003–2008	Чорноморець (Одеса); Нафтовик-Укрнафта (Охтирка); Маріуполь / Іллічівець	44	70
w:1980-08-27:baldaso	Родріго	Да Коста Родріго Балдассо			DF	1980-08-27	2004–2007	Динамо (Київ)	44	99
w:1981-06-24:rajkov	Ігор Рожков	Ражков Ігар Аляксандравіч			MF	1981-06-24	2006–2008	Кривбас (Кривий Ріг)	44	69
w:1980-11-04:maidana	Родріго Васкес	Васкез Майдана Родріго Себастьян			MF	1980-11-04	2007–2009	Чорноморець (Одеса)	44	85
w:1973-03-20:pavlov	Володимир Павлов	Павлов Володимир Вікторович			DF	1973-03-20	1992–1993	Буковина (Чернівці)	43	70
w:1971-03-07:soloviov	Сергій Соловйов	Соловйов Сергій Миколайович			DF	1971-03-07	1992–1998	Кривбас (Кривий Ріг); СК Миколаїв	43	78
w:1964-01-09:litvinov	Геннадій Літвінов	Літвінов Геннадій Юрійович			DF	1964-01-09	1992–1993	Зоря (Луганськ)	43	72
w:1962-06-05:smotrich	Юрій Смотрич	Смотрич Юрій Іванович			DF	1962-06-05	1993–1995	Чорноморець (Одеса); СК Миколаїв; Прикарпаття (Івано-Франківськ)	43	79
w:1966-01-02:timoschuk	Ігор Тімощук	Тімощук Ігор Іванович			DF	1966-01-02	1993–1994	Темп (Шепетівка)	43	78
w:1971-11-19:pavlik	Ігор Павлик	Павлик Ігор Васильович			MF	1971-11-19	1994–2003	Металург (Запоріжжя); Торпедо (Запоріжжя); Зірка (Кропивницький)	43	70
w:1974-10-01:kiriuhin	Олександр Кірюхін	Кірюхін Олександр Григорович			DF	1974-10-01	1995–2004	Зоря (Луганськ); Динамо (Київ); Кривбас (Кривий Ріг); Борисфен (Бориспіль)	43	80
w:1979-04-09:valutsa	Едуард Валуца	Валуца Едуард			DF	1979-04-09	2001–2007	Металург (Запоріжжя); Нафтовик-Укрнафта (Охтирка)	43	80
w:1975-08-26:mischenko	Віталій Міщенко	Міщенко Віталій Миколайович			MF	1975-08-26	2003–2004	Оболонь (Київ)	43	88
w:1985-03-15:ilkiv	Ігор Ільків	Ільків Ігор Богданович	Илькив Игорь		DF	1985-03-15	2008–2011	ФК Львів (2006–2012); Оболонь (Київ)	43	72
w:1983-11-03:aparesido	Вінісіус	Перейра де Сантан Вінісіус Апаресідо	Перейра де Сантана Винисиус Апаресидо		MF	1983-11-03	2009–2011	Металіст (Харків)	43	85
w:1965-01-05:voitiuk	Олександр Войтюк	Войтюк Олександр Ростиславович			DF	1965-01-05	1992–1993	Буковина (Чернівці); Торпедо (Запоріжжя); Верес (Рівне)	42	70
w:1960-02-15:tsiselski	Ігор Цісельський	Цісельський Ігор Петрович			DF	1960-02-15	1992–1993	Нива (Тернопіль); Верес (Рівне)	42	76
w:1963-08-22:kulish	Юрій Куліш	Куліш Юрій Петрович			MF	1963-08-22	1992–1995	Нива (Тернопіль); СК Миколаїв	42	76
w:1975-03-01:samoilov	Віталій Самойлов	Самойлов Віталій Олегович			MF	1975-03-01	1996–2003	Динамо (Київ); Ворскла (Полтава); Оболонь (Київ)	42	73
w:1977-12-10:datsenko	Сергій Даценко	Даценко Сергій Анатолійович			MF	1977-12-10	1996–1999	Динамо (Київ); Металург (Донецьк); Кривбас (Кривий Ріг)	42	78
w:1972-02-26:dhebuadze	Кахабер Дгебуадзе	Дгебуадзе Кахабер Віссаріонович			MF	1972-02-26	1998–2000	Нива (Тернопіль)	42	73
w:1979-09-06:kovba	Денис Ковба	Ковба Денис Юрійович			MF	1979-09-06	1998–2011	Зірка (Кропивницький); Олександрія	42	72
w:1985-08-29:samborski	Володимир Самборський	Самборський Володимир Сергійович			DF	1985-08-29	2004–2008	Металіст (Харків); ФК Харків	42	76
w:1973-01-16:zarutski	Олег Заруцький	Заруцький Олег Валентинович			MF	1973-01-16	1993–1996	Буковина (Чернівці); Темп (Шепетівка); Таврія (Сімферополь)	41	72
w:1979-08-03:hapon	Володимир Гапон	Гапон Володимир Аркадійович			MF	1979-08-03	1994–1999	Волинь (Луцьк); Чорноморець (Одеса)	41	68
