source_name,slug,in_pool,first_tm_season,last_tm_season
Arsenal Kyiv,arsenal-kyiv,yes,2001,2018
Borysfen Boryspil,borysfen-boryspil,yes,2003,2004
Bukovyna Chernivtsi,bukovyna-chernivtsi,yes,1991,2026
CSKA Kyiv,cska-kyiv,yes,1996,2001
CSKA-Borysfen Kyiv,cska-kyiv,yes,1995,1995
Chornomorets Odesa,chornomorets-odesa,yes,1991,2026
Desna Chernigiv,desna-chernihiv,yes,2018,2021
Dnipro Dnipropetrovsk,dnipro,yes,1991,2004
Dnipro Dnipropetrovsk (- 2020),dnipro,yes,2005,2016
Dynamo Kyiv,dynamo-kyiv,yes,1991,2026
Epitsentr Kamyanets-Podilskyi,epicentr,yes,2025,2026
Evis Mykolaiv,mykolaiv,yes,1991,1994
FC Kharkiv,fc-kharkiv,yes,2005,2026
FC Kudrivka,kudrivka,yes,2025,2026
FC Mariupol,mariupol,yes,2017,2021
FC Minaj,minaj,yes,2020,2023
FC Oleksandriya,oleksandriya,yes,2015,2025
FC Prykarpattya Ivano-Frankivsk,prykarpattia,yes,1991,1999
FC Sevastopol,sevastopol,yes,2010,2013
Goverla Uzhgorod (- 2016),hoverla-uzhhorod,yes,2013,2015
Goverla-Zakarpattya Uzhgorod,hoverla-uzhhorod,yes,2012,2012
Illichivets Mariupol,mariupol,yes,2002,2014
Ingulets Petrove,inhulets-petrove,yes,2020,2024
Karpaty Lviv,karpaty-lviv,yes,1991,2026
Kolos Kovalivka,kolos-kovalivka,yes,2019,2026
Kremin Kremenchuk,kremin-kremenchuk,yes,1991,1996
Kryvbas Kryvyi Rig,kryvbas,yes,1992,2026
LNZ Cherkasy,lnz-cherkasy,yes,2023,2026
Livyi Bereg Kyiv,livyi-bereh-kyiv,yes,2024,2026
Metalist 1925 Kharkiv,metalist-1925,yes,2021,2025
Metalist Kharkiv,metalist-kharkiv,yes,1991,2022
Metalurg Donetsk,metalurh-donetsk,yes,1997,2014
Metalurg Mariupol,mariupol,yes,1997,2001
Metalurg Zaporizhya,metalurh-zaporizhzhia,yes,1991,2015
NK Veres Rivne,veres-rivne,yes,2017,2026
Naftovyk Okhtyrka,naftovyk-okhtyrka,yes,1991,1991
Naftovyk-Ukrnafta Okhtyrka,naftovyk-okhtyrka,yes,2007,2007
Nyva Ternopil,nyva-ternopil,yes,1991,2000
Nyva Vinnytsia,nyva-vinnytsia,yes,1991,1996
Obolon Kyiv,obolon-kyiv,yes,2002,2026
Olimpik Donetsk,olimpik-donetsk,yes,2014,2020
PFC Lviv,fc-lviv-2008,yes,2008,2008
PFC Lviv,pfk-lviv,yes,2018,2022
PFC Oleksandriya,oleksandriya,yes,2011,2011
PFC Stal Kamyanske (-2018),stal-kamianske,yes,2016,2017
Poligraftekhnika Oleksandriya,oleksandriya,yes,2001,2002
Polissya Zhytomyr,polissya-zhytomyr,yes,2023,2026
Rukh Lviv,rukh-lviv,yes,2020,2025
SC Dnipro-1,dnipro-1,yes,2019,2023
SC Mykolaiv,mykolaiv,yes,1995,1998
SC Poltava,sc-poltava,yes,2025,2025
SC Tavriya Simferopol (-2022),tavriya-simferopol,yes,2005,2013
SKA Odessa,ska-odesa,"no (NEW, flagged)",1991,1991
Shakhtar Donetsk,shakhtar-donetsk,yes,1991,2026
Stal Alchevsk,stal-alchevsk,yes,2000,2006
Stal Dniprodzerzhynsk,stal-kamianske,yes,2015,2015
Tavriya Simferopol,tavriya-simferopol,yes,1991,2004
Temp Shepetivka,temp-shepetivka,yes,1991,1994
Torpedo Zaporizhya,torpedo-zaporizhzhia,yes,1991,1997
Veres Rivne,veres-rivne,yes,1992,1994
Volyn Lutsk,volyn-lutsk,yes,1991,2016
Vorskla Poltava,vorskla-poltava,yes,1996,2024
Vorskla-Naftogaz Poltava,vorskla-poltava,yes,2003,2004
Zakarpattya Uzhgorod,hoverla-uzhhorod,yes,2001,2009
Zirka Kirovograd,zirka-kropyvnytskyi,yes,1997,2003
Zirka Kropyvnytskyi,zirka-kropyvnytskyi,yes,2016,2017
Zirka NIBAS Kirovograd,zirka-kropyvnytskyi,yes,1995,1996
Zorya Lugansk,zorya-luhansk,yes,2006,2026
Zorya-Mals Lugansk,zorya-luhansk,yes,1991,1995
