season,date,home_slug,away_slug,home_goals,away_goals,reason
1992/93,1993-03-14,tavriya-simferopol,kremin-kremenchuk,0,3,pair of club diffs vs Wikipedia table equals this score
1993/94,1994-06-11,tavriya-simferopol,volyn-lutsk,2,1,pair of club diffs vs Wikipedia table equals this score
1995/96,1995-10-27,volyn-lutsk,tavriya-simferopol,0,3,pair of club diffs vs Wikipedia table equals this score
1995/96,1996-03-18,tavriya-simferopol,volyn-lutsk,3,0,pair of club diffs vs Wikipedia table equals this score
1995/96,1996-06-09,zorya-luhansk,nyva-ternopil,3,0,pair of club diffs vs Wikipedia table equals this score
1996/97,1996-11-17,torpedo-zaporizhzhia,cska-kyiv,3,0,pair of club diffs vs Wikipedia table equals this score
1997/98,1998-06-08,mariupol,nyva-ternopil,3,0,pair of club diffs vs Wikipedia table equals this score
1999/00,2000-04-22,chornomorets-odesa,dnipro,0,3,pair of club diffs vs Wikipedia table equals this score
2000/01,2001-06-10,kryvbas,vorskla-poltava,0,3,pair of club diffs vs Wikipedia table equals this score
2000/01,2001-06-19,metalurh-zaporizhzhia,mariupol,0,3,pair of club diffs vs Wikipedia table equals this score
2004/05,2004-11-28,tavriya-simferopol,hoverla-uzhhorod,3,0,pair of club diffs vs Wikipedia table equals this score
2004/05,2005-03-06,borysfen-boryspil,vorskla-poltava,0,3,pair of club diffs vs Wikipedia table equals this score
2006/07,2007-03-18,karpaty-lviv,metalist-kharkiv,0,3,pair of club diffs vs Wikipedia table equals this score
2007/08,2007-11-11,zorya-luhansk,vorskla-poltava,3,0,pair of club diffs vs Wikipedia table equals this score
2007/08,2008-04-19,metalist-kharkiv,karpaty-lviv,4,0,pair of club diffs vs Wikipedia table equals this score
2015/16,2016-03-05,metalurh-zaporizhzhia,hoverla-uzhhorod,0,3,forfeit after withdrawal
2015/16,2016-03-12,vorskla-poltava,metalurh-zaporizhzhia,3,0,forfeit after withdrawal
2015/16,2016-03-19,metalurh-zaporizhzhia,shakhtar-donetsk,0,3,forfeit after withdrawal
2015/16,2016-04-02,dnipro,metalurh-zaporizhzhia,3,0,forfeit after withdrawal
2015/16,2016-04-09,metalist-kharkiv,metalurh-zaporizhzhia,3,0,forfeit after withdrawal
2015/16,2016-04-16,metalurh-zaporizhzhia,stal-kamianske,0,3,forfeit after withdrawal
2015/16,2016-04-23,olimpik-donetsk,metalurh-zaporizhzhia,3,0,forfeit after withdrawal
2015/16,2016-04-30,metalurh-zaporizhzhia,chornomorets-odesa,0,3,forfeit after withdrawal
2015/16,2016-05-07,dynamo-kyiv,metalurh-zaporizhzhia,3,0,forfeit after withdrawal
2015/16,2016-05-15,metalurh-zaporizhzhia,karpaty-lviv,0,3,forfeit after withdrawal
