person_id,name,max_rating,class,intl,euro,money,awards
w:1976-09-29:shevchenko,Андрій Шевченко,95,0.958,0.93,0.94,0.96,1.00
w:1979-03-30:timoschuk,Анатолій Тимощук,88,0.923,1.00,0.91,0.73,1.00
tm:69015,Андрій Ярмоленко,93,0.902,1.00,0.78,0.79,1.00
w:1974-06-03:rebrov,Сергій Ребров,97,0.720,0.62,0.48,0.71,1.00
tm:58949,Євгеній Коноплянка,90,0.683,0.72,0.54,0.79,0.70
tm:55735,Генріх Мхітарян,97,0.683,0.79,1.00,0.91,0.17
tm:14942,Дарійо Срна,99,0.661,1.00,0.97,0.70,0.10
tm:39996,Андрій П'ятов,99,0.633,0.85,0.87,0.56,0.30
tm:9775,Олександр Шовковський,97,0.613,0.77,0.95,0.29,0.20
tm:52769,Віллян,86,0.577,0.58,0.90,0.96,0.05
tm:59032,Александар Драгович,90,0.575,0.83,0.87,0.74,0.00
tm:264372,Віктор Циганков,95,0.575,0.57,0.46,0.83,0.50
tm:26267,Фернандіньйо,93,0.556,0.44,1.00,0.90,0.05
tm:24049,Руслан Ротань,88,0.514,0.83,0.49,0.35,0.38
tm:46083,Домагой Віда,90,0.510,0.88,0.68,0.61,0.00
tm:14940,Разван Рац,92,0.504,0.94,0.71,0.46,0.00
w:1978-02-27:kaladze,Каха Каладзе,84,0.492,0.69,0.73,0.68,0.00
tm:59970,Тарас Степаненко,87,0.491,0.72,0.70,0.56,0.07
tm:9800,Артем Мілевський,92,0.485,0.42,0.43,0.59,0.53
tm:191614,Фред,86,0.481,0.27,0.80,1.00,0.05
tm:76028,Тайсон,89,0.475,0.07,1.00,0.67,0.25
tm:68778,Марлос,90,0.473,0.23,0.75,0.59,0.38
tm:9794,Олег Гусєв,90,0.469,0.82,0.65,0.51,0.00
tm:343537,Артем Довбик,99,0.454,0.34,0.18,0.91,0.47
tm:289059,Микола Матвієнко,92,0.452,0.71,0.51,0.73,0.00
tm:207877,Руслан Маліновський,84,0.444,0.59,0.34,0.83,0.15
tm:89222,Ярослав Ракицький,93,0.441,0.45,0.74,0.61,0.07
w:1987-03-19:eremenko,Роман Єременко,84,0.432,0.61,0.53,0.73,0.00
tm:659089,Ілля Забарний,90,0.431,0.49,0.25,1.00,0.15
w:1981-06-14:blumer,Елано,88,0.428,0.42,0.77,0.66,0.00
tm:9688,Томаш Гюбшман,86,0.427,0.48,0.86,0.46,0.00
tm:75615,Дуглас Коста,88,0.425,0.26,0.66,0.98,0.00
w:1979-01-08:pletikosa,Стіпе Плетікоса,89,0.399,0.95,0.27,0.47,0.00
tm:24633,Едуардо,89,0.389,0.53,0.51,0.64,0.00
tm:623325,Георгій Судаков,92,0.387,0.31,0.37,0.87,0.15
tm:66515,Алекс Тейшейра,99,0.379,0.00,0.45,0.96,0.25
tm:14945,Андрій Воробєй,97,0.378,0.57,0.45,0.25,0.25
tm:27954,Огнєн Вукоєвич,84,0.377,0.46,0.63,0.52,0.00
w:1985-10-02:chiprian,Чіпріан Маріка,84,0.375,0.60,0.52,0.48,0.00
tm:404842,Віталій Миколенко,95,0.368,0.46,0.21,0.81,0.12
w:1972-12-11:husin,Андрій Гусін,86,0.365,0.59,0.49,0.10,0.07
tm:9798,Максим Шацьких,93,0.363,0.50,0.50,0.34,0.15
tm:28922,Тайє Тайво,84,0.360,0.45,0.52,0.59,0.00
tm:59908,Євген Селезньов,92,0.359,0.48,0.33,0.44,0.23
tm:181118,Томаш Кендзьора,92,0.358,0.32,0.80,0.39,0.00
tm:16746,Ніко Кранчар,84,0.357,0.68,0.25,0.63,0.00
tm:43848,Мігел Велозу,86,0.356,0.47,0.48,0.60,0.00
w:1968-08-05:lujni,Олег Лужний,95,0.355,0.50,0.49,0.25,0.12
tm:69004,Євген Хачеріді,88,0.352,0.42,0.49,0.54,0.05
tm:175169,Бернард,86,0.348,0.12,0.65,0.79,0.00
tm:188180,Беньямін Вербич,87,0.347,0.54,0.47,0.48,0.00
tm:124182,Сергій Сидорчук,88,0.346,0.52,0.55,0.39,0.00
w:1983-10-05:jadson,Жадсон,90,0.346,0.07,0.84,0.60,0.00
tm:36371,Нікола Калинич,88,0.345,0.35,0.42,0.76,0.00
tm:368611,Микола Шапаренко,89,0.342,0.43,0.47,0.59,0.00
tm:537844,Анатолій Трубін,93,0.342,0.25,0.47,0.81,0.00
tm:118022,Юнес Бельханда,88,0.342,0.49,0.36,0.64,0.00
tm:48974,Луїс Адріано,93,0.341,0.03,0.73,0.64,0.07
tm:20137,Хосе Соса,89,0.340,0.16,0.75,0.56,0.00
tm:537860,Михайло Мудрик,86,0.338,0.23,0.14,1.00,0.15
tm:59411,Марко Девич,99,0.334,0.29,0.31,0.51,0.28
tm:38497,Джеремейн Ленс,86,0.331,0.28,0.55,0.61,0.00
tm:25732,Дмитро Чигринський,92,0.329,0.24,0.45,0.79,0.00
tm:44357,Олександр Кучер,88,0.328,0.47,0.57,0.34,0.00
tm:14934,Маріуш Левандовський,92,0.327,0.55,0.43,0.41,0.00
tm:70754,Денис Гармаш,89,0.325,0.26,0.59,0.46,0.07
w:1979-10-15:maris,Маріс Верпаковськіс,84,0.324,0.87,0.21,0.27,0.00
tm:44624,Дьомерсі Мбокані,89,0.322,0.40,0.42,0.59,0.00
tm:10288,Ігор Дуляй,84,0.319,0.46,0.55,0.34,0.00
tm:167722,Віталій Буяльський,93,0.318,0.11,0.67,0.51,0.07
w:1975-01-02:vaschuk,Владислав Ващук,92,0.316,0.53,0.43,0.00,0.05
w:1973-01-27:bialkevich,Валентин Бялькевич,92,0.315,0.47,0.54,0.22,0.00
tm:24043,Сергій Назаренко,92,0.313,0.47,0.22,0.41,0.20
w:1979-02-28:nesmachni,Андрій Несмачний,92,0.312,0.56,0.42,0.34,0.00
tm:59322,Олександр Караваєв,93,0.309,0.42,0.51,0.39,0.00
tm:396638,Манор Соломон,87,0.306,0.42,0.21,0.73,0.00
tm:54375,Джуліано,88,0.305,0.12,0.59,0.64,0.00
tm:25823,Віталій Денисов,86,0.302,0.60,0.23,0.48,0.00
w:1959-02-19:demianenko,Анатолій Дем'яненко,87,0.298,0.68,0.28,0.00,0.00
tm:289075,Олександр Зубков,89,0.297,0.38,0.40,0.51,0.00
w:1980-04-09:erko,Єрко Леко,84,0.286,0.49,0.32,0.42,0.00
tm:371256,Тете,92,0.283,0.00,0.48,0.81,0.00
w:1972-01-06:holovko,Олександр Головко,92,0.280,0.48,0.41,0.10,0.00
w:1968-05-05:kalitvintsev,Юрій Калитвинцев,86,0.280,0.18,0.19,0.37,0.38
tm:401529,Додо,95,0.277,0.00,0.49,0.78,0.00
tm:64313,Тамаш Кадар,88,0.272,0.47,0.32,0.37,0.00
tm:631821,Владислав Ванат,99,0.272,0.16,0.22,0.66,0.15
tm:15067,Максим Калініченко,89,0.270,0.39,0.29,0.49,0.00
w:1974-07-08:shtoltsers,Андрій Штолцерс,84,0.269,0.68,0.19,0.27,0.00
tm:58000,Артем Федецький,87,0.269,0.44,0.34,0.37,0.00
w:1980-06-16:evaeverson,Брандао,92,0.269,0.00,0.57,0.52,0.07
tm:53270,Олександр Гладкий,90,0.266,0.09,0.35,0.48,0.20
tm:64308,Браун Ідейє,92,0.265,0.23,0.34,0.62,0.00
tm:124028,Ісмаїлі,97,0.264,0.00,0.48,0.72,0.00
w:1983-06-14:karnilenka,Сергій Корніленко,88,0.263,0.65,0.19,0.27,0.00
w:1973-10-19:hatskevich,Олександр Хацкевич,90,0.262,0.32,0.49,0.31,0.00
w:1976-09-26:demetradze,Георгій Деметрадзе,93,0.261,0.46,0.17,0.41,0.07
w:1985-01-02:banhura,Ісмаель Бангура,92,0.261,0.44,0.13,0.59,0.00
w:1969-10-05:leonenko,Віктор Леоненко,95,0.259,0.12,0.17,0.00,0.45
w:1980-06-10:franselino,Матузалем,92,0.259,0.00,0.31,0.68,0.15
tm:39799,Іван Стрінич,86,0.259,0.41,0.26,0.46,0.00
w:1981-01-31:badr,Бадр Ель-Каддурі,89,0.255,0.40,0.31,0.39,0.00
tm:45196,Тарас Михалик,84,0.255,0.27,0.37,0.48,0.00
tm:48740,Мілош Нінкович,87,0.252,0.23,0.44,0.42,0.00
tm:52915,Жуніор Мораес,97,0.252,0.09,0.42,0.39,0.15
tm:551695,Лассіна Траоре,89,0.245,0.28,0.25,0.56,0.00
w:1980-06-27:dato,Дато Квірквелія,84,0.244,0.50,0.23,0.31,0.00
tm:515208,Педріньйо,85,0.240,0.00,0.39,0.71,0.00
tm:104505,Алан Патрік,89,0.237,0.00,0.54,0.51,0.00
tm:203842,Віктор Коваленко,88,0.236,0.28,0.32,0.44,0.00
tm:9796,Олександр Алієв,97,0.234,0.23,0.25,0.56,0.00
tm:206888,Георгій Бущан,95,0.233,0.15,0.33,0.56,0.00
tm:44361,Олексій Гай,88,0.231,0.24,0.45,0.29,0.00
tm:74089,Сергій Кривцов,87,0.231,0.28,0.33,0.39,0.00
tm:19721,Горан Попов,86,0.231,0.39,0.26,0.34,0.00
w:1983-01-16:rusol,Андрій Русол,92,0.230,0.41,0.24,0.34,0.00
tm:70767,Роман Зозуля,87,0.229,0.28,0.26,0.48,0.00
tm:421935,Майкон,86,0.227,0.00,0.50,0.51,0.00
tm:54576,Себастьян Бланко,86,0.227,0.02,0.47,0.53,0.00
tm:165825,Давид Хочолава,89,0.225,0.33,0.26,0.39,0.00
tm:35607,Арменд Даллку,86,0.223,0.53,0.16,0.25,0.00
w:1981-06-18:hioane,Тіберіу Гіоане,90,0.222,0.18,0.37,0.42,0.00
tm:157849,Лукаш Теодорчик,84,0.221,0.16,0.23,0.62,0.00
w:1975-02-10:dmitrulin,Юрій Дмитрулін,86,0.220,0.33,0.38,0.10,0.00
w:1971-04-22:popov,Сергій Попов,95,0.216,0.45,0.24,0.00,0.00
tm:30803,Крістіан Вільягра,86,0.214,0.01,0.48,0.46,0.00
tm:97567,Роман Безус,84,0.212,0.20,0.43,0.27,0.00
w:1977-09-12:zubov,Геннадій Зубов,93,0.212,0.24,0.29,0.00,0.12
tm:25780,Аїла Юссуф,85,0.211,0.26,0.34,0.31,0.00
tm:24054,Олег Шелаєв,86,0.210,0.30,0.37,0.20,0.00
tm:25820,В'ячеслав Шевчук,89,0.210,0.47,0.26,0.14,0.00
tm:59414,Папа Гуйе,89,0.208,0.08,0.40,0.44,0.00
w:1979-07-19:vukich,Звонимир Вукич,93,0.206,0.22,0.31,0.38,0.00
tm:900195,Кевін,84,0.205,0.00,0.10,0.90,0.00
w:1978-08-02:havranchich,Горан Гавранчич,99,0.205,0.24,0.40,0.22,0.00
tm:18445,Бетао,89,0.205,0.00,0.53,0.37,0.00
w:1966-09-10:tsveiba,Ахрік Цвейба,84,0.205,0.31,0.17,0.00,0.15
tm:396394,Валерій Бондар,89,0.204,0.08,0.33,0.51,0.00
tm:27378,Клейтон Шав'єр,92,0.204,0.00,0.33,0.54,0.05
tm:93795,Факундо Феррейра,95,0.203,0.00,0.29,0.54,0.07
w:1973-09-13:ostrovski,Андрій Островський,86,0.202,0.43,0.21,0.00,0.00
w:1979-02-25:bodnar,Ласло Боднар,89,0.201,0.38,0.29,0.17,0.00
w:1979-03-11:ivanov,Георгі Пеєв,88,0.201,0.45,0.16,0.24,0.00
tm:467250,Юхим Конопля,86,0.200,0.23,0.19,0.48,0.00
tm:91931,Денис Бойко,89,0.200,0.06,0.41,0.42,0.00
tm:287792,Олександр Тимчик,86,0.198,0.22,0.26,0.39,0.00
tm:52937,Ілсіньйо,90,0.198,0.01,0.31,0.59,0.00
tm:537854,Артем Бондаренко,93,0.195,0.04,0.29,0.56,0.00
tm:206717,Едуард Соболь,84,0.191,0.24,0.25,0.34,0.00
tm:43299,Едмар,84,0.191,0.12,0.37,0.34,0.00
w:1975-10-04:kristiano,Крістіано Лукареллі,84,0.190,0.05,0.19,0.65,0.00
tm:669306,Володимир Бражко,89,0.189,0.08,0.19,0.61,0.00
w:1973-07-13:mihailenko,Дмитро Михайленко,87,0.188,0.19,0.32,0.00,0.07
w:1968-12-08:maksimov,Юрій Максимов,88,0.186,0.23,0.22,0.00,0.12
w:1982-02-12:ahahova,Джуліус Агахова,88,0.186,0.27,0.34,0.17,0.00
tm:294780,Олександр Піхальонок,89,0.183,0.12,0.30,0.39,0.00
tm:257740,Карлос де Пена,87,0.183,0.00,0.46,0.34,0.00
w:1983-08-12:djakomase,Клебер,89,0.182,0.00,0.43,0.37,0.00
tm:73185,Лукас Перес,86,0.181,0.00,0.14,0.73,0.00
tm:1119009,Кауа Еліас,85,0.180,0.00,0.17,0.69,0.00
w:1975-02-18:fedorov,Сергій Федоров,90,0.177,0.24,0.19,0.27,0.05
tm:58405,Артем Кравець,90,0.177,0.19,0.25,0.34,0.00
tm:53477,Джонатан Крістальдо,87,0.177,0.01,0.37,0.42,0.00
tm:52787,Дентіньйо,83,0.177,0.00,0.31,0.49,0.00
w:1980-08-08:omelianchuk,Сергій Омельянчук,86,0.176,0.62,0.09,0.00,0.00
tm:1074053,Матвій Пономаренко,93,0.176,0.03,0.09,0.61,0.07
tm:23443,Ондржей Мазух,86,0.175,0.03,0.35,0.39,0.00
tm:120211,Максим Коваль,89,0.175,0.02,0.33,0.44,0.00
tm:60790,Тоні Шунич,84,0.174,0.34,0.14,0.27,0.00
tm:597880,Дмитро Ризник,90,0.174,0.04,0.25,0.51,0.00
tm:530696,Іраклі Азарові,86,0.172,0.21,0.17,0.39,0.00
tm:294746,Володимир Шепелєв,84,0.172,0.06,0.36,0.34,0.00
tm:61952,Данило Сілва,97,0.172,0.00,0.35,0.42,0.00
w:1986-02-28:avelino,Жажа,92,0.171,0.00,0.20,0.46,0.10
tm:42621,Віталі Бордіян,88,0.171,0.41,0.14,0.17,0.00
tm:210689,Владислав Кабаєв,84,0.171,0.03,0.39,0.34,0.00
tm:502842,Едуардо Герреро,88,0.168,0.18,0.27,0.27,0.00
tm:121988,Веллінгтон Нем,81,0.165,0.03,0.21,0.54,0.00
tm:305415,Артем Бєсєдін,87,0.165,0.16,0.29,0.27,0.00
w:1976-09-12:epurianu,Сергій Епуряну,84,0.164,0.39,0.13,0.00,0.00
tm:417228,Данило Сікан,88,0.164,0.07,0.20,0.48,0.00
tm:1067225,Тарас Михавко,89,0.163,0.02,0.19,0.56,0.00
w:1974-09-11:parfonov,Дмитро Парфьонов,92,0.161,0.15,0.37,0.00,0.00
tm:888023,Кевін Келсі,84,0.161,0.06,0.12,0.58,0.00
tm:24006,Володимир Єзерський,90,0.160,0.33,0.19,0.05,0.00
tm:58970,Євген Шахов,86,0.159,0.06,0.40,0.22,0.00
tm:57895,Денис Олійник,95,0.158,0.10,0.15,0.48,0.00
tm:668235,Марлон Гомес,86,0.158,0.00,0.15,0.61,0.00
tm:43297,Дебатік Цуррі,89,0.157,0.37,0.03,0.29,0.00
tm:44699,Антунеш,90,0.156,0.11,0.17,0.44,0.00
tm:15033,Велізар Дімітров,86,0.156,0.25,0.26,0.14,0.00
tm:294730,Богдан Михайличенко,89,0.156,0.12,0.23,0.34,0.00
tm:287015,Олів'є Тілль,89,0.156,0.40,0.09,0.17,0.00
w:1979-07-06:karitska,Володимир Коритько,88,0.156,0.33,0.15,0.17,0.00
tm:14927,Олексій Бєлік,92,0.155,0.16,0.21,0.31,0.00
w:1975-02-28:miterev,Юрій Мітерєв,86,0.154,0.30,0.19,0.00,0.00
w:1981-09-28:markovich,Мар'ян Маркович,84,0.153,0.14,0.27,0.25,0.00
tm:94922,Богдан Бутко,86,0.152,0.28,0.12,0.27,0.00
tm:81649,Сергій Рибалка,86,0.152,0.07,0.24,0.37,0.00
w:1969-01-02:suslov,Олег Суслов,97,0.152,0.10,0.09,0.00,0.25
tm:59076,Сергій Кравченко,84,0.152,0.08,0.16,0.27,0.12
w:1973-08-11:kosovski,Віталій Косовський,88,0.151,0.21,0.27,0.00,0.00
tm:858712,Педро Енріке,89,0.150,0.00,0.19,0.51,0.00
w:1982-10-23:bispo,Родольфо,95,0.150,0.00,0.27,0.41,0.00
tm:35245,Матеус,88,0.150,0.00,0.35,0.31,0.00
tm:708241,Олег Очеретько,84,0.148,0.08,0.13,0.48,0.00
w:1977-05-11:kovalevski,Войцех Ковалевський,84,0.146,0.09,0.20,0.37,0.00
tm:726034,Назар Волошин,86,0.146,0.05,0.22,0.39,0.00
tm:254985,Таулант Сефері,88,0.145,0.25,0.09,0.31,0.00
w:1968-01-24:huseinov,Тімєрлан Гусейнов,90,0.144,0.12,0.07,0.00,0.23
tm:118850,Іван Ордець,89,0.144,0.10,0.16,0.39,0.00
tm:1219752,Ісаке,89,0.142,0.00,0.10,0.59,0.00
tm:598629,Бруно Дуарте,86,0.142,0.00,0.25,0.39,0.00
tm:101304,Дуглас,84,0.140,0.00,0.23,0.42,0.00
tm:36732,Драман Траоре,84,0.140,0.28,0.16,0.14,0.00
tm:248454,Нікола Василь,86,0.139,0.25,0.01,0.37,0.00
tm:46504,Ерік Бікфалві,93,0.139,0.07,0.15,0.31,0.07
tm:404841,Денис Попов,86,0.139,0.03,0.26,0.34,0.00
w:1980-08-27:baldaso,Родріго,93,0.139,0.00,0.24,0.39,0.00
tm:1082823,Невертон,84,0.138,0.00,0.17,0.48,0.00
tm:537852,Дмитро Криськів,89,0.138,0.03,0.15,0.48,0.00
tm:49008,Віталій Мандзюк,88,0.137,0.20,0.13,0.27,0.00
tm:8669,Мілан Обрадович,92,0.137,0.06,0.35,0.17,0.00
tm:56698,Александер Кобахідзе,86,0.137,0.29,0.12,0.17,0.00
w:1980-12-29:karlos,Корреа,86,0.135,0.00,0.31,0.28,0.00
w:1980-04-18:dioho,Діого Рінкон,95,0.135,0.00,0.25,0.37,0.00
tm:213976,Ігор Харатін,84,0.135,0.03,0.33,0.22,0.00
w:1978-12-13:melaschenko,Олександр Мелащенко,89,0.134,0.13,0.23,0.10,0.07
tm:1220143,Лука Мейреллес,84,0.133,0.00,0.05,0.61,0.00
tm:22378,Лео Матос,87,0.132,0.00,0.39,0.17,0.00
tm:419061,Владислав Супряга,84,0.132,0.00,0.13,0.49,0.00
tm:296366,Олексій Гуцуляк,89,0.131,0.13,0.15,0.31,0.00
tm:665048,Арсеній Батагов,86,0.130,0.00,0.05,0.59,0.00
tm:743587,Вінісіус Тобіас,85,0.128,0.00,0.16,0.44,0.00
w:1976-01-13:shischenko,Сергій Шищенко,93,0.127,0.12,0.14,0.00,0.12
w:1973-03-14:pajin,Предраг Пажін,84,0.127,0.27,0.14,0.05,0.00
tm:36364,Михайло Сіваков,84,0.127,0.21,0.23,0.08,0.00
tm:248932,Владислав Кочергін,88,0.127,0.01,0.32,0.22,0.00
tm:59389,Микола Морозюк,90,0.126,0.12,0.21,0.22,0.00
w:1978-05-06:rikun,Олександр Рикун,93,0.126,0.07,0.18,0.17,0.10
w:1973-10-13:starostiak,Михайло Старостяк,89,0.126,0.14,0.26,0.00,0.00
tm:480975,Аллахьяр Сайядманеш,87,0.124,0.07,0.13,0.37,0.00
w:1981-07-28:leal,Маріо Сержіо,84,0.124,0.00,0.36,0.17,0.00
tm:104331,Лукман Аруна,85,0.124,0.07,0.11,0.39,0.00
tm:28186,Ян Лаштувка,90,0.123,0.03,0.25,0.27,0.00
tm:19619,Олександр Рибка,89,0.123,0.02,0.10,0.39,0.05
w:1977-01-17:seihan,Толга Сейхан,84,0.122,0.15,0.08,0.32,0.00
w:1987-03-14:almeida,Леандро Алмейда,87,0.122,0.00,0.19,0.37,0.00
tm:213865,Микита Бурда,88,0.121,0.07,0.17,0.31,0.00
w:1979-08-04:horan,Горан Саблич,84,0.120,0.04,0.26,0.22,0.00
tm:55484,Марсіо Азеведо,87,0.120,0.00,0.19,0.37,0.00
w:1972-08-21:mamedov,Раміз Мамедов,84,0.120,0.08,0.30,0.00,0.00
w:1976-07-19:radchenko,Олександр Радченко,86,0.117,0.14,0.23,0.00,0.00
tm:1033963,Егіналдо,86,0.117,0.00,0.15,0.39,0.00
w:1978-05-01:isak,Ісаак Окоронкво,84,0.117,0.22,0.14,0.14,0.00
w:1970-08-09:bejenar,Сергій Беженар,97,0.116,0.19,0.18,0.00,0.00
tm:19702,Владимир Дишленкович,88,0.115,0.06,0.25,0.19,0.00
tm:366723,Владислав Дубинчак,88,0.112,0.00,0.23,0.27,0.00
tm:244271,Олександр Сваток,85,0.112,0.09,0.22,0.17,0.00
w:1980-11-04:akobian,Ара Акобян,86,0.112,0.37,0.08,0.00,0.00
tm:43934,Йонуц Мазілу,86,0.111,0.13,0.04,0.34,0.00
w:1974-08-01:asan,Ассан Ндіайе,92,0.111,0.31,0.05,0.00,0.00
tm:58046,Василь Кобін,86,0.111,0.09,0.11,0.31,0.00
tm:112953,Дмитро Безотосний,89,0.111,0.00,0.31,0.17,0.00
tm:24061,Сергій Валяєв,87,0.109,0.03,0.21,0.25,0.00
tm:59933,Станіслав Богуш,90,0.108,0.02,0.12,0.37,0.00
tm:42631,Олександр Горяінов,90,0.106,0.02,0.27,0.17,0.00
tm:57987,Євген Чеберячко,89,0.106,0.02,0.27,0.17,0.00
w:1976-06-04:kernozenko,В'ячеслав Кернозенко,89,0.105,0.04,0.20,0.22,0.00
tm:203074,Іван Петряк,85,0.104,0.04,0.24,0.17,0.00
tm:417242,Руслан Нещерет,86,0.103,0.00,0.14,0.34,0.00
tm:64711,Пабло Фонтанельйо,84,0.103,0.00,0.14,0.34,0.00
w:1970-07-23:orbu,Геннадій Орбу,90,0.103,0.14,0.19,0.00,0.00
tm:34771,Олександр Косирін,89,0.101,0.06,0.04,0.27,0.07
tm:678778,Едуард Сарапій,90,0.100,0.03,0.15,0.27,0.00
w:1981-11-22:danel,Северин Ганчаржик,89,0.100,0.06,0.11,0.28,0.00
tm:24000,В'ячеслав Чечер,86,0.099,0.04,0.22,0.17,0.00
tm:43309,Володимир Гоменюк,86,0.099,0.07,0.11,0.27,0.00
tm:59442,Євген Селін,86,0.098,0.12,0.09,0.22,0.00
tm:59896,Дмитро Хомченовський,86,0.097,0.03,0.22,0.17,0.00
tm:1083965,Жуан Безерра,85,0.097,0.00,0.10,0.36,0.00
tm:505463,Олександр Сирота,85,0.096,0.02,0.15,0.27,0.00
tm:24026,Костянтин Кравченко,87,0.096,0.00,0.13,0.31,0.00
tm:25845,Олексій Антонов,87,0.093,0.02,0.24,0.14,0.00
tm:122088,Артем Громов,87,0.091,0.02,0.23,0.14,0.00
w:1975-01-06:spivak,Олександр Співак,84,0.091,0.03,0.27,0.00,0.00
tm:59973,Віталій Вернидуб,85,0.091,0.01,0.32,0.04,0.00
tm:192347,Джон Хайро Руїс,85,0.091,0.08,0.21,0.09,0.00
w:1973-01-14:kardash,Василь Кардаш,88,0.091,0.12,0.17,0.00,0.00
w:1972-03-01:konovalov,Сергій Коновалов,90,0.091,0.18,0.11,0.00,0.00
w:1969-11-19:skripnik,Віктор Скрипник,89,0.090,0.20,0.09,0.00,0.00
tm:207074,Олександр Андрієвський,86,0.089,0.01,0.27,0.10,0.00
w:1974-05-04:virt,Юрій Вірт,93,0.089,0.02,0.21,0.00,0.05
tm:423606,Богдан Леднєв,92,0.088,0.00,0.17,0.22,0.00
w:1973-07-31:kriventsov,Валерій Кривенцов,93,0.088,0.14,0.14,0.00,0.00
w:1976-09-01:serebrenikov,Сергій Серебренников,87,0.088,0.10,0.18,0.04,0.00
tm:567873,Владислав Бабогло,85,0.087,0.25,0.02,0.10,0.00
tm:495920,Олександр Назаренко,87,0.087,0.05,0.12,0.22,0.00
w:1978-03-21:venhlinski,Олег Венглінський,90,0.087,0.08,0.15,0.14,0.00
tm:289095,Денис Фаворов,89,0.086,0.00,0.09,0.10,0.15
tm:80312,Микита Шевченко,88,0.085,0.00,0.16,0.22,0.00
tm:376082,Данило Ігнатенко,84,0.085,0.05,0.17,0.14,0.00
tm:59148,Олександр Воловик,86,0.084,0.00,0.07,0.34,0.00
tm:99863,Пилип Будківський,89,0.084,0.05,0.11,0.22,0.00
tm:636237,Костянтин Вівчаренко,84,0.083,0.00,0.15,0.22,0.00
tm:1029207,Глейкер Мендоса,89,0.083,0.08,0.03,0.27,0.00
tm:58042,Ігор Худоб'як,87,0.082,0.05,0.10,0.22,0.00
w:1979-04-14:alev,Самір Алієв,85,0.082,0.27,0.06,0.00,0.00
tm:24010,Олександр Грицай,86,0.081,0.03,0.23,0.05,0.00
w:1977-10-26:iaschuk,Олег Ящук,87,0.081,0.00,0.21,0.14,0.00
w:1978-04-21:fernandes,Рікардо Фернандес,88,0.080,0.00,0.14,0.22,0.00
w:1976-08-17:zakarliuka,Сергій Закарлюка,95,0.080,0.07,0.18,0.00,0.00
tm:1161403,Назар Домчак,84,0.079,0.00,0.00,0.39,0.00
w:1977-09-15:sliusar,Валентин Слюсар,87,0.079,0.02,0.10,0.25,0.00
w:1976-10-12:baharev,Олексій Бахарєв,83,0.078,0.02,0.23,0.00,0.00
tm:15593,Сергій Самодін,86,0.078,0.00,0.13,0.22,0.00
tm:43332,Олександр Ковпак,93,0.078,0.03,0.06,0.17,0.07
tm:25734,Денис Кулаков,84,0.077,0.02,0.11,0.22,0.00
tm:157373,Владлен Юрченко,88,0.076,0.00,0.13,0.22,0.00
tm:343153,Євген Чеберко,84,0.076,0.02,0.21,0.10,0.00
tm:1041630,Проспер Оба,88,0.075,0.00,0.01,0.37,0.00
w:1976-11-24:flavius,Флавіус Стойкан,89,0.074,0.00,0.03,0.34,0.00
tm:58961,Максим Пашаєв,84,0.074,0.19,0.05,0.06,0.00
tm:58930,Володимир Чеснаков,85,0.072,0.00,0.17,0.14,0.00
tm:245048,Василь Кравець,84,0.072,0.00,0.07,0.27,0.00
w:1983-02-16:anderson,Міхаель,85,0.071,0.00,0.05,0.29,0.00
w:1977-01-08:kostishin,Руслан Костишин,89,0.071,0.00,0.23,0.00,0.00
w:1975-02-23:zotov,Олександр Зотов,86,0.071,0.03,0.19,0.00,0.00
tm:15596,Богдан Шершун,86,0.070,0.03,0.17,0.10,0.00
w:1971-11-22:kovalov,Сергій Ковальов,83,0.070,0.08,0.14,0.00,0.00
tm:236468,Артем Шабанов,89,0.070,0.02,0.13,0.17,0.00
w:1980-08-08:bilikbashi,Доріан Биликбаші,86,0.069,0.05,0.07,0.20,0.00
tm:104590,Рафаел Форстер,88,0.069,0.00,0.16,0.14,0.00
w:1975-12-18:danel,Даніель Флоря,86,0.068,0.03,0.19,0.00,0.00
tm:54816,Дмитро Льопа,84,0.068,0.00,0.11,0.20,0.00
tm:127349,Майкон Олівейра,89,0.067,0.00,0.00,0.22,0.07
tm:726019,Олександр Яцик,85,0.066,0.00,0.09,0.22,0.00
tm:58945,Антон Каніболоцький,85,0.065,0.00,0.05,0.27,0.00
tm:376445,Маріо Чуже,86,0.065,0.00,0.26,0.00,0.00
tm:59150,Ахмед Янузі,84,0.065,0.07,0.13,0.08,0.00
w:1978-08-05:berkeuan,Космін Беркеуан,86,0.064,0.07,0.15,0.05,0.00
w:1971-05-28:avakov,Арсен Аваков,92,0.062,0.08,0.03,0.00,0.07
w:1972-12-16:shkapenko,Павло Шкапенко,92,0.061,0.08,0.11,0.00,0.00
w:1972-12-02:kandaurov,Сергій Кандауров,86,0.061,0.05,0.15,0.00,0.00
w:1972-11-18:skachenko,Сергій Скаченко,88,0.061,0.14,0.05,0.00,0.00
tm:775709,Георгій Єрмаков,89,0.060,0.00,0.03,0.27,0.00
w:1971-03-05:polunin,Андрій Полунін,88,0.060,0.07,0.03,0.00,0.07
w:1971-08-04:lejentsev,Сергій Леженцев,88,0.060,0.06,0.13,0.00,0.00
w:1973-06-24:tsihmeistruk,Едуард Цихмейструк,84,0.060,0.06,0.13,0.00,0.00
tm:38297,Богдан Шуст,87,0.060,0.03,0.13,0.10,0.00
tm:25618,Сергій Пшеничних,84,0.060,0.00,0.16,0.10,0.00
tm:366729,Назарій Русин,89,0.060,0.00,0.06,0.22,0.00
tm:44138,Олексій Годін,86,0.060,0.00,0.06,0.22,0.00
tm:359247,Мар'ян Швед,89,0.060,0.02,0.09,0.17,0.00
tm:570743,Анатолій Нурієв,85,0.060,0.16,0.08,0.00,0.00
tm:376228,Дмитро Іванісеня,86,0.059,0.01,0.09,0.17,0.00
tm:57901,В'ячеслав Шарпар,87,0.059,0.00,0.10,0.17,0.00
tm:9779,Віталій Рева,89,0.059,0.07,0.11,0.00,0.00
w:1968-05-24:homin,Андрій Хомин,88,0.058,0.07,0.12,0.00,0.00
tm:45812,Джордже Лазич,87,0.058,0.00,0.15,0.10,0.00
w:1968-07-01:jabchenko,Ігор Жабченко,88,0.058,0.09,0.09,0.00,0.00
w:1966-04-12:telesnenko,Андрій Телесненко,86,0.058,0.03,0.16,0.00,0.00
w:1968-04-06:hetsko,Іван Гецко,90,0.057,0.08,0.10,0.00,0.00
tm:39253,Антон Шиндер,86,0.057,0.02,0.03,0.22,0.00
w:1986-07-29:kovel,Леонід Ковель,85,0.057,0.14,0.09,0.00,0.00
w:1980-10-05:kashevski,Микола Кашевський,84,0.057,0.11,0.12,0.00,0.00
tm:404846,Сергій Булеца,90,0.057,0.03,0.07,0.17,0.00
w:1964-01-30:petrov,Ігор Петров,95,0.057,0.03,0.07,0.00,0.07
tm:58403,Денис Кожанов,84,0.056,0.03,0.09,0.13,0.00
tm:57888,Павло Ксьонз,87,0.056,0.01,0.00,0.27,0.00
w:1971-11-25:pohlebaev,Євген Похлебаєв,87,0.055,0.12,0.06,0.00,0.00
tm:751977,Кирило Фесюн,84,0.055,0.00,0.03,0.24,0.00
tm:37303,Желько Любенович,89,0.055,0.00,0.14,0.10,0.00
tm:343963,Петар Мічин,86,0.055,0.00,0.04,0.22,0.00
tm:517284,Мухаррем Яшарі,86,0.055,0.12,0.07,0.04,0.00
w:1975-04-29:iashkin,Артем Яшкін,89,0.054,0.07,0.11,0.00,0.00
w:1974-05-03:koval,Олександр Коваль,86,0.054,0.03,0.14,0.00,0.00
tm:181006,Густаво Бланко Лещук,87,0.054,0.00,0.10,0.14,0.00
tm:936825,Ілля Квасниця,86,0.054,0.00,0.00,0.27,0.00
w:1968-04-27:heraschenko,Володимир Геращенко,89,0.052,0.00,0.17,0.00,0.00
tm:36238,Руслан Фомін,84,0.052,0.00,0.09,0.14,0.00
w:1972-09-25:mizin,Сергій Мізін,89,0.052,0.06,0.11,0.00,0.00
tm:167556,Владислав Кулач,93,0.051,0.00,0.08,0.04,0.07
w:1972-01-08:atelkin,Сергій Ателькін,88,0.051,0.02,0.15,0.00,0.00
tm:577260,Факундо Батіста,86,0.051,0.00,0.07,0.17,0.00
tm:245021,Сергій Чоботенко,86,0.050,0.00,0.09,0.14,0.00
w:1965-12-17:kutepov,Ігор Кутєпов,93,0.050,0.03,0.13,0.00,0.00
w:1970-06-14:kulik,Костянтин Кулик,84,0.050,0.00,0.16,0.00,0.00
tm:629567,Яніс Амаш,84,0.049,0.01,0.05,0.17,0.00
tm:8480,Сіто Рієра,84,0.049,0.00,0.15,0.05,0.00
tm:350828,Шахаб Захеді,86,0.049,0.02,0.12,0.00,0.05
tm:36149,Йован Маркоскі,86,0.049,0.03,0.12,0.06,0.00
w:1979-01-28:branislav,Браніслав Круніч,86,0.049,0.05,0.07,0.09,0.00
w:1971-09-05:nahorniak,Сергій Нагорняк,84,0.049,0.12,0.04,0.00,0.00
tm:43359,Павло Ребенок,89,0.048,0.00,0.19,0.00,0.00
tm:24004,Сергій Долганський,87,0.048,0.00,0.11,0.10,0.00
w:1982-05-06:milian,Мілян Мрдакович,84,0.048,0.00,0.17,0.02,0.00
w:1975-03-27:moroz,Геннадій Мороз,85,0.047,0.05,0.10,0.00,0.00
w:1970-08-18:matvev,Олег Матвєєв,99,0.047,0.00,0.06,0.00,0.07
tm:1179658,Пітер Ітодо,86,0.046,0.00,0.01,0.22,0.00
w:1967-07-01:husev,Сергій Гусєв,90,0.046,0.04,0.11,0.00,0.00
tm:58043,Рустам Худжамов,84,0.046,0.01,0.04,0.17,0.00
w:1975-12-18:seleznov,Юрій Селезньов,89,0.046,0.00,0.15,0.00,0.00
w:1969-08-18:zaets,Сергій Заєць,85,0.046,0.00,0.15,0.00,0.00
w:1969-02-13:korponai,Іван Корпонай,84,0.046,0.00,0.15,0.00,0.00
tm:28179,Младен Бартулович,86,0.046,0.02,0.09,0.10,0.00
w:1969-05-02:ternavski,Владислав Тернавський,86,0.045,0.06,0.09,0.00,0.00
w:1977-12-29:cheliadzinski,Артем Челядинський,84,0.045,0.06,0.09,0.00,0.00
tm:23379,Володимир Польовий,85,0.045,0.04,0.06,0.10,0.00
w:1971-09-18:sharan,Володимир Шаран,90,0.044,0.01,0.13,0.00,0.00
tm:723621,Денис Кузик,86,0.044,0.00,0.04,0.17,0.00
w:1979-01-02:lashankov,Євген Лошанков,84,0.044,0.01,0.17,0.00,0.00
tm:237623,Олександр Філіппов,89,0.043,0.00,0.09,0.10,0.00
w:1967-01-03:sak,Юрій Сак,86,0.043,0.08,0.05,0.00,0.00
tm:49022,Віталій Руденко,86,0.042,0.00,0.06,0.14,0.00
tm:267330,Джоель Абу Ханна,84,0.041,0.05,0.08,0.04,0.00
w:1980-03-21:matiuhin,Сергій Матюхін,85,0.041,0.03,0.14,0.00,0.00
tm:889438,Ілля Крупський,86,0.039,0.01,0.01,0.17,0.00
tm:1045187,Ігор Краснопір,84,0.039,0.01,0.01,0.17,0.00
tm:646153,Теді Цара,87,0.039,0.02,0.14,0.00,0.00
w:1977-06-03:hihiadze,Васіл Гігіадзе,88,0.039,0.05,0.07,0.00,0.00
w:1966-07-19:kislov,Ігор Кислов,87,0.039,0.05,0.07,0.00,0.00
w:1974-06-14:maksimiuk,Роман Максимюк,85,0.038,0.04,0.08,0.00,0.00
tm:58238,Микита Каменюка,86,0.038,0.01,0.11,0.04,0.00
tm:863919,Іван Дібанго,90,0.037,0.00,0.03,0.14,0.00
w:1973-03-11:musolitin,Володимир Мусолітін,84,0.037,0.03,0.09,0.00,0.00
tm:719652,Олександр Мартинюк,89,0.036,0.01,0.00,0.17,0.00
w:1972-05-09:kobzar,Віталій Кобзар,89,0.036,0.04,0.07,0.00,0.00
w:1970-12-06:hashkin,Андрій Гашкін,89,0.035,0.00,0.11,0.00,0.00
w:1972-11-26:levitski,Максим Левицький,86,0.035,0.07,0.05,0.00,0.00
w:1975-08-12:potshveria,Михайло Поцхверія,85,0.035,0.03,0.08,0.00,0.00
tm:316280,Моха Рхарсалла,84,0.035,0.01,0.13,0.00,0.00
tm:758845,Єгор Твердохліб,89,0.035,0.00,0.03,0.14,0.00
tm:58016,Олег Голодюк,84,0.035,0.00,0.06,0.10,0.00
tm:59269,Лакі Ідахор,87,0.035,0.02,0.09,0.04,0.00
tm:201671,Ігор Пердута,86,0.034,0.00,0.10,0.04,0.00
w:1972-03-13:volosianko,Микола Волосянко,89,0.034,0.01,0.10,0.00,0.00
tm:335744,Мігел Кампуш,89,0.034,0.00,0.02,0.14,0.00
tm:17206,Александар Тришович,89,0.033,0.04,0.07,0.02,0.00
w:1977-02-04:iaksmanitski,Володимир Яксманицький,88,0.033,0.00,0.11,0.00,0.00
tm:136537,Олексій Шевченко,87,0.033,0.00,0.05,0.10,0.00
tm:60979,Янік Болі,86,0.032,0.01,0.01,0.14,0.00
w:1968-02-28:kovtun,Андрій Ковтун,88,0.032,0.02,0.09,0.00,0.00
w:1971-07-04:fedkov,Андрій Федьков,86,0.032,0.02,0.09,0.00,0.00
tm:24032,Віталій Лисицький,86,0.032,0.04,0.09,0.00,0.00
tm:584083,Бруніньйо,88,0.032,0.00,0.01,0.14,0.00
tm:366450,Юрі Кастільйо,86,0.031,0.00,0.08,0.05,0.00
tm:85430,Джаба Ліпартія,84,0.031,0.02,0.11,0.00,0.00
w:1972-04-03:shutkov,Дмитро Шутков,89,0.030,0.05,0.05,0.00,0.00
w:1971-04-18:diriavka,Сергій Дірявка,89,0.030,0.07,0.02,0.00,0.00
w:1970-01-14:vorobiov,Валерій Воробйов,86,0.029,0.03,0.06,0.00,0.00
tm:140561,Майкл Одібе,85,0.029,0.01,0.03,0.10,0.00
tm:108710,Владислав Калітвінцев,87,0.028,0.00,0.11,0.00,0.00
tm:212243,Дмитро Мишньов,84,0.028,0.00,0.11,0.00,0.00
tm:251676,Ріфет Капич,84,0.028,0.00,0.11,0.00,0.00
tm:58425,Ігор Ощипко,88,0.027,0.03,0.05,0.04,0.00
tm:131553,В'ячеслав Чурко,84,0.027,0.00,0.11,0.00,0.00
w:1976-03-11:hranovski,Олександр Грановський,86,0.027,0.03,0.06,0.00,0.00
tm:85969,Олександр Бандура,87,0.026,0.00,0.03,0.10,0.00
tm:885150,Карлос Парако,84,0.026,0.00,0.03,0.10,0.00
w:1983-11-21:emanuel,Еммануель Окодува,89,0.026,0.01,0.01,0.00,0.07
w:1972-02-29:palianitsia,Олександр Паляниця,89,0.026,0.02,0.07,0.00,0.00
tm:623319,Олександр Драмбаєв,84,0.026,0.01,0.06,0.04,0.00
w:1971-01-31:prizetko,Олександр Призетко,87,0.026,0.04,0.04,0.00,0.00
w:1972-05-04:medin,Микола Медін,89,0.025,0.00,0.08,0.00,0.00
w:1967-09-14:leonov,Ігор Леонов,87,0.025,0.00,0.08,0.00,0.00
w:1972-01-08:nikitin,Андрій Нікітін,85,0.025,0.00,0.08,0.00,0.00
w:1976-05-09:trapaidze,Гоча Трапаідзе,84,0.025,0.00,0.08,0.00,0.00
tm:43060,Сергій Кузнецов,86,0.025,0.00,0.08,0.02,0.00
tm:147998,Флорентін Матей,87,0.024,0.00,0.06,0.04,0.00
w:1975-09-14:kostiuk,Ігор Костюк,88,0.023,0.01,0.07,0.00,0.00
w:1976-12-13:mladenovich,Ненад Младенович,84,0.023,0.01,0.07,0.00,0.00
tm:592336,Макс Валеф,87,0.023,0.00,0.09,0.00,0.00
tm:91801,Олександр Скляр,85,0.023,0.00,0.09,0.00,0.00
tm:771914,Євген Павлюк,88,0.023,0.00,0.01,0.10,0.00
tm:1033040,Марк Ассінор,84,0.023,0.00,0.01,0.10,0.00
w:1971-04-18:nichenko,Ігор Ніченко,87,0.023,0.00,0.07,0.00,0.00
w:1970-03-03:machohan,Ігор Мачоган,85,0.023,0.00,0.07,0.00,0.00
tm:261550,Неманя Анджушич,88,0.022,0.00,0.09,0.00,0.00
tm:102572,Юрій Паньків,87,0.022,0.00,0.09,0.00,0.00
tm:86931,Євген Опанасенко,86,0.022,0.00,0.09,0.00,0.00
tm:58427,Кирило Петров,85,0.022,0.00,0.09,0.00,0.00
tm:702561,Роман Дідик,84,0.021,0.00,0.01,0.10,0.00
w:1975-01-22:poklonski,Олександр Поклонський,87,0.021,0.01,0.06,0.00,0.00
w:1975-04-18:poltavets,Валентин Полтавець,92,0.021,0.00,0.07,0.00,0.00
w:1972-10-29:ponomarenko,Володимир Пономаренко,86,0.021,0.00,0.07,0.00,0.00
w:1974-11-21:kirlik,Андрій Кірлік,86,0.021,0.00,0.07,0.00,0.00
w:1975-10-30:maltsev,Олександр Мальцев,85,0.021,0.00,0.07,0.00,0.00
tm:140676,Кирило Ковалець,88,0.021,0.00,0.05,0.04,0.00
tm:448868,Ігор Когут,85,0.020,0.00,0.08,0.00,0.00
w:1986-03-03:hlavina,Деніс Главіна,85,0.020,0.00,0.08,0.00,0.00
tm:27172,Павло Кутас,84,0.020,0.00,0.08,0.00,0.00
tm:717199,Богдан Слюбик,84,0.020,0.00,0.00,0.10,0.00
w:1976-02-20:zadorojni,Сергій Задорожний,85,0.020,0.05,0.01,0.00,0.00
w:1978-11-09:markovich,Слободан Маркович,84,0.020,0.03,0.05,0.00,0.00
tm:53299,Костянтин Ярошенко,89,0.019,0.00,0.03,0.06,0.00
tm:370399,Микита Кравченко,90,0.019,0.00,0.04,0.04,0.00
w:1973-10-26:onopko,Сергій Онопко,90,0.019,0.00,0.06,0.00,0.00
w:1977-04-02:koniushenko,Андрій Конюшенко,89,0.019,0.00,0.06,0.00,0.00
w:1977-01-15:platonov,Валентин Платонов,88,0.019,0.00,0.06,0.00,0.00
w:1960-09-05:iurchenko,Ігор Юрченко,86,0.019,0.00,0.06,0.00,0.00
w:1968-07-09:babi,Олександр Бабій,86,0.019,0.00,0.06,0.00,0.00
tm:242272,Євген Банада,89,0.018,0.00,0.07,0.00,0.00
w:1979-05-13:oleksenko,Олександр Олексієнко,89,0.018,0.00,0.07,0.00,0.00
tm:94924,Максим Імереков,87,0.018,0.00,0.07,0.00,0.00
w:1979-03-07:tlumak,Андрій Тлумак,86,0.018,0.00,0.07,0.00,0.00
tm:248938,Максим Третьяков,85,0.018,0.00,0.07,0.00,0.00
w:1979-07-15:bilozor,Сергій Білозор,84,0.018,0.00,0.07,0.00,0.00
w:1968-09-26:dudnik,Юрій Дуднік,85,0.018,0.02,0.04,0.00,0.00
tm:448331,Ардін Даллку,84,0.018,0.02,0.05,0.00,0.00
tm:530673,Шота Нонікашвілі,84,0.018,0.02,0.05,0.00,0.00
w:1966-09-25:topchev,Дмитро Топчієв,89,0.017,0.04,0.01,0.00,0.00
w:1982-08-13:balabanov,Костянтин Балабанов,85,0.017,0.01,0.06,0.00,0.00
w:1972-12-15:lavrentsov,Олександр Лавренцов,90,0.017,0.00,0.05,0.00,0.00
tm:273663,Володимир Адамюк,89,0.017,0.00,0.07,0.00,0.00
w:1974-03-18:hluschenko,Андрій Глущенко,87,0.017,0.00,0.05,0.00,0.00
tm:170245,Артем Фаворов,86,0.017,0.00,0.07,0.00,0.00
w:1969-09-07:kosheliuk,Олег Кошелюк,86,0.017,0.00,0.05,0.00,0.00
w:1980-07-27:batista,Батіста,86,0.017,0.00,0.07,0.00,0.00
tm:244262,Денис Мірошніченко,85,0.017,0.00,0.07,0.00,0.00
tm:373302,Сілас,84,0.017,0.00,0.07,0.00,0.00
tm:58606,Сергій Політило,84,0.017,0.00,0.07,0.00,0.00
w:1969-09-26:sosenko,Костянтин Сосенко,84,0.016,0.05,0.00,0.00,0.00
tm:539738,Олег Горін,88,0.016,0.00,0.03,0.04,0.00
tm:343492,Олег Кожушко,86,0.016,0.00,0.03,0.04,0.00
w:1981-08-20:danilovski,Сергій Даниловський,89,0.015,0.01,0.05,0.00,0.00
tm:91425,Юрій Коломоєць,85,0.015,0.01,0.05,0.00,0.00
w:1971-11-25:antiuhin,Олексій Антюхін,89,0.015,0.01,0.04,0.00,0.00
tm:146725,Мілош Стаменкович,85,0.015,0.00,0.06,0.00,0.00
tm:755174,Данило Алефіренко,85,0.015,0.00,0.06,0.00,0.00
tm:91727,Андрій Гітченко,85,0.015,0.00,0.06,0.00,0.00
w:1980-09-10:danilav,Олександр Данилов,84,0.015,0.00,0.06,0.00,0.00
w:1976-08-20:demchenko,Андрій Демченко,86,0.015,0.00,0.05,0.00,0.00
w:1975-05-06:babich,Костянтин Бабич,85,0.015,0.00,0.05,0.00,0.00
w:1974-09-09:piatenko,Володимир П'ятенко,84,0.015,0.00,0.05,0.00,0.00
w:1977-10-13:kolchin,Денис Колчін,84,0.015,0.00,0.05,0.00,0.00
tm:59982,Володимир Аржанов,85,0.014,0.00,0.01,0.05,0.00
tm:543380,Ібрагім Кане,87,0.014,0.02,0.04,0.00,0.00
tm:203854,Андрій Борячук,84,0.014,0.02,0.04,0.00,0.00
tm:41885,Сергій Сілюк,84,0.014,0.00,0.02,0.04,0.00
tm:892054,Еміль Мустафаєв,84,0.014,0.04,0.01,0.00,0.00
w:1973-07-28:blizniuk,Ілля Близнюк,92,0.014,0.02,0.03,0.00,0.00
w:1975-03-31:balanchuk,Сергій Баланчук,86,0.014,0.02,0.03,0.00,0.00
tm:166581,Євген Волинець,89,0.013,0.00,0.05,0.00,0.00
tm:1007020,Хоакінете,84,0.013,0.00,0.05,0.00,0.00
tm:860701,Микола Гайдучик,84,0.013,0.00,0.05,0.00,0.00
w:1981-02-02:chiprian,Чіпріан Тенасе,84,0.013,0.00,0.03,0.02,0.00
tm:58976,Максим Старцев,84,0.013,0.02,0.03,0.00,0.00
w:1975-05-03:sachko,Василь Сачко,87,0.012,0.00,0.04,0.00,0.00
w:1975-08-09:kozakevich,Олександр Козакевич,87,0.012,0.00,0.04,0.00,0.00
w:1975-04-16:anischenko,Андрій Аніщенко,86,0.012,0.00,0.04,0.00,0.00
w:1967-01-17:harkivschenko,Ігор Харківщенко,84,0.012,0.00,0.04,0.00,0.00
w:1977-09-28:maziar,Володимир Мазяр,84,0.012,0.00,0.04,0.00,0.00
tm:277777,Андрій Тотовицький,89,0.012,0.00,0.01,0.04,0.00
tm:533318,Назарій Муравський,86,0.012,0.00,0.01,0.04,0.00
tm:269371,Денис Безбородько,87,0.012,0.00,0.05,0.00,0.00
tm:320247,Артем Ситало,84,0.012,0.00,0.05,0.00,0.00
tm:14939,Адріан Пуканич,87,0.011,0.02,0.03,0.00,0.00
w:1968-02-02:finkel,Борис Фінкель,86,0.010,0.03,0.00,0.00,0.00
w:1965-07-13:vasilitchuk,Андрій Василитчук,84,0.010,0.03,0.00,0.00,0.00
w:1966-08-14:bondarenko,Роман Бондаренко,84,0.010,0.03,0.00,0.00,0.00
w:1968-05-27:oparin,Андрій Опарін,84,0.010,0.00,0.03,0.00,0.00
w:1971-02-25:revut,Сергій Ревут,84,0.010,0.00,0.03,0.00,0.00
w:1976-03-24:kovalenko,Олександр Коваленко,84,0.010,0.00,0.03,0.00,0.00
tm:222079,Руслан Степанюк,87,0.010,0.00,0.04,0.00,0.00
tm:59129,Вадим Сапай,86,0.010,0.00,0.04,0.00,0.00
tm:509837,Максим Прядун,84,0.010,0.00,0.04,0.00,0.00
tm:51531,Артем Касьянов,84,0.010,0.00,0.04,0.00,0.00
w:1967-08-07:haidash,Олександр Гайдаш,89,0.009,0.02,0.01,0.00,0.00
tm:748939,Олексій Сич,84,0.009,0.02,0.02,0.00,0.00
w:1971-02-23:naduda,Олег Надуда,86,0.009,0.01,0.02,0.00,0.00
w:1971-05-27:chijevski,Олександр Чижевський,86,0.009,0.01,0.02,0.00,0.00
w:1969-05-04:parahnevich,Віталій Парахневич,84,0.009,0.01,0.02,0.00,0.00
tm:549960,Тимур Стецков,89,0.008,0.00,0.03,0.00,0.00
w:1968-01-13:strontsitski,Богдан Стронціцький,89,0.008,0.00,0.03,0.00,0.00
w:1974-04-25:beno,Юрій Беньо,89,0.008,0.00,0.03,0.00,0.00
tm:155964,Андрій Цуріков,88,0.008,0.00,0.03,0.00,0.00
w:1975-12-10:dotsenko,Віктор Доценко,88,0.008,0.00,0.03,0.00,0.00
w:1977-06-23:pershin,Олександр Першин,88,0.008,0.00,0.03,0.00,0.00
tm:93077,Сергій Старенький,87,0.008,0.00,0.03,0.00,0.00
w:1960-05-15:shevchenko,Сергій Шевченко,87,0.008,0.00,0.03,0.00,0.00
w:1962-11-13:raliuchenko,Сергій Ралюченко,85,0.008,0.00,0.03,0.00,0.00
w:1974-03-26:sasha,Саша Тодич,85,0.008,0.00,0.03,0.00,0.00
w:1976-01-03:simakov,Олег Сімаков,85,0.008,0.00,0.03,0.00,0.00
tm:359796,Дмитро Шастал,84,0.008,0.00,0.03,0.00,0.00
tm:86466,Євгеній Ткачук,84,0.008,0.00,0.03,0.00,0.00
tm:97727,Ігор Тищенко,84,0.008,0.00,0.03,0.00,0.00
w:1961-06-15:panchishin,Іван Панчишин,84,0.008,0.00,0.03,0.00,0.00
w:1966-08-01:tsitkin,Володимир Циткін,84,0.008,0.00,0.03,0.00,0.00
w:1970-10-16:mokritski,Юрій Мокрицький,84,0.008,0.00,0.03,0.00,0.00
w:1976-06-16:rimshin,Євген Римшин,84,0.008,0.00,0.03,0.00,0.00
w:1971-01-02:zavialov,Андрій Зав'ялов,86,0.008,0.03,0.00,0.00,0.00
w:1980-08-14:aphazava,Шалва Апхазава,87,0.007,0.01,0.02,0.00,0.00
w:1971-05-06:iakovenko,Дмитро Яковенко,88,0.007,0.01,0.01,0.00,0.00
w:1979-02-15:babich,Олександр Бабич,92,0.007,0.00,0.03,0.00,0.00
tm:190190,Андрій Кліщук,86,0.007,0.00,0.03,0.00,0.00
tm:396530,Артем Козак,86,0.007,0.00,0.03,0.00,0.00
tm:176412,Олексій Хобленко,84,0.007,0.00,0.03,0.00,0.00
tm:62610,Дмитро Хльобас,84,0.007,0.00,0.03,0.00,0.00
tm:85949,Ігор Шуховцев,87,0.006,0.00,0.02,0.00,0.00
w:1971-06-21:pokladok,Андрій Покладок,87,0.006,0.00,0.02,0.00,0.00
w:1973-07-01:krukovets,Сергій Круковець,87,0.006,0.00,0.02,0.00,0.00
w:1965-03-13:volkov,Ігор Волков,86,0.006,0.00,0.02,0.00,0.00
w:1966-01-22:vernidub,Юрій Вернидуб,86,0.006,0.00,0.02,0.00,0.00
w:1966-04-24:sheihametov,Толят Шейхаметов,86,0.006,0.00,0.02,0.00,0.00
w:1967-11-05:chuhleba,Олег Чухлєба,86,0.006,0.00,0.02,0.00,0.00
w:1974-02-01:lutsenko,Тарас Луценко,86,0.006,0.00,0.02,0.00,0.00
w:1975-06-18:smirnov,Денис Смірнов,85,0.006,0.00,0.02,0.00,0.00
w:1973-08-27:kliuchik,Сергій Ключик,84,0.006,0.00,0.02,0.00,0.00
w:1976-01-04:spevak,Андрій Спєвак,84,0.006,0.00,0.02,0.00,0.00
tm:49016,Євген Паст,89,0.005,0.00,0.02,0.00,0.00
tm:522833,Андрій Понєдєльнік,88,0.005,0.00,0.02,0.00,0.00
tm:325429,Максим Задерака,86,0.005,0.00,0.02,0.00,0.00
tm:58252,Сергій Сімінін,86,0.005,0.00,0.02,0.00,0.00
tm:248936,Павло Оріховський,84,0.005,0.00,0.02,0.00,0.00
w:1980-01-15:akopian,Армен Акопян,84,0.005,0.00,0.02,0.00,0.00
w:1981-11-17:hribanov,Сергій Грибанов,84,0.005,0.00,0.02,0.00,0.00
w:1975-11-02:osipov,Олексій Осіпов,89,0.004,0.00,0.01,0.00,0.00
w:1972-09-07:dichko,Володимир Дичко,87,0.004,0.00,0.01,0.00,0.00
w:1969-01-23:ponomarenko,Віталій Пономаренко,86,0.004,0.00,0.01,0.00,0.00
w:1966-06-09:plotko,Ігор Плотко,84,0.004,0.00,0.01,0.00,0.00
w:1971-03-10:zabranski,Руслан Забранський,84,0.004,0.00,0.01,0.00,0.00
w:1972-01-23:nazarov,Євгеній Назаров,84,0.004,0.00,0.01,0.00,0.00
w:1977-09-01:dranov,Сергій Дранов,84,0.004,0.00,0.01,0.00,0.00
tm:58939,Олексій Паламарчук,90,0.003,0.00,0.01,0.00,0.00
tm:43276,Жуніор,88,0.003,0.00,0.01,0.00,0.00
tm:740732,Таллес Бренер,87,0.003,0.00,0.01,0.00,0.00
tm:91312,Антон Шендрік,85,0.003,0.00,0.01,0.00,0.00
tm:1061628,Євген Пастух,84,0.003,0.00,0.01,0.00,0.00
tm:139943,Івиця Жунич,84,0.003,0.00,0.01,0.00,0.00
tm:357776,Хрвоє Ілич,84,0.003,0.00,0.01,0.00,0.00
tm:542597,Марлісон,84,0.003,0.00,0.01,0.00,0.00
w:1979-05-22:altman,Геннадій Альтман,84,0.003,0.00,0.01,0.00,0.00
w:1970-08-19:muschinka,Анатолій Мущинка,88,0.003,0.01,0.00,0.00,0.00
w:1965-06-05:martinov,Юрій Мартинов,86,0.003,0.01,0.00,0.00,0.00
w:1974-09-27:oksimets,Андрій Оксимець,89,0.002,0.00,0.01,0.00,0.00
w:1964-12-13:belichenko,Юрій Бєліченко,86,0.002,0.00,0.01,0.00,0.00
w:1962-01-28:smihunov,Віктор Смігунов,85,0.002,0.00,0.01,0.00,0.00
w:1970-11-20:rusak,Петро Русак,85,0.002,0.00,0.01,0.00,0.00
w:1971-01-04:filimonov,Денис Філімонов,84,0.002,0.00,0.01,0.00,0.00
w:1972-10-29:mintenko,Віталій Мінтенко,84,0.002,0.00,0.01,0.00,0.00
w:1978-04-26:andres,Андрес Мендоса,89,0.002,0.00,0.01,0.00,0.00
tm:936008,Олександр Сапутін,87,0.002,0.00,0.01,0.00,0.00
tm:59440,Антон Поступаленко,86,0.002,0.00,0.01,0.00,0.00
tm:94925,Єгор Картушов,85,0.002,0.00,0.01,0.00,0.00
tm:244904,Артур Авагімян,84,0.002,0.00,0.01,0.00,0.00
tm:59249,Іван Матяж,84,0.002,0.00,0.01,0.00,0.00
tm:92640,Андрій Мостовий,84,0.002,0.00,0.01,0.00,0.00
w:1979-08-09:hunchak,Руслан Гунчак,84,0.002,0.00,0.01,0.00,0.00
w:1974-07-28:schekotilin,Геннадій Щекотилін,92,0.000,0.00,0.00,0.00,0.00
w:1970-08-05:ivanenko,Віктор Іваненко,90,0.000,0.00,0.00,0.00,0.00
w:1974-07-13:pushkutsa,Віталій Пушкуца,90,0.000,0.00,0.00,0.00,0.00
w:1979-10-19:chernov,Андрій Чернов,90,0.000,0.00,0.00,0.00,0.00
tm:212232,Амбросій Чачуа,89,0.000,0.00,0.00,0.00,0.00
w:1973-11-11:kundenok,Олександр Кундєнок,89,0.000,0.00,0.00,0.00,0.00
tm:100163,Сергій Борзенко,88,0.000,0.00,0.00,0.00,0.00
w:1970-08-18:pantilov,Віталій Пантілов,88,0.000,0.00,0.00,0.00,0.00
tm:449084,Олег Білик,87,0.000,0.00,0.00,0.00,0.00
w:1962-12-01:kapanadze,Таріел Капанадзе,87,0.000,0.00,0.00,0.00,0.00
w:1967-03-12:kolesnik,Вадим Колесник,87,0.000,0.00,0.00,0.00,0.00
tm:362529,Андрій Сторчоус,86,0.000,0.00,0.00,0.00,0.00
tm:678503,Данило Варакута,86,0.000,0.00,0.00,0.00,0.00
tm:937917,Дмитро Ледвій,86,0.000,0.00,0.00,0.00,0.00
w:1970-02-01:irichuk,Павло Ірічук,86,0.000,0.00,0.00,0.00,0.00
w:1970-10-30:osadchi,Сергій Осадчий,86,0.000,0.00,0.00,0.00,0.00
w:1971-01-19:markin,Юрій Маркін,86,0.000,0.00,0.00,0.00,0.00
w:1972-01-02:haschin,Володимир Гащин,86,0.000,0.00,0.00,0.00,0.00
w:1972-03-28:korobchenko,Олексій Коробченко,86,0.000,0.00,0.00,0.00,0.00
w:1975-08-26:mischenko,Віталій Міщенко,86,0.000,0.00,0.00,0.00,0.00
w:1977-01-16:tereschenko,В'ячеслав Терещенко,86,0.000,0.00,0.00,0.00,0.00
w:1977-10-27:ostapenko,Олег Остапенко,86,0.000,0.00,0.00,0.00,0.00
w:1977-11-08:mazurenko,Олег Мазуренко,86,0.000,0.00,0.00,0.00,0.00
w:1978-06-13:kripak,Яків Кріпак,86,0.000,0.00,0.00,0.00,0.00
w:1979-08-18:molokutsko,Степан Молокуцько,86,0.000,0.00,0.00,0.00,0.00
w:1984-03-19:nevmivaka,Дмитро Невмивака,86,0.000,0.00,0.00,0.00,0.00
tm:1083190,Іван Пахолюк,85,0.000,0.00,0.00,0.00,0.00
tm:501612,Юрій Климчук,85,0.000,0.00,0.00,0.00,0.00
w:1968-12-11:tolochko,Роман Толочко,85,0.000,0.00,0.00,0.00,0.00
tm:1050852,Віталій Холод,84,0.000,0.00,0.00,0.00,0.00
tm:156137,Редван Мемешев,84,0.000,0.00,0.00,0.00,0.00
tm:227199,Ігор Солдат,84,0.000,0.00,0.00,0.00,0.00
tm:271665,Ігор Загальський,84,0.000,0.00,0.00,0.00,0.00
tm:521997,Віталій Бойко,84,0.000,0.00,0.00,0.00,0.00
tm:581782,Андрій Штогрин,84,0.000,0.00,0.00,0.00,0.00
tm:688714,Віталій Дахновський,84,0.000,0.00,0.00,0.00,0.00
tm:789583,Ярослав Карабін,84,0.000,0.00,0.00,0.00,0.00
tm:794617,Ян Костенко,84,0.000,0.00,0.00,0.00,0.00
w:1958-08-05:fedetski,Андрій Федецький,84,0.000,0.00,0.00,0.00,0.00
w:1959-06-09:iavorski,Ігор Яворський,84,0.000,0.00,0.00,0.00,0.00
w:1960-08-11:biskup,Ігор Біскуп,84,0.000,0.00,0.00,0.00,0.00
w:1963-01-03:mhlinets,Віктор Мглинець,84,0.000,0.00,0.00,0.00,0.00
w:1964-12-04:rudnitski,Віталій Рудницький,84,0.000,0.00,0.00,0.00,0.00
w:1965-01-12:bondarchuk,Василь Бондарчук,84,0.000,0.00,0.00,0.00,0.00
w:1967-03-21:marchuk,Володимир Марчук,84,0.000,0.00,0.00,0.00,0.00
w:1969-01-06:bereski,Олег Береський,84,0.000,0.00,0.00,0.00,0.00
w:1969-07-18:sevidov,Олександр Севідов,84,0.000,0.00,0.00,0.00,0.00
w:1970-01-03:fursov,Володимир Фурсов,84,0.000,0.00,0.00,0.00,0.00
w:1970-07-05:rati,Олег Ратій,84,0.000,0.00,0.00,0.00,0.00
w:1971-08-23:hrebeniuk,Тарас Гребенюк,84,0.000,0.00,0.00,0.00,0.00
w:1971-08-26:korol,Ігор Король,84,0.000,0.00,0.00,0.00,0.00
w:1971-09-12:huralski,Олександр Гуральський,84,0.000,0.00,0.00,0.00,0.00
w:1971-12-11:shved,Василь Швед,84,0.000,0.00,0.00,0.00,0.00
w:1972-08-29:kurilenko,Олексій Куриленко,84,0.000,0.00,0.00,0.00,0.00
w:1974-03-31:nivinski,В'ячеслав Нівінський,84,0.000,0.00,0.00,0.00,0.00
w:1976-02-29:prodan,Ігор Продан,84,0.000,0.00,0.00,0.00,0.00
w:1977-03-24:romanenko,Всеволод Романенко,84,0.000,0.00,0.00,0.00,0.00
w:1978-09-10:kutarba,Герман Кутарба,84,0.000,0.00,0.00,0.00,0.00
w:1979-08-31:iarosh,Руслан Ярош,84,0.000,0.00,0.00,0.00,0.00
w:1981-01-29:pischur,Олександр Пищур,84,0.000,0.00,0.00,0.00,0.00
w:1981-11-13:karakevich,Роман Каракевич,84,0.000,0.00,0.00,0.00,0.00
