canonical_id,name_uk,name_en,city_uk,note
dynamo-kyiv,Динамо (Київ),Dynamo Kyiv,Київ,
shakhtar-donetsk,Шахтар (Донецьк),Shakhtar Donetsk,Донецьк,
dnipro,Дніпро (Дніпропетровськ),Dnipro Dnipropetrovsk,Дніпро,СК Дніпро-1 — окремий клуб (рішення для перевірки)
dnipro-1,СК Дніпро-1,SC Dnipro-1,Дніпро,не об'єднано з «Дніпром» (рішення для перевірки)
metalist-kharkiv,Металіст (Харків),Metalist Kharkiv,Харків,старий Металіст (до 2016) + відроджений Металіст (2022/23) об'єднано; Металіст 1925 — окремо (рішення для перевірки)
metalist-1925,Металіст 1925 (Харків),Metalist 1925 Kharkiv,Харків,окремий клуб
karpaty-lviv,Карпати (Львів),Karpaty Lviv,Львів,старі Карпати (до 2021) + нові (з 2024 в УПЛ) об'єднано
chornomorets-odesa,Чорноморець (Одеса),Chornomorets Odesa,Одеса,
vorskla-poltava,Ворскла (Полтава),Vorskla Poltava,Полтава,у 2003–04 — «Ворскла-Нафтогаз»
zorya-luhansk,Зоря (Луганськ),Zorya Luhansk,Луганськ,у 1992–94 — «Зоря-МАЛС»
kryvbas,Кривбас (Кривий Ріг),Kryvbas Kryvyi Rih,Кривий Ріг,старий (до 2013) + відроджений (з 2020) об'єднано — Transfermarkt веде як один клуб
tavriya-simferopol,Таврія (Сімферополь),Tavriya Simferopol,Сімферополь,
metalurh-zaporizhzhia,Металург (Запоріжжя),Metalurh Zaporizhzhia,Запоріжжя,
metalurh-donetsk,Металург (Донецьк),Metalurh Donetsk,Донецьк,
mariupol,Маріуполь / Іллічівець,FC Mariupol (Illichivets),Маріуполь,Металург (Маріуполь) 1997–2001 → Іллічівець 2002–2016 → ФК Маріуполь 2017–2022 — один клуб
arsenal-kyiv,Арсенал (Київ),Arsenal Kyiv,Київ,2001–2013 та відроджений 2014–2019 об'єднано; ЦСКА (Київ) — окремо (рішення для перевірки)
cska-kyiv,ЦСКА (Київ),CSKA Kyiv,Київ,у 1995 — «ЦСКА-Борисфен»; у 2001 місце в лізі перейшло «Арсеналу»
borysfen-boryspil,Борисфен (Бориспіль),Borysfen Boryspil,Бориспіль,
volyn-lutsk,Волинь (Луцьк),Volyn Lutsk,Луцьк,
hoverla-uzhhorod,Говерла / Закарпаття (Ужгород),Hoverla Uzhhorod (Zakarpattia),Ужгород,Закарпаття 2001–2011 → Говерла 2011–2016 — один клуб
zirka-kropyvnytskyi,Зірка (Кропивницький),Zirka Kropyvnytskyi,Кропивницький,Зірка-НІБАС 1995–96 → Зірка (Кіровоград) → Зірка (Кропивницький) 2016–18
oleksandriya,Олександрія,FC Oleksandriya,Олександрія,Поліграфтехніка 2001 → ФК Олександрія 2002 → ПФК Олександрія 2015+ об'єднано (рішення для перевірки)
obolon-kyiv,Оболонь (Київ),Obolon Kyiv,Київ,стара Оболонь (до 2013) + Оболонь-Бровар/Оболонь (з 2023) об'єднано (рішення для перевірки)
veres-rivne,Верес (Рівне),Veres Rivne,Рівне,1992–94 + відроджений 2017+ об'єднано
sevastopol,Севастополь,FC Sevastopol,Севастополь,
nyva-ternopil,Нива (Тернопіль),Nyva Ternopil,Тернопіль,
nyva-vinnytsia,Нива (Вінниця),Nyva Vinnytsia,Вінниця,
bukovyna-chernivtsi,Буковина (Чернівці),Bukovyna Chernivtsi,Чернівці,
kremin-kremenchuk,Кремінь (Кременчук),Kremin Kremenchuk,Кременчук,
temp-shepetivka,Темп (Шепетівка),Temp Shepetivka,Шепетівка,
torpedo-zaporizhzhia,Торпедо (Запоріжжя),Torpedo Zaporizhzhia,Запоріжжя,
prykarpattia,Прикарпаття (Івано-Франківськ),Prykarpattia Ivano-Frankivsk,Івано-Франківськ,
mykolaiv,СК Миколаїв,SC Mykolaiv,Миколаїв,
stal-alchevsk,Сталь (Алчевськ),Stal Alchevsk,Алчевськ,
naftovyk-okhtyrka,Нафтовик-Укрнафта (Охтирка),Naftovyk-Ukrnafta Okhtyrka,Охтирка,
fc-kharkiv,ФК Харків,FC Kharkiv,Харків,
fc-lviv-2008,ФК Львів (2006–2012),FC Lviv (2008),Львів,окремий від ПФК Львів (2018–22)
pfk-lviv,ПФК Львів,PFK Lviv,Львів,
desna-chernihiv,Десна (Чернігів),Desna Chernihiv,Чернігів,
minaj,Минай,FC Mynai,Минай,
inhulets-petrove,Інгулець (Петрове),Inhulets Petrove,Петрове,
kolos-kovalivka,Колос (Ковалівка),Kolos Kovalivka,Ковалівка,
lnz-cherkasy,ЛНЗ (Черкаси),LNZ Cherkasy,Черкаси,
livyi-bereh-kyiv,Лівий Берег (Київ),Livyi Bereh Kyiv,Київ,
olimpik-donetsk,Олімпік (Донецьк),Olimpik Donetsk,Донецьк,
stal-kamianske,Сталь (Кам'янське),Stal Kamianske,Кам'янське,не плутати зі Сталлю (Алчевськ)
rukh-lviv,Рух (Львів),Rukh Lviv,Львів,
sc-poltava,СК Полтава,SC Poltava,Полтава,
polissya-zhytomyr,Полісся (Житомир),Polissya Zhytomyr,Житомир,
epicentr,Епіцентр (Кам'янець-Подільський),Epitsentr Kamianets-Podilskyi,Кам'янець-Подільський,
kudrivka,Кудрівка,FC Kudrivka,Кудрівка,
