club_name,source,first,last,seasons,rows
Arsenal Kyiv,kaggle_tm,2012,2018,3,114
Chornomorets Odesa,kaggle_tm,2012,2024,11,336
Desna Chernigiv,kaggle_tm,2018,2021,4,101
Dnipro Dnipropetrovsk (-2020),kaggle_tm,2012,2016,5,149
Dynamo Kyiv,kaggle_tm,2012,2025,14,415
Epicentr Kamyanets-Podilskyi,kaggle_tm,2025,2025,1,30
FC Kudrivka,kaggle_tm,2025,2025,1,36
FC Minaj,kaggle_tm,2020,2023,4,116
FC Oleksandriya,kaggle_tm,2015,2025,11,323
FC Shakhtar Donetsk,kaggle_tm,2012,2025,14,410
FK Mariupol,kaggle_tm,2012,2021,8,243
FK Polissya Zhytomyr,kaggle_tm,2023,2025,3,104
FK Sevastopol (- 2014),kaggle_tm,2013,2013,1,35
Goverla Uzhgorod (- 2016),kaggle_tm,2012,2015,4,136
Ingulets Petrove,kaggle_tm,2020,2024,4,111
Karpaty Lviv,kaggle_tm,2024,2025,2,67
Karpaty Lviv (-2021),kaggle_tm,2012,2019,8,254
Kolos Kovalivka,kaggle_tm,2019,2025,7,201
Kryvbas Kryvyi Rig,kaggle_tm,2012,2025,5,152
LNZ Cherkasy,kaggle_tm,2023,2025,3,93
Livyi Bereg Kyiv,kaggle_tm,2024,2024,1,27
Metalist Kharkiv,kaggle_tm,2022,2022,1,37
Metalist Kharkiv (- 2016),kaggle_tm,2012,2015,4,143
Metalurg Donetsk (- 2015),kaggle_tm,2012,2014,3,93
Metalurg Zaporizhya (-2016),kaggle_tm,2012,2015,4,138
NK Veres Rivne,kaggle_tm,2017,2025,6,169
Obolon Kyiv,kaggle_tm,2023,2025,3,91
Olimpik Donetsk,kaggle_tm,2014,2020,7,218
PFK Lviv,kaggle_tm,2018,2022,5,158
PFK Stal Kamyanske (-2018),kaggle_tm,2015,2017,3,85
Rukh Lviv,kaggle_tm,2020,2025,6,209
SC Dnipro-1,kaggle_tm,2019,2023,5,132
SC Poltava,kaggle_tm,2025,2025,1,29
SK Tavriya Simferopol ( - 2022),kaggle_tm,2012,2013,2,60
TOV FK Metalist 1925 Kharkiv,kaggle_tm,2021,2025,4,107
Volyn Lutsk,kaggle_tm,2012,2016,5,161
Vorskla Poltava,kaggle_tm,2012,2024,13,363
Zirka Kropyvnytskyi,kaggle_tm,2016,2017,2,70
Zorya Lugansk,kaggle_tm,2012,2025,14,409
Александрия,wiki_ru,2011,2011,1,71
Арсенал (Киев),wiki_ru,2011,2011,1,57
Волынь (Луцк),wiki_ru,2011,2011,1,77
Ворскла (Полтава),wiki_ru,2011,2011,1,64
Динамо (Киев),wiki_ru,2011,2011,1,62
Днепр (Днепропетровск),wiki_ru,2011,2011,1,55
Заря (Луганск),wiki_ru,2011,2011,1,72
Ильичёвец (Мариуполь),wiki_ru,2011,2011,1,60
Карпаты (Львов),wiki_ru,2011,2011,1,73
Кривбасс (Кривой Рог),wiki_ru,2011,2011,1,59
Металлист (Харьков),wiki_ru,2011,2011,1,65
Металлург (Донецк),wiki_ru,2011,2011,1,58
Оболонь (Киев),wiki_ru,2011,2011,1,82
Таврия (Симферополь),wiki_ru,2011,2011,1,69
Черноморец (Одесса),wiki_ru,2011,2011,1,67
Шахтёр (Донецк),wiki_ru,2011,2011,1,58
«Іллічівець» (Маріуполь),wiki_uk,2002,2010,8,231
«Арсенал» (Київ),wiki_uk,2001,2010,10,304
«Борисфен» (Бориспіль),wiki_uk,2003,2004,2,74
«Буковина» (Чернівці),wiki_uk,1992,1993,2,56
«Верес» (Рівне),wiki_uk,1992,1994,3,85
«Волинь» (Луцьк),wiki_uk,1992,2010,9,315
«Ворскла-Нафтогаз» (Полтава),wiki_uk,2003,2004,2,81
«Ворскла» (Полтава),wiki_uk,1996,2010,13,357
«Динамо» (Київ),wiki_uk,1992,2010,19,580
«Дніпро» (Дніпропетровськ),wiki_uk,1992,2010,19,589
«Закарпаття» (Ужгород),wiki_uk,2001,2009,5,174
«Зоря-МАЛС» (Луганськ),wiki_uk,1992,1994,3,94
«Зоря» (Луганськ),wiki_uk,1995,2010,6,219
«Зірка-НІБАС» (Кіровоград),wiki_uk,1995,1996,2,51
«Зірка» (Кіровоград),wiki_uk,1997,2003,4,136
«Карпати» (Львів),wiki_uk,1992,2010,17,504
«Кремінь» (Кременчук),wiki_uk,1992,1996,5,146
«Кривбас» (Кривий Ріг),wiki_uk,1992,2010,19,628
«Металург» (Донецьк),wiki_uk,1997,2010,14,445
«Металург» (Запоріжжя),wiki_uk,1992,2010,19,627
«Металург» (Маріуполь),wiki_uk,1997,2001,5,144
«Металіст» (Харків),wiki_uk,1992,2010,14,415
«Нафтовик-Укрнафта» (Охтирка),wiki_uk,2007,2007,1,36
«Нива» (Вінниця),wiki_uk,1993,1996,4,137
«Нива» (Тернопіль),wiki_uk,1992,2000,9,245
«Оболонь» (Київ),wiki_uk,2002,2010,5,164
«Поліграфтехніка» (Олександрія),wiki_uk,2001,2001,1,30
«Прикарпаття» (Івано-Франківськ),wiki_uk,1994,1999,6,194
«Сталь» (Алчевськ),wiki_uk,2000,2006,3,93
«Таврія» (Сімферополь),wiki_uk,1992,2010,19,611
«Темп» (Шепетівка),wiki_uk,1993,1994,2,66
«Торпедо» (Запоріжжя),wiki_uk,1992,1997,6,182
«ЦСКА-Борисфен» (Київ),wiki_uk,1995,1995,1,28
«Чорноморець» (Одеса),wiki_uk,1992,2009,15,454
«Шахтар» (Донецьк),wiki_uk,1992,2010,19,528
ПФК «Севастополь»,wiki_uk,2010,2010,1,34
СК «Миколаїв»,wiki_uk,1994,1998,3,124
ФК «Львів»,wiki_uk,2008,2008,1,29
ФК «Олександрія»,wiki_uk,2002,2002,1,33
ФК «Харків»,wiki_uk,2005,2008,4,112
ЦСКА (Київ),wiki_uk,1996,2000,5,153
