club_slug,player_id,tm_id,name,apps
bukovyna-chernivtsi,tm:375659,375659,German Penkov,7
bukovyna-chernivtsi,tm:606248,606248,Danylo Karas,5
bukovyna-chernivtsi,tm:396400,396400,Ilya Putrya,2
bukovyna-chernivtsi,tm:524965,524965,Andriy Busko,7
bukovyna-chernivtsi,tm:289472,289472,Mykyta Bezuglyi,5
bukovyna-chernivtsi,tm:343622,343622,Petro Stasyuk,7
bukovyna-chernivtsi,tm:517081,517081,Vladyslav Pryimak,2
bukovyna-chernivtsi,tm:213980,213980,Vyacheslav Tankovskyi,6
bukovyna-chernivtsi,tm:688714,688714,Vitaliy Dakhnovskyi,5
bukovyna-chernivtsi,tm:325429,325429,Maksym Zaderaka,6
bukovyna-chernivtsi,tm:641426,641426,Vadym Vitenchuk,7
bukovyna-chernivtsi,tm:495923,495923,Oleg Ilyin,6
bukovyna-chernivtsi,tm:522328,522328,Vitaliy Grusha,6
bukovyna-chernivtsi,,1112993,Fedir Babak,4
bukovyna-chernivtsi,tm:343492,343492,Oleg Kozhushko,7
bukovyna-chernivtsi,tm:678783,678783,Yevgen Pidlepenets,5
bukovyna-chernivtsi,,1108564,Edwin Odinaka,6
bukovyna-chernivtsi,tm:751363,751363,Danylo Kravchuk,3
bukovyna-chernivtsi,,335461,Renat Dadashov,2
bukovyna-chernivtsi,,996871,Mor Talla,4
bukovyna-chernivtsi,tm:495922,495922,Maksym Voytikhovskyi,4
bukovyna-chernivtsi,,510263,Mihael Klepac,4
chornomorets-odesa,tm:1111147,1111147,Chijioke Aniagboso,6
chornomorets-odesa,tm:955349,955349,Oleksiy Gusev,3
chornomorets-odesa,tm:936859,936859,Moses Jarju,6
chornomorets-odesa,tm:935039,935039,Maryan Faryna,5
chornomorets-odesa,tm:1159925,1159925,Sergiy Korniychuk,3
chornomorets-odesa,tm:512496,512496,Vasyl Kurko,5
chornomorets-odesa,tm:426011,426011,Mykola Kogut,6
chornomorets-odesa,tm:244904,244904,Artur Avagimyan,6
chornomorets-odesa,tm:923514,923514,Vitaliy Faraseyenko,6
chornomorets-odesa,tm:983434,983434,Giorgi Robakidze,6
chornomorets-odesa,tm:294188,294188,Dmytro Klyots,5
chornomorets-odesa,tm:426008,426008,Ivan Kogut,1
chornomorets-odesa,tm:321146,321146,Vladyslav Klymenko,4
chornomorets-odesa,,1111910,Muhammed Jobe,2
chornomorets-odesa,tm:755174,755174,Danyil Alefirenko,5
chornomorets-odesa,tm:1045884,1045884,Christian Mba,3
chornomorets-odesa,,702335,Andriy Khoma,3
chornomorets-odesa,tm:726035,726035,Kiril Popov,6
chornomorets-odesa,tm:1141487,1141487,Vladyslav Gerych,1
chornomorets-odesa,tm:1284125,1284125,Jerry Yoka,5
chornomorets-odesa,tm:717413,717413,Oleg Pushkaryov,4
dynamo-kyiv,tm:206888,206888,Georgiy Bushchan,3
dynamo-kyiv,tm:911644,911644,Ilya Olkhovyi,1
dynamo-kyiv,tm:1063685,1063685,Vyacheslav Surkis,3
dynamo-kyiv,tm:1067225,1067225,Taras Mykhavko,6
dynamo-kyiv,tm:287792,287792,Oleksandr Tymchyk,2
dynamo-kyiv,tm:366723,366723,Vladyslav Dubinchak,5
dynamo-kyiv,tm:181118,181118,Tomasz Kędziora,4
dynamo-kyiv,tm:539436,539436,Kristian Bilovar,2
dynamo-kyiv,tm:748939,748939,Oleksiy Sych,5
dynamo-kyiv,tm:949111,949111,Aliou Thiaré,1
dynamo-kyiv,tm:935095,935095,Navin Malysh,5
dynamo-kyiv,tm:669306,669306,Volodymyr Brazhko,4
dynamo-kyiv,tm:368611,368611,Mykola Shaparenko,4
dynamo-kyiv,tm:294780,294780,Oleksandr Pikhalyonok,4
dynamo-kyiv,tm:167722,167722,Vitaliy Buyalskyi,3
dynamo-kyiv,tm:626475,626475,Mykola Mykhaylenko,2
dynamo-kyiv,tm:357917,357917,Justin Lonwijk,6
dynamo-kyiv,tm:666943,666943,Valentyn Rubchynskyi,5
dynamo-kyiv,tm:1074053,1074053,Matviy Ponomarenko,6
dynamo-kyiv,tm:726034,726034,Nazar Voloshyn,5
dynamo-kyiv,tm:210689,210689,Vladyslav Kabaev,6
dynamo-kyiv,tm:502842,502842,Eduardo Guerrero,3
dynamo-kyiv,,1380582,Keasse Bah,2
dynamo-kyiv,,1185913,Pierre Mounguengue,2
dynamo-kyiv,tm:69015,69015,Andriy Yarmolenko,6
epicentr,tm:574229,574229,Nikita Fedotov,7
epicentr,tm:449084,449084,Oleg Bilyk,1
epicentr,tm:419118,419118,Oleksandr Klymets,7
epicentr,,629716,Serjan Repaj,7
epicentr,tm:534474,534474,Nil Coch,7
epicentr,tm:203855,203855,Igor Kyryukhantsev,5
epicentr,tm:918615,918615,Stepan Grygorashchuk,1
epicentr,tm:248934,248934,Valeriy Luchkevych,4
epicentr,,1318854,Vitaliy Gorin,4
epicentr,tm:814830,814830,Mykola Myronyuk,7
epicentr,,677179,Raúl Tavares,6
epicentr,tm:396530,396530,Artem Kozak,7
epicentr,tm:386659,386659,Jon Ceberio,7
epicentr,tm:1134676,1134676,Daniil Vashchenko,3
epicentr,tm:380554,380554,Yevgen Zaporozhets,3
epicentr,tm:730874,730874,Andriy Lipovuz,1
epicentr,tm:1007020,1007020,Joaquinete,3
epicentr,tm:1067497,1067497,Vadym Sydun,7
epicentr,,881542,Nene,7
epicentr,tm:628473,628473,Carlos Rojas,7
epicentr,,1159024,Maksym Yevpak,5
fc-kharkiv,tm:775709,775709,Georgiy Yermakov,6
fc-kharkiv,tm:889438,889438,Ilya Krupskyi,6
fc-kharkiv,tm:771914,771914,Yevgen Pavlyuk,6
fc-kharkiv,tm:719652,719652,Oleksandr Martynyuk,2
fc-kharkiv,tm:962090,962090,Artem Smolyakov,6
fc-kharkiv,tm:930106,930106,Volodymyr Salyuk,3
fc-kharkiv,tm:787776,787776,Valeriy Dubko,1
fc-kharkiv,tm:236468,236468,Artem Shabanov,6
fc-kharkiv,tm:343151,343151,Ivan Kalyuzhnyi,6
fc-kharkiv,,1158799,Rafael Profini,4
fc-kharkiv,tm:726019,726019,Oleksandr Yatsyk,4
fc-kharkiv,tm:981181,981181,Nicolás Arévalo,2
fc-kharkiv,tm:448868,448868,Igor Kogut,2
fc-kharkiv,tm:1179658,1179658,Peter Itodo,6
fc-kharkiv,tm:755164,755164,Baton Zabergja,6
fc-kharkiv,tm:885150,885150,Carlos Paraco,6
fc-kharkiv,tm:1158515,1158515,Ramik Gadzhyev,6
fc-kharkiv,tm:972535,972535,Ermir Rashica,5
fc-kharkiv,tm:383325,383325,Denys Antyukh,4
fc-kharkiv,tm:1031575,1031575,Sebastián Castillo,6
kudrivka,tm:225632,225632,Anton Yashkov,7
kudrivka,tm:1052387,1052387,Myroslav Serdyuk,4
kudrivka,tm:935053,935053,Mykola Ogarkov,5
kudrivka,tm:752691,752691,Bogdan Veklyak,6
kudrivka,tm:495918,495918,Dmytro Semenov,4
kudrivka,tm:461666,461666,Maksym Melnychuk,2
kudrivka,tm:951690,951690,Yuriy Potimkov,2
kudrivka,,1270732,Matías Rosales,3
kudrivka,tm:315237,315237,Yevgeniy Pasich,7
kudrivka,tm:524031,524031,Oleksandr Belyaev,7
kudrivka,tm:522329,522329,Artur Dumanyuk,6
kudrivka,tm:396532,396532,Yevgeniy Smyrnyi,7
kudrivka,tm:830079,830079,Rodion Plaksa,2
kudrivka,tm:548653,548653,Kaya Makosso,4
kudrivka,tm:1448405,1448405,Victor Adeoye,2
kudrivka,tm:935047,935047,Kyrylo Sigeev,3
kudrivka,tm:216842,216842,Mykola Vechurko,1
kudrivka,,1138724,Demyan Yesin,2
kudrivka,tm:837005,837005,Raymond Owusu,7
kudrivka,tm:722371,722371,Denys Svityukha,7
kudrivka,tm:942475,942475,Reynaldiño Verley,7
kudrivka,tm:923512,923512,Sergiy Sten,3
kudrivka,tm:913115,913115,Kostyantyn Bychek,4
kudrivka,tm:203074,203074,Ivan Petryak,5
kudrivka,,935051,Oleksandr Yushchenko,5
karpaty-lviv,tm:1159511,1159511,Denys Marchenko,5
karpaty-lviv,tm:117481,117481,Roman Mysak,2
karpaty-lviv,tm:567873,567873,Vladyslav Baboglo,7
karpaty-lviv,tm:1090422,1090422,Jean Pedroso,7
karpaty-lviv,,212849,Iván Calero,6
karpaty-lviv,tm:396536,396536,Roman Vantukh,7
karpaty-lviv,tm:533537,533537,Rostyslav Lyakh,6
karpaty-lviv,tm:1050852,1050852,Vitaliy Kholod,1
karpaty-lviv,tm:244262,244262,Denys Miroshnichenko,6
karpaty-lviv,tm:549960,549960,Tymur Stetskov,4
karpaty-lviv,,1097103,Fellipe Vieira,7
karpaty-lviv,tm:794617,794617,Yan Kostenko,4
karpaty-lviv,,495622,Moha Moukhliss,7
karpaty-lviv,tm:1052373,1052373,Artur Shakh,1
karpaty-lviv,tm:212232,212232,Ambrosiy Chachua,7
karpaty-lviv,tm:892049,892049,Marko Sapuga,3
karpaty-lviv,,668182,Bruno Iglesias,4
karpaty-lviv,tm:1362423,1362423,Eriki,2
karpaty-lviv,tm:366729,366729,Nazariy Rusyn,7
karpaty-lviv,tm:572271,572271,Xeber Alkain,7
karpaty-lviv,tm:1007020,1007020,Joaquinete,3
karpaty-lviv,tm:789583,789583,Yaroslav Karabin,4
karpaty-lviv,,807692,Joseph Séry,4
karpaty-lviv,tm:1436068,1436068,Oleksandr Dyedov,1
kolos-kovalivka,tm:1083190,1083190,Ivan Pakholyuk,5
kolos-kovalivka,tm:539425,539425,Valentyn Morgun,1
kolos-kovalivka,tm:708240,708240,Eduard Kozik,3
kolos-kovalivka,tm:522833,522833,Andriy Ponedelnik,4
kolos-kovalivka,tm:213865,213865,Mykyta Burda,2
kolos-kovalivka,tm:884849,884849,Daniil Khrypchuk,6
kolos-kovalivka,tm:916226,916226,Zurab Rukhadze,2
kolos-kovalivka,tm:155964,155964,Andriy Tsurikov,4
kolos-kovalivka,tm:382895,382895,Roman Goncharenko,6
kolos-kovalivka,,1125320,Oleksandr Savchuk,3
kolos-kovalivka,tm:658060,658060,Nika Gagnidze,1
kolos-kovalivka,tm:642947,642947,Elias Telles,5
kolos-kovalivka,tm:608760,608760,Arinaldo Rrapaj,5
kolos-kovalivka,tm:543380,543380,Ibrahim Kane,6
kolos-kovalivka,tm:463845,463845,Oleksandr Demchenko,6
kolos-kovalivka,,1057811,Irgi Kasalla,5
kolos-kovalivka,tm:626771,626771,Luka Stankovski,1
kolos-kovalivka,tm:1180068,1180068,Daniil Denysenko,4
kolos-kovalivka,tm:1134218,1134218,Artem Gusol,2
kolos-kovalivka,tm:892025,892025,Anton Salabay,6
kolos-kovalivka,tm:501612,501612,Yuriy Klymchuk,6
kolos-kovalivka,tm:808971,808971,Denys Ndukve,6
kolos-kovalivka,tm:808465,808465,Ardit Tahiri,6
kryvbas,tm:729638,729638,Oleksandr Kemkin,6
kryvbas,tm:1140013,1140013,Volodymyr Vilivald,6
kryvbas,tm:1053568,1053568,Joseph Jones,5
kryvbas,tm:702664,702664,Ante Bekavac,2
kryvbas,tm:1222645,1222645,Thiago Borges,5
kryvbas,,1235464,João Machado,5
kryvbas,,1029599,Jimmy Mpanzu,3
kryvbas,tm:672616,672616,Jan Jurcec,4
kryvbas,tm:1266282,1266282,Yaroslav Shevchenko,6
kryvbas,tm:1101761,1101761,Giovany Herbert,6
kryvbas,tm:812755,812755,Denys Pidgurskyi,6
kryvbas,,966006,Roy Nawi,6
kryvbas,tm:1293294,1293294,Oleksandr Kamenskyi,5
kryvbas,,1015354,Santiago Cuiza,3
kryvbas,tm:1130335,1130335,Dmytro Godya,1
kryvbas,tm:966009,966009,Bar Lin,1
kryvbas,,633683,Yackson Rivas,4
kryvbas,tm:856056,856056,Assane Seck,6
kryvbas,tm:1179284,1179284,Volodymyr Mulyk,6
kryvbas,,1122399,Shakeone Satchwell,3
kryvbas,tm:1293298,1293298,Matviy Bodnar,3
kryvbas,tm:1268326,1268326,Tymur Butenko,1
lnz-cherkasy,tm:937917,937917,Dmytro Ledviy,5
lnz-cherkasy,tm:58939,58939,Oleksiy Palamarchuk,2
lnz-cherkasy,tm:702561,702561,Roman Didyk,6
lnz-cherkasy,tm:623319,623319,Oleksandr Drambayev,7
lnz-cherkasy,tm:539738,539738,Oleg Gorin,1
lnz-cherkasy,tm:533318,533318,Nazariy Muravskyi,7
lnz-cherkasy,tm:628329,628329,Ajdi Dajko,2
lnz-cherkasy,tm:717199,717199,Bogdan Slyubyk,2
lnz-cherkasy,tm:723621,723621,Denys Kuzyk,7
lnz-cherkasy,tm:758845,758845,Yegor Tverdokhlib,3
lnz-cherkasy,tm:633850,633850,Artur Ryabov,7
lnz-cherkasy,tm:517284,517284,Muharrem Jashari,2
lnz-cherkasy,tm:1061628,1061628,Yevgeniy Pastukh,7
lnz-cherkasy,tm:882089,882089,Adam Yakubu,7
lnz-cherkasy,tm:740732,740732,Talles Brener,5
lnz-cherkasy,tm:315236,315236,Gennadiy Pasich,7
lnz-cherkasy,,1354298,Myroslav Donyk,1
lnz-cherkasy,tm:1033040,1033040,Mark Assinor,6
lnz-cherkasy,tm:646153,646153,Tedi Cara,5
lnz-cherkasy,tm:726036,726036,Artur Mykytyshyn,5
lnz-cherkasy,,503727,Cody David,5
lnz-cherkasy,tm:743627,743627,Jewison Bennette,1
lnz-cherkasy,tm:751363,751363,Danylo Kravchuk,2
lnz-cherkasy,tm:568702,568702,Papa Ndiaga Yade,3
livyi-bereh-kyiv,tm:524021,524021,Roman Zhmurko,6
livyi-bereh-kyiv,tm:577844,577844,Oleg Sokolov,5
livyi-bereh-kyiv,tm:662418,662418,Sidnney,5
livyi-bereh-kyiv,tm:521841,521841,Andriy Yakymiv,6
livyi-bereh-kyiv,tm:825229,825229,Valeriy Samar,1
livyi-bereh-kyiv,,775904,Ilya Kovalenko,4
livyi-bereh-kyiv,,955684,Nicholas Osei Bonsu,4
livyi-bereh-kyiv,tm:365540,365540,Valeriy Bondarenko,3
livyi-bereh-kyiv,,958383,Séverin Tatolna,2
livyi-bereh-kyiv,,1289131,Ivan Kotukha,1
livyi-bereh-kyiv,tm:1375876,1375876,Diego Henrique,5
livyi-bereh-kyiv,tm:765401,765401,Nazariy Vorobchak,6
livyi-bereh-kyiv,tm:470831,470831,Vikentiy Voloshyn,4
livyi-bereh-kyiv,tm:511909,511909,Artem Chelyadin,3
livyi-bereh-kyiv,tm:964036,964036,Oleg Kryvoruchko,4
livyi-bereh-kyiv,tm:343316,343316,Sergiy Kosovskyi,2
livyi-bereh-kyiv,tm:242272,242272,Yevgen Banada,6
livyi-bereh-kyiv,,1293328,Vitaliy Tishchenko,1
livyi-bereh-kyiv,tm:936825,936825,Ilya Kvasnytsya,5
livyi-bereh-kyiv,tm:359796,359796,Dmytro Shastal,6
livyi-bereh-kyiv,,1224806,Wendell,6
livyi-bereh-kyiv,,1165942,Nazar Voloshyn,3
livyi-bereh-kyiv,,1543501,Pape Fall,4
veres-rivne,tm:725356,725356,Valentyn Gorokh,7
veres-rivne,tm:685375,685375,Kai Cipot,5
veres-rivne,tm:567505,567505,Konstantinos Stamoulis,4
veres-rivne,tm:951439,951439,Maksym Smiyan,6
veres-rivne,tm:775830,775830,Semen Vovchenko,7
veres-rivne,tm:935107,935107,Mykhaylo Protasevych,5
veres-rivne,tm:1173335,1173335,Danyil Checher,7
veres-rivne,,1291383,Pavlo Bagriy,1
veres-rivne,,1219485,Andrey,1
veres-rivne,tm:1082597,1082597,Fabrício Yan,7
veres-rivne,tm:213976,213976,Igor Kharatin,7
veres-rivne,tm:1522779,1522779,David Niyo,5
veres-rivne,tm:1209124,1209124,Rostyslav Baran,7
veres-rivne,,1293302,Stanislav Migutskyi,1
veres-rivne,tm:548993,548993,André Gonçalves,7
veres-rivne,,1023268,Nathanael Blair,5
veres-rivne,tm:520400,520400,Vladyslav Sharay,7
veres-rivne,tm:574774,574774,Wesley Pomba,2
veres-rivne,tm:1253920,1253920,Guilherme Bahia,5
veres-rivne,tm:1417090,1417090,Alagie Wally,3
veres-rivne,,1122007,Mykyta Aleksandrov,3
veres-rivne,tm:1381775,1381775,Anton Vydrych,3
obolon-kyiv,tm:305418,305418,Nazariy Fedorivskyi,6
obolon-kyiv,,1171181,Kyrylo Barantsov,2
obolon-kyiv,tm:718408,718408,Dmytro Kapinus,6
obolon-kyiv,tm:363740,363740,Yevgeniy Shevchenko,4
obolon-kyiv,tm:216579,216579,Pavlo Polegenko,6
obolon-kyiv,tm:572399,572399,Kyrylo Prokopchuk,7
obolon-kyiv,tm:1249850,1249850,Oleksandr Zhovtenko,3
obolon-kyiv,tm:169260,169260,Vitaliy Yermakov,6
obolon-kyiv,tm:380376,380376,Yevgeniy Morozko,3
obolon-kyiv,tm:396401,396401,Maksym Chekh,6
obolon-kyiv,tm:320248,320248,Oleg Slobodyan,6
obolon-kyiv,tm:729196,729196,Roman Volokhatyi,6
obolon-kyiv,tm:726016,726016,Denys Shostak,2
obolon-kyiv,tm:522832,522832,Taras Moroz,5
obolon-kyiv,tm:212243,212243,Dmytro Myshnyov,6
obolon-kyiv,tm:745252,745252,Artem Kulakovskyi,2
obolon-kyiv,tm:622410,622410,Denys Ustymenko,7
obolon-kyiv,tm:261780,261780,Artem Shulyanskyi,5
obolon-kyiv,tm:491264,491264,Sergiy Sukhanov,5
obolon-kyiv,tm:955213,955213,Andriy Matkevych,6
obolon-kyiv,tm:882717,882717,Denys Teslyuk,2
obolon-kyiv,tm:1187437,1187437,Taras Lyakh,6
obolon-kyiv,tm:168830,168830,Igor Medynskyi,4
obolon-kyiv,,1316190,Sergiy Rebrysh,1
polissya-zhytomyr,tm:206888,206888,Georgiy Bushchan,3
polissya-zhytomyr,tm:341485,341485,Oleg Kudryk,4
polissya-zhytomyr,tm:678778,678778,Eduard Sarapiy,4
polissya-zhytomyr,tm:294730,294730,Bogdan Mykhaylichenko,7
polissya-zhytomyr,tm:245021,245021,Sergiy Chobotenko,6
polissya-zhytomyr,tm:370399,370399,Mykyta Kravchenko,2
polissya-zhytomyr,tm:624808,624808,Ilir Krasniqi,6
polissya-zhytomyr,tm:888342,888342,Giorgi Maisuradze,4
polissya-zhytomyr,,1121513,Denys Gryshkevych,1
polissya-zhytomyr,tm:892105,892105,Lindon Emërllahu,6
polissya-zhytomyr,tm:892097,892097,Andrusw Araujo,2
polissya-zhytomyr,tm:844373,844373,Borys Krushynskyi,3
polissya-zhytomyr,tm:773961,773961,Oleg Fedor,7
polissya-zhytomyr,tm:207074,207074,Oleksandr Andriyevskyi,6
polissya-zhytomyr,tm:294746,294746,Volodymyr Shepelev,1
polissya-zhytomyr,tm:836428,836428,Borel Tomandzoto,1
polissya-zhytomyr,tm:94928,94928,Ruslan Babenko,7
polissya-zhytomyr,,669959,Leandro Andrade,7
polissya-zhytomyr,tm:495920,495920,Oleksandr Nazarenko,7
polissya-zhytomyr,tm:1045187,1045187,Igor Krasnopir,7
polissya-zhytomyr,tm:729781,729781,Vladyslav Veleten,6
polissya-zhytomyr,tm:695310,695310,Maksym Bragaru,7
polissya-zhytomyr,tm:860701,860701,Mykola Gayduchyk,7
polissya-zhytomyr,tm:237623,237623,Oleksandr Filippov,1
shakhtar-donetsk,tm:597880,597880,Dmytro Riznyk,7
shakhtar-donetsk,tm:289059,289059,Mykola Matvienko,6
shakhtar-donetsk,tm:396394,396394,Valeriy Bondar,6
shakhtar-donetsk,tm:858712,858712,Pedro Henrique,7
shakhtar-donetsk,tm:743587,743587,Vinícius Tobias,5
shakhtar-donetsk,tm:530696,530696,Irakli Azarovi,2
shakhtar-donetsk,tm:657796,657796,Alaa Ghram,3
shakhtar-donetsk,tm:59322,59322,Oleksandr Karavaev,5
shakhtar-donetsk,tm:668235,668235,Marlon Gomes,3
shakhtar-donetsk,tm:1219752,1219752,Isaque,6
shakhtar-donetsk,tm:537854,537854,Artem Bondarenko,3
shakhtar-donetsk,tm:708241,708241,Oleg Ocheretko,7
shakhtar-donetsk,tm:537852,537852,Dmytro Kryskiv,3
shakhtar-donetsk,tm:430190,430190,Yegor Nazaryna,5
shakhtar-donetsk,tm:1057222,1057222,Viktor Tsukanov,2
shakhtar-donetsk,tm:1119009,1119009,Kauã Elias,6
shakhtar-donetsk,tm:1083070,1083070,Alisson,6
shakhtar-donetsk,,1089144,Gabriel Carvalho,2
shakhtar-donetsk,tm:515208,515208,Pedrinho,3
shakhtar-donetsk,tm:1220143,1220143,Luca Meirelles,5
shakhtar-donetsk,tm:551695,551695,Lassina Traoré,3
shakhtar-donetsk,tm:1082823,1082823,Newerton,7
shakhtar-donetsk,tm:1219849,1219849,Lucas Ferreira,4
shakhtar-donetsk,tm:1029207,1029207,Gleiker Mendoza,6
zorya-luhansk,tm:936008,936008,Oleksandr Saputin,3
zorya-luhansk,tm:880039,880039,Vladyslav Rybak,4
zorya-luhansk,tm:623318,623318,llya Karavashchenko,1
zorya-luhansk,tm:546532,546532,Jordan,7
zorya-luhansk,tm:603126,603126,Andrija Janjic,5
zorya-luhansk,tm:606952,606952,Juninho,4
zorya-luhansk,tm:807731,807731,Artem Machelyuk,7
zorya-luhansk,tm:794896,794896,Gabriel Eskinja,1
zorya-luhansk,,1094948,Ítalo,3
zorya-luhansk,tm:245048,245048,Vasyl Kravets,3
zorya-luhansk,tm:201671,201671,Igor Perduta,7
zorya-luhansk,tm:620722,620722,Dejan Popara,6
zorya-luhansk,tm:656172,656172,Jakov Basic,5
zorya-luhansk,tm:887142,887142,Ivan Nesterenko,7
zorya-luhansk,tm:717392,717392,Anton Glushchenko,6
zorya-luhansk,tm:428603,428603,Bogdan Kushnirenko,4
zorya-luhansk,tm:501417,501417,Kyrylo Dryshlyuk,3
zorya-luhansk,,940850,Maksym Boyko,2
zorya-luhansk,tm:157373,157373,Vladlen Yurchenko,2
zorya-luhansk,tm:935109,935109,Artem Slesar,7
zorya-luhansk,tm:774067,774067,Igor Gorbach,3
zorya-luhansk,tm:888190,888190,Domagoj Jelavic,7
zorya-luhansk,tm:282734,282734,Gerson Rodrigues,1
zorya-luhansk,tm:99863,99863,Pylyp Budkivskyi,7
zorya-luhansk,tm:1262359,1262359,Fedir Zadorozhnyi,2
