club,club_uk,person_id,tm_id,name,name_tm,line,tm_pos,apps,goals,assists,minutes,gk_conceded,gk_clean_sheets,club_games,club_place,source,rating,rating_2025,stage4,note
bukovyna-chernivtsi,Буковина (Чернівці),tm:325429,325429,Максим Задерака,Maksym Zaderaka,MF,Attacking Midfield,6,0,1,370,,,7,11,carried 2025/26,83,83,70.1,"kryvbas, 27 apps"
bukovyna-chernivtsi,Буковина (Чернівці),tm:375659,375659,Герман Пеньков,German Penkov,GK,Goalkeeper,7,0,0,630,6,4,7,11,debut: rounds,78,,78.4,"returning, last card 2024"
bukovyna-chernivtsi,Буковина (Чернівці),tm:524965,524965,Андрій Бусько,Andriy Busko,DF,Centre-Back,7,0,1,623,,,7,11,debut: rounds,77,,76.8,"returning, last card 2022"
bukovyna-chernivtsi,Буковина (Чернівці),tm:751363,751363,Данило Кравчук,Danylo Kravchuk,FW,Centre-Forward,3,0,0,194,,,7,11,carried 2025/26,76,76,54.8,"lnz-cherkasy, 26 apps"
bukovyna-chernivtsi,Буковина (Чернівці),tm:213980,213980,В'ячеслав Танковський,Vyacheslav Tankovskyi,MF,Central Midfield,6,1,0,256,,,7,11,carried 2025/26,76,76,70.1,"lnz-cherkasy, 16 apps"
bukovyna-chernivtsi,Буковина (Чернівці),tm:343622,343622,Петро Стасюк,Petro Stasyuk,DF,Left-Back,7,0,0,630,,,7,11,debut: rounds,74,,74.5,"returning, last card 2024"
bukovyna-chernivtsi,Буковина (Чернівці),tm:343492,343492,Олег Кожушко,Oleg Kozhushko,FW,Centre-Forward,7,1,0,352,,,7,11,debut: rounds,73,,72.8,"returning, last card 2024"
bukovyna-chernivtsi,Буковина (Чернівці),tm:495923,495923,Олег Ільїн,Oleg Ilyin,MF,Right Midfield,6,1,0,316,,,7,11,carried 2025/26,72,72,70.1,"obolon-kyiv, 11 apps"
bukovyna-chernivtsi,Буковина (Чернівці),tm:522328,522328,Віталій Груша,Vitaliy Grusha,MF,Attacking Midfield,6,0,1,421,,,7,11,debut: rounds,70,,70.1,"returning, last card 2024"
bukovyna-chernivtsi,Буковина (Чернівці),tm:517081,517081,Владислав Приймак,Vladyslav Pryimak,DF,Centre-Back,2,0,0,180,,,7,11,carried 2025/26,70,70,53.5,"obolon-kyiv, 16 apps"
bukovyna-chernivtsi,Буковина (Чернівці),tm:641426,641426,Вадим Вітенчук,Vadym Vitenchuk,MF,Defensive Midfield,7,0,0,596,,,7,11,debut: rounds,69,,68.9,"returning, last card 2024"
bukovyna-chernivtsi,Буковина (Чернівці),tm:606248,606248,Данило Карась,Danylo Karas,DF,Centre-Back,5,0,0,450,,,7,11,debut: rounds,64,,64.3,"returning, last card 2024"
bukovyna-chernivtsi,Буковина (Чернівці),tm:289472,289472,Микита Безуглий,Mykyta Bezuglyi,DF,Centre-Back,5,0,0,450,,,7,11,debut: rounds,64,,64.3,"returning, last card 2023"
bukovyna-chernivtsi,Буковина (Чернівці),tm:396400,396400,Ілля Путря,Ilya Putrya,DF,Right-Back,2,0,0,180,,,7,11,carried 2025/26,63,63,53.5,"lnz-cherkasy, 4 apps"
bukovyna-chernivtsi,Буковина (Чернівці),tm:688714,688714,Віталій Дахновський,Vitaliy Dakhnovskyi,MF,Left Midfield,5,0,0,260,,,7,11,debut: rounds,61,,61.3,"returning, last card 2024"
bukovyna-chernivtsi,Буковина (Чернівці),,1108564,Edwin Odinaka,Edwin Odinaka,FW,Right Winger,6,0,0,279,,,7,11,debut: rounds,60,,59.9,new to pool
bukovyna-chernivtsi,Буковина (Чернівці),tm:495922,495922,Максим Войтиховський,Maksym Voytikhovskyi,DF,Centre-Forward,4,0,0,108,,,7,11,debut: rounds,60,,60.2,"returning, last card 2022"
bukovyna-chernivtsi,Буковина (Чернівці),,1112993,Fedir Babak,Fedir Babak,MF,Central Midfield,4,0,0,20,,,7,11,debut: rounds,58,,58.0,new to pool
bukovyna-chernivtsi,Буковина (Чернівці),tm:678783,678783,Євген Підлепенець,Yevgen Pidlepenets,FW,Right Winger,5,0,0,174,,,7,11,debut: rounds,58,,57.8,"returning, last card 2024"
bukovyna-chernivtsi,Буковина (Чернівці),,510263,Mihael Klepac,Mihael Klepac,FW,Left Winger,4,0,0,173,,,7,11,debut: rounds,56,,55.6,new to pool
bukovyna-chernivtsi,Буковина (Чернівці),,996871,Mor Talla,Mor Talla,FW,Right Winger,4,0,0,188,,,7,11,debut: rounds,56,,55.6,new to pool
bukovyna-chernivtsi,Буковина (Чернівці),,335461,Renat Dadashov,Renat Dadashov,FW,Centre-Forward,2,0,0,81,,,7,11,debut: rounds,54,,53.5,new to pool
chornomorets-odesa,Чорноморець (Одеса),tm:1045884,1045884,Крістіан Мба,Christian Mba,FW,Centre-Forward,3,0,0,158,,,6,14,carried 2025/26,76,76,53.1,"metalist-1925, 23 apps"
chornomorets-odesa,Чорноморець (Одеса),tm:726035,726035,Кирило Попов,Kiril Popov,FW,Centre-Forward,6,1,1,409,,,6,14,debut: rounds,72,,72.1,"returning, last card 2024"
chornomorets-odesa,Чорноморець (Одеса),tm:294188,294188,Дмитро Кльоц,Dmytro Klyots,MF,Central Midfield,5,0,0,154,,,6,14,carried 2025/26,70,70,60.8,"veres-rivne, 20 apps"
chornomorets-odesa,Чорноморець (Одеса),tm:983434,983434,Георгій Робакідзе,Giorgi Robakidze,MF,Central Midfield,6,1,0,458,,,6,14,debut: rounds,70,,69.5,"returning, last card 2024"
chornomorets-odesa,Чорноморець (Одеса),tm:955349,955349,Олексій Гусєв,Oleksiy Gusev,DF,Right-Back,3,0,0,241,,,6,14,carried 2025/26,70,70,55.6,"kudrivka, 15 apps"
chornomorets-odesa,Чорноморець (Одеса),tm:923514,923514,Віталій Фарасеєнко,Vitaliy Faraseyenko,MF,Right Midfield,6,1,0,362,,,6,14,debut: rounds,70,,69.5,"returning, last card 2024"
chornomorets-odesa,Чорноморець (Одеса),tm:1111147,1111147,Чіджіоке Аніагбосо,Chijioke Aniagboso,GK,Goalkeeper,6,0,0,540,7,2,6,14,debut: rounds,68,,67.9,"returning, last card 2024"
chornomorets-odesa,Чорноморець (Одеса),tm:936859,936859,Мозес Джарджу,Moses Jarju,DF,Centre-Back,6,0,0,540,,,6,14,debut: rounds,68,,68.3,"returning, last card 2024"
chornomorets-odesa,Чорноморець (Одеса),tm:1159925,1159925,Сергій Корнійчук,Sergiy Korniychuk,DF,Left-Back,3,0,0,65,,,6,14,carried 2025/26,68,68,55.6,"veres-rivne, 12 apps"
chornomorets-odesa,Чорноморець (Одеса),tm:512496,512496,Василь Курко,Vasyl Kurko,MF,Defensive Midfield,5,0,0,436,,,6,14,carried 2025/26,68,68,60.8,"obolon-kyiv, 11 apps"
chornomorets-odesa,Чорноморець (Одеса),tm:755174,755174,Данило Алефіренко,Danyil Alefirenko,FW,Left Winger,5,0,0,284,,,6,14,carried 2025/26,67,67,56.1,"kolos-kovalivka, 22 apps"
chornomorets-odesa,Чорноморець (Одеса),tm:935039,935039,Мар'ян Фарина,Maryan Faryna,DF,Centre-Back,5,0,0,450,,,6,14,carried 2025/26,66,66,63.3,"kudrivka, 11 apps"
chornomorets-odesa,Чорноморець (Одеса),tm:426011,426011,Микола Когут,Mykola Kogut,MF,Right Midfield,6,0,0,442,,,6,14,debut: rounds,64,,64.1,"returning, last card 2024"
chornomorets-odesa,Чорноморець (Одеса),tm:321146,321146,Владислав Клименко,Vladyslav Klymenko,MF,Central Midfield,4,0,0,299,,,6,14,carried 2025/26,64,64,57.3,"karpaty-lviv, 8 apps"
chornomorets-odesa,Чорноморець (Одеса),tm:717413,717413,Олег Пушкарьов,Oleg Pushkaryov,FW,Left Winger,4,0,0,324,,,6,14,carried 2025/26,62,62,54.5,"kudrivka, 10 apps"
chornomorets-odesa,Чорноморець (Одеса),tm:1284125,1284125,Джеррі Йока,Jerry Yoka,FW,Centre-Forward,5,0,0,213,,,6,14,debut: rounds,56,,56.1,"returning, last card 2024"
chornomorets-odesa,Чорноморець (Одеса),,702335,Andriy Khoma,Andriy Khoma,FW,Centre-Forward,3,0,0,39,,,6,14,debut: rounds,53,,53.1,new to pool
chornomorets-odesa,Чорноморець (Одеса),tm:244904,244904,Артур Авагімян,Artur Avagimyan,MF,Attacking Midfield,6,0,0,291,,,6,14,carried 2025/26,53,53,64.1,"lnz-cherkasy, 1 apps"
chornomorets-odesa,Чорноморець (Одеса),,1111910,Muhammed Jobe,Muhammed Jobe,MF,Defensive Midfield,2,0,0,127,,,6,14,debut: rounds,52,,52.3,new to pool
chornomorets-odesa,Чорноморець (Одеса),tm:1141487,1141487,Владислав Герич,Vladyslav Gerych,FW,Left Winger,1,0,0,90,,,6,14,debut: rounds,52,,51.5,"returning, last card 2022"
chornomorets-odesa,Чорноморець (Одеса),tm:426008,426008,Іван Когут,Ivan Kogut,MF,Left Midfield,1,0,0,19,,,6,14,debut: rounds,51,,50.8,"returning, last card 2024"
dynamo-kyiv,Динамо (Київ),tm:1074053,1074053,Матвій Пономаренко,Matviy Ponomarenko,FW,Centre-Forward,6,4,0,482,,,6,4,carried 2025/26,87,87,80.9,"dynamo-kyiv, 15 apps"
dynamo-kyiv,Динамо (Київ),tm:167722,167722,Віталій Буяльський,Vitaliy Buyalskyi,MF,Attacking Midfield,3,0,1,173,,,6,4,carried 2025/26,86,86,60.9,"dynamo-kyiv, 25 apps"
dynamo-kyiv,Динамо (Київ),tm:294780,294780,Олександр Піхальонок,Oleksandr Pikhalyonok,MF,Central Midfield,4,0,0,46,,,6,4,carried 2025/26,85,85,61.7,"dynamo-kyiv, 29 apps"
dynamo-kyiv,Динамо (Київ),tm:368611,368611,Микола Шапаренко,Mykola Shaparenko,MF,Central Midfield,4,0,1,305,,,6,4,carried 2025/26,83,83,65.0,"dynamo-kyiv, 24 apps"
dynamo-kyiv,Динамо (Київ),tm:69015,69015,Андрій Ярмоленко,Andriy Yarmolenko,FW,Right Winger,6,1,0,359,,,6,4,carried 2025/26,82,82,72.8,"dynamo-kyiv, 22 apps"
dynamo-kyiv,Динамо (Київ),tm:726034,726034,Назар Волошин,Nazar Voloshyn,FW,Right Winger,5,0,1,192,,,6,4,carried 2025/26,82,82,64.8,"dynamo-kyiv, 27 apps"
dynamo-kyiv,Динамо (Київ),tm:1067225,1067225,Тарас Михавко,Taras Mykhavko,DF,Centre-Back,6,0,0,482,,,6,4,carried 2025/26,82,82,74.8,"dynamo-kyiv, 25 apps"
dynamo-kyiv,Динамо (Київ),tm:669306,669306,Володимир Бражко,Volodymyr Brazhko,MF,Defensive Midfield,4,2,0,310,,,6,4,carried 2025/26,82,82,68.3,"dynamo-kyiv, 23 apps"
dynamo-kyiv,Динамо (Київ),tm:502842,502842,Едуардо Герреро,Eduardo Guerrero,FW,Centre-Forward,3,0,0,147,,,6,4,carried 2025/26,81,81,57.4,"dynamo-kyiv, 23 apps"
dynamo-kyiv,Динамо (Київ),tm:626475,626475,Микола Михайленко,Mykola Mykhaylenko,MF,Defensive Midfield,2,0,0,28,,,6,4,carried 2025/26,79,79,54.8,"dynamo-kyiv, 23 apps"
dynamo-kyiv,Динамо (Київ),tm:539436,539436,Крістіан Біловар,Kristian Bilovar,DF,Centre-Back,2,0,1,180,,,6,4,carried 2025/26,77,77,55.6,"dynamo-kyiv, 18 apps"
dynamo-kyiv,Динамо (Київ),tm:748939,748939,Олексій Сич,Oleksiy Sych,DF,Right-Back,5,0,1,405,,,6,4,carried 2025/26,77,77,69.8,"karpaty-lviv, 18 apps"
dynamo-kyiv,Динамо (Київ),tm:366723,366723,Владислав Дубинчак,Vladyslav Dubinchak,DF,Left-Back,5,0,1,434,,,6,4,carried 2025/26,77,77,69.8,"dynamo-kyiv, 14 apps"
dynamo-kyiv,Динамо (Київ),tm:949111,949111,Аліу Тіаре,Aliou Thiaré,DF,Centre-Back,1,0,0,58,,,6,4,carried 2025/26,75,75,52.2,"dynamo-kyiv, 9 apps"
dynamo-kyiv,Динамо (Київ),tm:287792,287792,Олександр Тимчик,Oleksandr Tymchyk,DF,Right-Back,2,1,0,102,,,6,4,carried 2025/26,74,74,55.6,"dynamo-kyiv, 11 apps"
dynamo-kyiv,Динамо (Київ),tm:357917,357917,Джастін Лонвейк,Justin Lonwijk,MF,Central Midfield,6,1,0,378,,,6,4,debut: rounds,73,,72.9,"returning, last card 2024"
dynamo-kyiv,Динамо (Київ),tm:935095,935095,Навін Малиш,Navin Malysh,MF,Right-Back,5,0,1,129,,,6,4,carried 2025/26,73,73,68.9,"zorya-luhansk, 17 apps"
dynamo-kyiv,Динамо (Київ),tm:666943,666943,Валентин Рубчинський,Valentyn Rubchynskyi,MF,Central Midfield,5,0,0,375,,,6,4,carried 2025/26,71,71,65.9,"karpaty-lviv, 9 apps"
dynamo-kyiv,Динамо (Київ),tm:210689,210689,Владислав Кабаєв,Vladyslav Kabaev,FW,Left Winger,6,0,0,323,,,6,4,carried 2025/26,71,71,65.6,"dynamo-kyiv, 13 apps"
dynamo-kyiv,Динамо (Київ),tm:181118,181118,Томаш Кендзьора,Tomasz Kędziora,DF,Centre-Back,4,0,0,360,,,6,4,debut: rounds,63,,62.9,"returning, last card 2022"
dynamo-kyiv,Динамо (Київ),tm:206888,206888,Георгій Бущан,Georgiy Bushchan,GK,Goalkeeper,3,0,0,270,0,3,6,4,carried 2025/26,60,60,63.7,"polissya-zhytomyr, 3 apps"
dynamo-kyiv,Динамо (Київ),tm:1063685,1063685,В'ячеслав Суркіс,Vyacheslav Surkis,GK,Goalkeeper,3,0,0,240,4,0,6,4,carried 2025/26,58,58,56.6,"dynamo-kyiv, 2 apps"
dynamo-kyiv,Динамо (Київ),,1380582,Keasse Bah,Keasse Bah,FW,Right Winger,2,0,0,59,,,6,4,debut: rounds,55,,55.0,new to pool
dynamo-kyiv,Динамо (Київ),,1185913,Pierre Mounguengue,Pierre Mounguengue,FW,Centre-Forward,2,0,0,68,,,6,4,debut: rounds,55,,55.0,new to pool
dynamo-kyiv,Динамо (Київ),tm:911644,911644,Ілля Ольховий,Ilya Olkhovyi,GK,Goalkeeper,1,0,0,30,1,0,6,4,debut: rounds,52,,52.0,"returning, last card 2023"
epicentr,Епіцентр (Кам'янець-Подільський),tm:1007020,1007020,Хоакінете,Joaquinete,FW,Left Winger,3,2,0,261,,,7,7,carried 2025/26,83,83,63.1,"epicentr, 30 apps"
epicentr,Епіцентр (Кам'янець-Подільський),tm:814830,814830,Микола Миронюк,Mykola Myronyuk,MF,Central Midfield,7,1,0,525,,,7,7,carried 2025/26,82,82,75.7,"epicentr, 29 apps"
epicentr,Епіцентр (Кам'янець-Подільський),tm:1067497,1067497,Вадим Сидун,Vadym Sydun,FW,Centre-Forward,7,2,1,613,,,7,7,carried 2025/26,82,82,78.9,"epicentr, 29 apps"
epicentr,Епіцентр (Кам'янець-Подільський),tm:628473,628473,Карлос Рохас,Carlos Rojas,FW,Right Winger,7,1,0,630,,,7,7,carried 2025/26,79,79,74.7,"epicentr, 11 apps"
epicentr,Епіцентр (Кам'янець-Подільський),tm:534474,534474,Ніл Кок,Nil Coch,DF,Centre-Back,7,0,0,630,,,7,7,carried 2025/26,79,79,75.2,"epicentr, 27 apps"
epicentr,Епіцентр (Кам'янець-Подільський),tm:449084,449084,Олег Білик,Oleg Bilyk,GK,Goalkeeper,1,0,0,19,0,0,7,7,carried 2025/26,79,79,52.5,"epicentr, 26 apps"
epicentr,Епіцентр (Кам'янець-Подільський),tm:419118,419118,Олександр Климець,Oleksandr Klymets,DF,Left-Back,7,0,0,630,,,7,7,carried 2025/26,79,79,75.2,"epicentr, 24 apps"
epicentr,Епіцентр (Кам'янець-Подільський),tm:203855,203855,Ігор Кирюханцев,Igor Kyryukhantsev,DF,Right-Back,5,0,1,340,,,7,7,carried 2025/26,78,78,66.3,"epicentr, 23 apps"
epicentr,Епіцентр (Кам'янець-Подільський),tm:386659,386659,Хон Себеріо,Jon Ceberio,MF,Central Midfield,7,0,0,236,,,7,7,carried 2025/26,77,77,71.3,"epicentr, 24 apps"
epicentr,Епіцентр (Кам'янець-Подільський),tm:380554,380554,Євген Запорожець,Yevgen Zaporozhets,MF,Central Midfield,3,0,0,62,,,7,7,carried 2025/26,77,77,56.2,"epicentr, 28 apps"
epicentr,Епіцентр (Кам'янець-Подільський),tm:730874,730874,Андрій Ліповуз,Andriy Lipovuz,MF,Defensive Midfield,1,0,0,16,,,7,7,carried 2025/26,75,75,51.5,"epicentr, 19 apps"
epicentr,Епіцентр (Кам'янець-Подільський),,629716,Serjan Repaj,Serjan Repaj,DF,Centre-Back,7,0,0,552,,,7,7,debut: rounds,75,,75.2,new to pool
epicentr,Епіцентр (Кам'янець-Подільський),tm:918615,918615,Степан Григоращук,Stepan Grygorashchuk,DF,Centre-Back,1,0,0,69,,,7,7,carried 2025/26,74,74,51.6,"epicentr, 22 apps"
epicentr,Епіцентр (Кам'янець-Подільський),,881542,Nene,Nene,FW,Left Winger,7,0,0,365,,,7,7,debut: rounds,67,,66.9,new to pool
epicentr,Епіцентр (Кам'янець-Подільський),,677179,Raúl Tavares,Raúl Tavares,MF,Central Midfield,6,0,0,452,,,7,7,debut: rounds,66,,66.5,new to pool
epicentr,Епіцентр (Кам'янець-Подільський),tm:248934,248934,Валерій Лучкевич,Valeriy Luchkevych,DF,Right-Back,4,0,0,233,,,7,7,carried 2025/26,65,65,60.3,"epicentr, 7 apps"
epicentr,Епіцентр (Кам'янець-Подільський),tm:1134676,1134676,Данііл Ващенко,Daniil Vashchenko,MF,Defensive Midfield,3,0,0,190,,,7,7,carried 2025/26,61,61,56.2,"oleksandriya, 18 apps"
epicentr,Епіцентр (Кам'янець-Подільський),,1159024,Maksym Yevpak,Maksym Yevpak,FW,Centre-Forward,5,0,0,67,,,7,7,debut: rounds,61,,61.1,new to pool
epicentr,Епіцентр (Кам'янець-Подільський),,1318854,Vitaliy Gorin,Vitaliy Gorin,DF,Centre-Back,4,0,0,123,,,7,7,debut: rounds,60,,60.3,new to pool
epicentr,Епіцентр (Кам'янець-Подільський),tm:396530,396530,Артем Козак,Artem Kozak,MF,Right Midfield,7,0,3,306,,,7,7,carried 2025/26,58,58,85.3,"oleksandriya, 11 apps"
epicentr,Епіцентр (Кам'янець-Подільський),tm:574229,574229,Микита Федотов,Nikita Fedotov,GK,Goalkeeper,7,0,0,611,7,4,7,7,carried 2025/26,57,57,77.0,"epicentr, 4 apps"
fc-kharkiv,Металіст 1925 (Харків),tm:889438,889438,Ілля Крупський,Ilya Krupskyi,DF,Right-Back,6,1,1,540,,,6,5,carried 2025/26,84,84,79.4,"metalist-1925, 30 apps"
fc-kharkiv,Металіст 1925 (Харків),tm:1179658,1179658,Пітер Ітодо,Peter Itodo,FW,Centre-Forward,6,4,1,346,,,6,5,carried 2025/26,84,84,82.8,"metalist-1925, 25 apps"
fc-kharkiv,Металіст 1925 (Харків),tm:771914,771914,Євген Павлюк,Yevgen Pavlyuk,DF,Centre-Back,6,0,0,540,,,6,5,carried 2025/26,84,84,76.5,"metalist-1925, 29 apps"
fc-kharkiv,Металіст 1925 (Харків),tm:236468,236468,Артем Шабанов,Artem Shabanov,DF,Centre-Back,6,0,0,521,,,6,5,carried 2025/26,83,83,76.5,"metalist-1925, 28 apps"
fc-kharkiv,Металіст 1925 (Харків),tm:885150,885150,Карлос Парако,Carlos Paraco,FW,Centre-Forward,6,2,0,508,,,6,5,carried 2025/26,83,83,75.5,"kryvbas, 28 apps"
fc-kharkiv,Металіст 1925 (Харків),tm:930106,930106,Володимир Салюк,Volodymyr Salyuk,DF,Centre-Back,3,0,1,225,,,6,5,carried 2025/26,82,82,60.3,"metalist-1925, 19 apps"
fc-kharkiv,Металіст 1925 (Харків),tm:383325,383325,Денис Антюх,Denys Antyukh,FW,Right Winger,4,0,0,92,,,6,5,carried 2025/26,81,81,60.3,"metalist-1925, 26 apps"
fc-kharkiv,Металіст 1925 (Харків),tm:775709,775709,Георгій Єрмаков,Georgiy Yermakov,GK,Goalkeeper,6,0,0,540,4,4,6,5,debut: rounds,81,,82.0,"returning, last card 2024"
fc-kharkiv,Металіст 1925 (Харків),tm:343151,343151,Іван Калюжний,Ivan Kalyuzhnyi,MF,Central Midfield,6,0,1,536,,,6,5,carried 2025/26,81,81,73.9,"metalist-1925, 27 apps"
fc-kharkiv,Металіст 1925 (Харків),tm:719652,719652,Олександр Мартинюк,Oleksandr Martynyuk,DF,Left-Back,2,0,0,148,,,6,5,carried 2025/26,81,81,55.5,"metalist-1925, 20 apps"
fc-kharkiv,Металіст 1925 (Харків),tm:726019,726019,Олександр Яцик,Oleksandr Yatsyk,MF,Central Midfield,4,0,0,218,,,6,5,carried 2025/26,80,80,62.5,"dynamo-kyiv, 18 apps"
fc-kharkiv,Металіст 1925 (Харків),tm:755164,755164,Батон Заберджа,Baton Zabergja,FW,Right Winger,6,4,1,329,,,6,5,carried 2025/26,78,78,82.8,"metalist-1925, 22 apps"
fc-kharkiv,Металіст 1925 (Харків),tm:448868,448868,Ігор Когут,Igor Kogut,MF,Central Midfield,2,0,0,13,,,6,5,carried 2025/26,78,78,55.2,"metalist-1925, 23 apps"
fc-kharkiv,Металіст 1925 (Харків),tm:962090,962090,Артем Смоляков,Artem Smolyakov,DF,Left-Back,6,0,0,462,,,6,5,debut: rounds,76,,76.5,"returning, last card 2024"
fc-kharkiv,Металіст 1925 (Харків),tm:972535,972535,Ермір Рашица,Ermir Rashica,FW,Left Winger,5,0,1,184,,,6,5,carried 2025/26,75,75,65.5,"metalist-1925, 28 apps"
fc-kharkiv,Металіст 1925 (Харків),tm:981181,981181,Ніколас Аревало,Nicolás Arévalo,MF,Defensive Midfield,2,0,0,20,,,6,5,carried 2025/26,74,74,55.2,"metalist-1925, 12 apps"
fc-kharkiv,Металіст 1925 (Харків),tm:1031575,1031575,Себастьян Кастільйо,Sebastián Castillo,FW,Left Winger,6,0,0,187,,,6,5,carried 2025/26,72,72,66.1,"metalist-1925, 10 apps"
fc-kharkiv,Металіст 1925 (Харків),tm:787776,787776,Валерій Дубко,Valeriy Dubko,DF,Centre-Back,1,0,0,19,,,6,5,carried 2025/26,69,69,52.3,"obolon-kyiv, 15 apps"
fc-kharkiv,Металіст 1925 (Харків),tm:1158515,1158515,Рамік Гаджиєв,Ramik Gadzhyev,FW,Right Winger,6,1,3,353,,,6,5,carried 2025/26,68,68,75.8,"metalist-1925, 5 apps"
fc-kharkiv,Металіст 1925 (Харків),,1158799,Rafael Profini,Rafael Profini,MF,Defensive Midfield,4,0,0,161,,,6,5,debut: rounds,62,,62.5,new to pool
karpaty-lviv,Карпати (Львів),,1097103,Fellipe Vieira,Fellipe Vieira,MF,Attacking Midfield,7,4,2,373,,,7,3,debut: rounds,85,,92.9,new to pool
karpaty-lviv,Карпати (Львів),tm:1007020,1007020,Хоакінете,Joaquinete,FW,Left Winger,3,0,0,59,,,7,3,carried 2025/26,83,83,58.0,"epicentr, 30 apps"
karpaty-lviv,Карпати (Львів),tm:366729,366729,Назарій Русин,Nazariy Rusyn,FW,Centre-Forward,7,3,1,544,,,7,3,debut: rounds,83,,85.0,"returning, last card 2023"
karpaty-lviv,Карпати (Львів),tm:567873,567873,Владислав Бабогло,Vladyslav Baboglo,DF,Centre-Back,7,2,0,630,,,7,3,carried 2025/26,83,83,85.7,"karpaty-lviv, 26 apps"
karpaty-lviv,Карпати (Львів),tm:794617,794617,Ян Костенко,Yan Kostenko,MF,Left Midfield,4,2,3,267,,,7,3,carried 2025/26,83,83,72.5,"karpaty-lviv, 25 apps"
karpaty-lviv,Карпати (Львів),tm:212232,212232,Амбросій Чачуа,Ambrosiy Chachua,MF,Attacking Midfield,7,1,0,603,,,7,3,carried 2025/26,82,82,78.6,"karpaty-lviv, 30 apps"
karpaty-lviv,Карпати (Львів),tm:244262,244262,Денис Мірошніченко,Denys Miroshnichenko,DF,Right-Back,6,0,0,165,,,7,3,carried 2025/26,82,82,74.4,"karpaty-lviv, 24 apps"
karpaty-lviv,Карпати (Львів),tm:396536,396536,Роман Вантух,Roman Vantukh,DF,Left-Back,7,1,1,442,,,7,3,carried 2025/26,81,81,85.7,"zorya-luhansk, 22 apps"
karpaty-lviv,Карпати (Львів),tm:1090422,1090422,Жан Педрозо,Jean Pedroso,DF,Centre-Back,7,0,1,293,,,7,3,carried 2025/26,80,80,83.0,"karpaty-lviv, 21 apps"
karpaty-lviv,Карпати (Львів),,495622,Moha Moukhliss,Moha Moukhliss,MF,Central Midfield,7,0,1,530,,,7,3,debut: rounds,79,,78.6,new to pool
karpaty-lviv,Карпати (Львів),,212849,Iván Calero,Iván Calero,DF,Right-Back,6,1,1,522,,,7,3,debut: rounds,78,,77.7,new to pool
karpaty-lviv,Карпати (Львів),tm:572271,572271,Шебер Алькайн,Xeber Alkain,FW,Right Winger,7,0,1,514,,,7,3,carried 2025/26,76,76,71.4,"karpaty-lviv, 14 apps"
karpaty-lviv,Карпати (Львів),tm:1052373,1052373,Артур Шах,Artur Shakh,MF,Attacking Midfield,1,0,0,4,,,7,3,carried 2025/26,73,73,52.4,"karpaty-lviv, 19 apps"
karpaty-lviv,Карпати (Львів),tm:1159511,1159511,Денис Марченко,Denys Marchenko,GK,Goalkeeper,5,0,0,450,4,2,7,3,carried 2025/26,72,72,68.3,"obolon-kyiv, 11 apps"
karpaty-lviv,Карпати (Львів),tm:533537,533537,Ростислав Лях,Rostyslav Lyakh,DF,Left-Back,6,0,0,405,,,7,3,carried 2025/26,69,69,74.4,"rukh-lviv, 15 apps"
karpaty-lviv,Карпати (Львів),tm:1050852,1050852,Віталій Холод,Vitaliy Kholod,DF,Centre-Back,1,0,0,8,,,7,3,carried 2025/26,68,68,52.3,"rukh-lviv, 16 apps"
karpaty-lviv,Карпати (Львів),,807692,Joseph Séry,Joseph Séry,FW,Centre-Forward,4,1,0,214,,,7,3,debut: rounds,66,,65.9,new to pool
karpaty-lviv,Карпати (Львів),tm:789583,789583,Ярослав Карабін,Yaroslav Karabin,FW,Centre-Forward,4,0,1,64,,,7,3,carried 2025/26,65,65,62.6,"karpaty-lviv, 18 apps"
karpaty-lviv,Карпати (Львів),tm:1362423,1362423,Ерікі,Eriki,MF,Defensive Midfield,2,0,0,91,,,7,3,carried 2025/26,64,64,55.3,"karpaty-lviv, 8 apps"
karpaty-lviv,Карпати (Львів),tm:892049,892049,Марко Сапуга,Marko Sapuga,MF,Defensive Midfield,3,0,0,98,,,7,3,carried 2025/26,64,64,58.4,"karpaty-lviv, 9 apps"
karpaty-lviv,Карпати (Львів),,668182,Bruno Iglesias,Bruno Iglesias,MF,Attacking Midfield,4,0,0,91,,,7,3,debut: rounds,62,,62.3,new to pool
karpaty-lviv,Карпати (Львів),tm:117481,117481,Роман Мисак,Roman Mysak,GK,Goalkeeper,2,0,0,180,1,1,7,3,debut: rounds,57,,56.6,"returning, last card 2024"
karpaty-lviv,Карпати (Львів),tm:1436068,1436068,Олександр Дєдов,Oleksandr Dyedov,FW,Centre-Forward,1,0,0,1,,,7,3,carried 2025/26,55,55,52.8,"karpaty-lviv, 2 apps"
karpaty-lviv,Карпати (Львів),tm:549960,549960,Тимур Стецков,Tymur Stetskov,DF,Centre-Back,4,0,0,360,,,7,3,carried 2025/26,54,54,63.4,"karpaty-lviv, 2 apps"
kolos-kovalivka,Колос (Ковалівка),tm:522833,522833,Андрій Понєдєльнік,Andriy Ponedelnik,DF,Right-Back,4,0,0,315,,,6,13,carried 2025/26,83,83,57.8,"kolos-kovalivka, 30 apps"
kolos-kovalivka,Колос (Ковалівка),tm:155964,155964,Андрій Цуріков,Andriy Tsurikov,DF,Left-Back,4,0,0,360,,,6,13,carried 2025/26,83,83,57.8,"kolos-kovalivka, 28 apps"
kolos-kovalivka,Колос (Ковалівка),tm:1083190,1083190,Іван Пахолюк,Ivan Pakholyuk,GK,Goalkeeper,5,0,0,450,8,1,6,13,carried 2025/26,83,83,59.2,"kolos-kovalivka, 27 apps"
kolos-kovalivka,Колос (Ковалівка),tm:608760,608760,Арінальдо Рапай,Arinaldo Rrapaj,MF,Attacking Midfield,5,0,2,397,,,6,13,carried 2025/26,82,82,69.5,"kolos-kovalivka, 20 apps"
kolos-kovalivka,Колос (Ковалівка),tm:708240,708240,Едуард Козік,Eduard Kozik,DF,Centre-Back,3,0,0,229,,,6,13,carried 2025/26,82,82,54.3,"kolos-kovalivka, 26 apps"
kolos-kovalivka,Колос (Ковалівка),tm:463845,463845,Олександр Демченко,Oleksandr Demchenko,MF,Defensive Midfield,6,2,0,480,,,6,13,carried 2025/26,82,82,74.1,"kolos-kovalivka, 21 apps"
kolos-kovalivka,Колос (Ковалівка),tm:501612,501612,Юрій Климчук,Yuriy Klymchuk,FW,Centre-Forward,6,1,1,349,,,6,13,carried 2025/26,82,82,72.3,"kolos-kovalivka, 24 apps"
kolos-kovalivka,Колос (Ковалівка),tm:642947,642947,Еліас Теллес,Elias Telles,MF,Defensive Midfield,5,0,0,362,,,6,13,carried 2025/26,81,81,61.1,"kolos-kovalivka, 28 apps"
kolos-kovalivka,Колос (Ковалівка),tm:808971,808971,Денис Ндукве,Denys Ndukve,FW,Centre-Forward,6,1,0,213,,,6,13,carried 2025/26,80,80,69.8,"veres-rivne, 20 apps"
kolos-kovalivka,Колос (Ковалівка),tm:213865,213865,Микита Бурда,Mykyta Burda,DF,Centre-Back,2,0,0,98,,,6,13,carried 2025/26,80,80,52.0,"kolos-kovalivka, 17 apps"
kolos-kovalivka,Колос (Ковалівка),tm:658060,658060,Ніка Гагнідзе,Nika Gagnidze,MF,Central Midfield,1,0,0,75,,,6,13,carried 2025/26,80,80,51.0,"kolos-kovalivka, 25 apps"
kolos-kovalivka,Колос (Ковалівка),tm:808465,808465,Ардіт Тахірі,Ardit Tahiri,FW,Centre-Forward,6,1,0,115,,,6,13,carried 2025/26,78,78,69.8,"kolos-kovalivka, 13 apps"
kolos-kovalivka,Колос (Ковалівка),tm:543380,543380,Ібрагім Кане,Ibrahim Kane,MF,Right Midfield,6,0,0,360,,,6,13,carried 2025/26,78,78,64.7,"kolos-kovalivka, 27 apps"
kolos-kovalivka,Колос (Ковалівка),tm:892025,892025,Антон Салабай,Anton Salabay,FW,Left Winger,6,0,2,492,,,6,13,carried 2025/26,77,77,67.6,"kolos-kovalivka, 24 apps"
kolos-kovalivka,Колос (Ковалівка),tm:382895,382895,Роман Гончаренко,Roman Goncharenko,DF,Centre-Back,6,0,0,528,,,6,13,carried 2025/26,74,74,66.1,"veres-rivne, 19 apps"
kolos-kovalivka,Колос (Ковалівка),tm:1180068,1180068,Данііл Денисенко,Daniil Denysenko,MF,Attacking Midfield,4,0,0,42,,,6,13,carried 2025/26,73,73,57.7,"kolos-kovalivka, 9 apps"
kolos-kovalivka,Колос (Ковалівка),tm:884849,884849,Данило Хрипчук,Daniil Khrypchuk,DF,Centre-Back,6,1,1,325,,,6,13,carried 2025/26,68,68,70.2,"kolos-kovalivka, 6 apps"
kolos-kovalivka,Колос (Ковалівка),tm:1134218,1134218,Артем Гусол,Artem Gusol,FW,Right Winger,2,0,0,28,,,6,13,carried 2025/26,64,64,52.6,"kolos-kovalivka, 24 apps"
kolos-kovalivka,Колос (Ковалівка),tm:916226,916226,Зураб Рухадзе,Zurab Rukhadze,DF,Left-Back,2,0,0,170,,,6,13,carried 2025/26,63,63,52.0,"kolos-kovalivka, 5 apps"
kolos-kovalivka,Колос (Ковалівка),tm:626771,626771,Лука Станковскі,Luka Stankovski,MF,Attacking Midfield,1,0,0,20,,,6,13,carried 2025/26,62,62,51.0,"kolos-kovalivka, 6 apps"
kolos-kovalivka,Колос (Ковалівка),,1057811,Irgi Kasalla,Irgi Kasalla,MF,Attacking Midfield,5,0,0,125,,,6,13,debut: rounds,61,,61.1,new to pool
kolos-kovalivka,Колос (Ковалівка),,1125320,Oleksandr Savchuk,Oleksandr Savchuk,DF,Right-Back,3,0,0,225,,,6,13,debut: rounds,54,,54.3,new to pool
kolos-kovalivka,Колос (Ковалівка),tm:539425,539425,Валентин Моргун,Valentyn Morgun,GK,Goalkeeper,1,0,0,90,2,0,6,13,carried 2025/26,53,53,50.6,"dynamo-kyiv, 2 apps"
kryvbas,Кривбас (Кривий Ріг),tm:1266282,1266282,Ярослав Шевченко,Yaroslav Shevchenko,MF,Central Midfield,6,1,1,513,,,6,12,carried 2025/26,82,82,75.7,"kryvbas, 26 apps"
kryvbas,Кривбас (Кривий Ріг),tm:672616,672616,Ян Юрчец,Jan Jurcec,DF,Right Midfield,4,1,0,360,,,6,12,carried 2025/26,81,81,59.0,"kryvbas, 30 apps"
kryvbas,Кривбас (Кривий Ріг),tm:1140013,1140013,Володимир Вілівальд,Volodymyr Vilivald,DF,Centre-Back,6,1,0,540,,,6,12,carried 2025/26,80,80,68.4,"kryvbas, 29 apps"
kryvbas,Кривбас (Кривий Ріг),tm:856056,856056,Ассан Сек,Assane Seck,FW,Right Winger,6,1,0,352,,,6,12,carried 2025/26,79,79,70.9,"kryvbas, 8 apps"
kryvbas,Кривбас (Кривий Ріг),tm:966009,966009,Бар Лін,Bar Lin,FW,Right Winger,1,0,0,45,,,6,12,carried 2025/26,76,76,52.0,"kryvbas, 26 apps"
kryvbas,Кривбас (Кривий Ріг),,966006,Roy Nawi,Roy Nawi,MF,Defensive Midfield,6,1,1,532,,,6,12,debut: rounds,76,,75.7,new to pool
kryvbas,Кривбас (Кривий Ріг),tm:729638,729638,Олександр Кемкін,Oleksandr Kemkin,GK,Goalkeeper,6,0,0,540,10,0,6,12,carried 2025/26,75,75,58.6,"kryvbas, 24 apps"
kryvbas,Кривбас (Кривий Ріг),tm:702664,702664,Анте Бекавац,Ante Bekavac,DF,Left-Back,2,0,0,118,,,6,12,carried 2025/26,74,74,52.2,"kryvbas, 19 apps"
kryvbas,Кривбас (Кривий Ріг),tm:1293294,1293294,Олександр Каменський,Oleksandr Kamenskyi,MF,Left Midfield,5,0,0,256,,,6,12,carried 2025/26,74,74,61.4,"kryvbas, 19 apps"
kryvbas,Кривбас (Кривий Ріг),tm:1179284,1179284,Володимир Мулик,Volodymyr Mulyk,FW,Centre-Forward,6,0,1,350,,,6,12,carried 2025/26,74,74,65.8,"kryvbas, 16 apps"
kryvbas,Кривбас (Кривий Ріг),tm:1101761,1101761,Джовані Герберт,Giovany Herbert,MF,Attacking Midfield,6,1,2,507,,,6,12,carried 2025/26,72,72,79.5,"kryvbas, 12 apps"
kryvbas,Кривбас (Кривий Ріг),tm:1053568,1053568,Джозеф Джонс,Joseph Jones,DF,Centre-Back,5,0,0,338,,,6,12,carried 2025/26,71,71,62.0,"kryvbas, 12 apps"
kryvbas,Кривбас (Кривий Ріг),tm:1130335,1130335,Дмитро Годя,Dmytro Godya,MF,Attacking Midfield,1,0,0,11,,,6,12,carried 2025/26,69,69,51.1,"veres-rivne, 18 apps"
kryvbas,Кривбас (Кривий Ріг),tm:812755,812755,Денис Підгурський,Denys Pidgurskyi,MF,Defensive Midfield,6,0,0,197,,,6,12,carried 2025/26,66,66,65.7,"rukh-lviv, 26 apps"
kryvbas,Кривбас (Кривий Ріг),tm:1222645,1222645,Тіаго Боржес,Thiago Borges,DF,Left-Back,5,0,0,339,,,6,12,carried 2025/26,65,65,62.0,"kryvbas, 7 apps"
kryvbas,Кривбас (Кривий Ріг),,633683,Yackson Rivas,Yackson Rivas,FW,Right Winger,4,1,0,306,,,6,12,debut: rounds,64,,64.3,new to pool
kryvbas,Кривбас (Кривий Ріг),,1235464,João Machado,João Machado,DF,Right-Back,5,0,0,304,,,6,12,debut: rounds,62,,62.0,new to pool
kryvbas,Кривбас (Кривий Ріг),tm:1293298,1293298,Матвій Боднар,Matviy Bodnar,FW,Centre-Forward,3,0,0,28,,,6,12,carried 2025/26,59,59,54.4,"kryvbas, 4 apps"
kryvbas,Кривбас (Кривий Ріг),tm:1268326,1268326,Тимур Бутенко,Tymur Butenko,FW,Right Winger,1,0,0,7,,,6,12,carried 2025/26,59,59,52.0,"kryvbas, 3 apps"
kryvbas,Кривбас (Кривий Ріг),,1122399,Shakeone Satchwell,Shakeone Satchwell,FW,Centre-Forward,3,0,1,136,,,6,12,debut: rounds,58,,58.2,new to pool
kryvbas,Кривбас (Кривий Ріг),,1015354,Santiago Cuiza,Santiago Cuiza,MF,Defensive Midfield,3,0,0,19,,,6,12,debut: rounds,55,,54.7,new to pool
kryvbas,Кривбас (Кривий Ріг),,1029599,Jimmy Mpanzu,Jimmy Mpanzu,DF,Centre-Back,3,0,0,113,,,6,12,debut: rounds,54,,54.5,new to pool
kudrivka,Кудрівка,tm:522329,522329,Артур Думанюк,Artur Dumanyuk,MF,Defensive Midfield,6,1,1,479,,,7,16,carried 2025/26,77,77,71.4,"kudrivka, 26 apps"
kudrivka,Кудрівка,tm:495918,495918,Дмитро Семенов,Dmytro Semenov,DF,Centre-Back,4,0,0,315,,,7,16,carried 2025/26,76,76,51.6,"obolon-kyiv, 28 apps"
kudrivka,Кудрівка,tm:1052387,1052387,Мирослав Сердюк,Myroslav Serdyuk,DF,Centre-Back,4,0,0,277,,,7,16,carried 2025/26,72,72,51.6,"kudrivka, 21 apps"
kudrivka,Кудрівка,tm:837005,837005,Раймонд Овусу,Raymond Owusu,FW,Centre-Forward,7,0,1,487,,,7,16,carried 2025/26,72,72,62.5,"kudrivka, 23 apps"
kudrivka,Кудрівка,tm:722371,722371,Денис Світюха,Denys Svityukha,FW,Right Winger,7,1,1,384,,,7,16,carried 2025/26,70,70,73.6,"kudrivka, 23 apps"
kudrivka,Кудрівка,tm:225632,225632,Антон Яшков,Anton Yashkov,GK,Goalkeeper,7,0,0,630,18,2,7,16,carried 2025/26,69,69,45.6,"kudrivka, 21 apps"
kudrivka,Кудрівка,tm:752691,752691,Богдан Векляк,Bogdan Veklyak,DF,Centre-Back,6,0,0,448,,,7,16,carried 2025/26,69,69,56.9,"kudrivka, 16 apps"
kudrivka,Кудрівка,tm:461666,461666,Максим Мельничук,Maksym Melnychuk,DF,Left-Back,2,0,0,177,,,7,16,carried 2025/26,69,69,49.4,"kudrivka, 18 apps"
kudrivka,Кудрівка,tm:942475,942475,Верлей Баррера,Reynaldiño Verley,FW,Centre-Forward,7,1,1,192,,,7,16,carried 2025/26,68,68,73.6,"zorya-luhansk, 6 apps"
kudrivka,Кудрівка,tm:548653,548653,Кая Макоссо,Kaya Makosso,MF,Defensive Midfield,4,0,0,75,,,7,16,carried 2025/26,67,67,53.4,"kudrivka, 9 apps"
kudrivka,Кудрівка,tm:524031,524031,Олександр Бєляєв,Oleksandr Belyaev,MF,Left Midfield,7,0,0,530,,,7,16,carried 2025/26,67,67,63.0,"kudrivka, 10 apps"
kudrivka,Кудрівка,tm:935053,935053,Микола Огарков,Mykola Ogarkov,DF,Left-Back,5,0,0,369,,,7,16,carried 2025/26,66,66,53.0,"oleksandriya, 19 apps"
kudrivka,Кудрівка,tm:315237,315237,Євген Пасіч,Yevgeniy Pasich,DF,Right-Back,7,0,1,630,,,7,16,carried 2025/26,64,64,62.8,"obolon-kyiv, 8 apps"
kudrivka,Кудрівка,tm:951690,951690,Юрій Потімков,Yuriy Potimkov,DF,Centre-Back,2,0,0,180,,,7,16,carried 2025/26,63,63,49.4,"kudrivka, 8 apps"
kudrivka,Кудрівка,tm:923512,923512,Сергій Стень,Sergiy Sten,FW,Left Winger,3,0,0,63,,,7,16,carried 2025/26,57,57,51.0,"veres-rivne, 18 apps"
kudrivka,Кудрівка,tm:1448405,1448405,Віктор Адеоє,Victor Adeoye,MF,Defensive Midfield,2,0,0,103,,,7,16,carried 2025/26,54,54,50.3,"kudrivka, 3 apps"
kudrivka,Кудрівка,tm:913115,913115,Костянтин Бичек,Kostyantyn Bychek,FW,Left Winger,4,0,0,87,,,7,16,carried 2025/26,52,52,47.5,"obolon-kyiv, 18 apps"
kudrivka,Кудрівка,tm:935047,935047,Кирило Сігеєв,Kyrylo Sigeev,MF,Central Midfield,3,0,0,135,,,7,16,debut: rounds,51,,51.4,"returning, last card 2024"
kudrivka,Кудрівка,tm:396532,396532,Євген Смирний,Yevgeniy Smyrnyi,MF,Central Midfield,7,2,0,512,,,7,16,carried 2025/26,51,51,76.0,"oleksandriya, 3 apps"
kudrivka,Кудрівка,,1138724,Demyan Yesin,Demyan Yesin,MF,Right Midfield,2,0,0,4,,,7,16,debut: rounds,50,,50.3,new to pool
kudrivka,Кудрівка,tm:203074,203074,Іван Петряк,Ivan Petryak,FW,Left Winger,5,0,0,377,,,7,16,debut: rounds,50,,50.2,"returning, last card 2024"
kudrivka,Кудрівка,,1270732,Matías Rosales,Matías Rosales,DF,Right-Back,3,0,0,209,,,7,16,debut: rounds,50,,50.4,new to pool
kudrivka,Кудрівка,,935051,Oleksandr Yushchenko,Oleksandr Yushchenko,FW,Right Winger,5,0,0,123,,,7,16,debut: rounds,50,,50.2,new to pool
kudrivka,Кудрівка,tm:830079,830079,Родіон Плакса,Rodion Plaksa,MF,Attacking Midfield,2,0,0,23,,,7,16,debut: rounds,50,,50.3,"returning, last card 2024"
kudrivka,Кудрівка,tm:216842,216842,Микола Вечурко,Mykola Vechurko,MF,Central Midfield,1,0,0,7,,,7,16,debut: rounds,49,,49.4,"returning, last card 2014"
livyi-bereh-kyiv,Лівий Берег (Київ),tm:765401,765401,Назарій Воробчак,Nazariy Vorobchak,MF,Right Midfield,6,2,0,540,,,6,10,debut: rounds,77,,77.0,"returning, last card 2023"
livyi-bereh-kyiv,Лівий Берег (Київ),tm:524021,524021,Роман Жмурко,Roman Zhmurko,GK,Goalkeeper,6,0,0,540,3,3,6,10,debut: rounds,76,,75.8,"returning, last card 2016"
livyi-bereh-kyiv,Лівий Берег (Київ),tm:365540,365540,Валерій Бондаренко,Valeriy Bondarenko,DF,Centre-Back,3,0,0,270,,,6,10,carried 2025/26,76,76,58.3,"kolos-kovalivka, 14 apps"
livyi-bereh-kyiv,Лівий Берег (Київ),tm:521841,521841,Андрій Якимів,Andriy Yakymiv,DF,Centre-Back,6,0,0,540,,,6,10,debut: rounds,73,,73.4,"returning, last card 2024"
livyi-bereh-kyiv,Лівий Берег (Київ),tm:936825,936825,Ілля Квасниця,Ilya Kvasnytsya,FW,Right Winger,5,0,0,182,,,6,10,carried 2025/26,70,70,61.7,"rukh-lviv, 12 apps"
livyi-bereh-kyiv,Лівий Берег (Київ),tm:662418,662418,Сідней,Sidnney,DF,Left-Back,5,1,0,405,,,6,10,debut: rounds,69,,69.3,"returning, last card 2024"
livyi-bereh-kyiv,Лівий Берег (Київ),,1224806,Wendell,Wendell,FW,Centre-Forward,6,0,2,336,,,6,10,debut: rounds,69,,69.1,new to pool
livyi-bereh-kyiv,Лівий Берег (Київ),tm:577844,577844,Олег Соколов,Oleg Sokolov,DF,Right-Back,5,0,0,450,,,6,10,debut: rounds,68,,67.7,"returning, last card 2024"
livyi-bereh-kyiv,Лівий Берег (Київ),tm:242272,242272,Євген Банада,Yevgen Banada,MF,Central Midfield,6,0,0,448,,,6,10,debut: rounds,68,,67.8,"returning, last card 2024"
livyi-bereh-kyiv,Лівий Берег (Київ),tm:359796,359796,Дмитро Шастал,Dmytro Shastal,FW,Left Winger,6,0,0,375,,,6,10,debut: rounds,65,,64.6,"returning, last card 2024"
livyi-bereh-kyiv,Лівий Берег (Київ),tm:470831,470831,Вікентій Волошин,Vikentiy Voloshyn,MF,Attacking Midfield,4,1,0,249,,,6,10,debut: rounds,64,,63.8,"returning, last card 2024"
livyi-bereh-kyiv,Лівий Берег (Київ),tm:1375876,1375876,Дієго Енріке,Diego Henrique,MF,Attacking Midfield,5,0,0,335,,,6,10,debut: rounds,63,,63.4,"returning, last card 2024"
livyi-bereh-kyiv,Лівий Берег (Київ),,775904,Ilya Kovalenko,Ilya Kovalenko,DF,Centre-Back,4,0,0,294,,,6,10,debut: rounds,62,,62.5,new to pool
livyi-bereh-kyiv,Лівий Берег (Київ),,955684,Nicholas Osei Bonsu,Nicholas Osei Bonsu,DF,Left-Back,4,0,0,169,,,6,10,debut: rounds,62,,62.5,new to pool
livyi-bereh-kyiv,Лівий Берег (Київ),,1543501,Pape Fall,Pape Fall,FW,Centre-Forward,4,0,1,188,,,6,10,debut: rounds,62,,61.6,new to pool
livyi-bereh-kyiv,Лівий Берег (Київ),tm:964036,964036,Олег Криворучко,Oleg Kryvoruchko,MF,Central Midfield,4,0,0,108,,,6,10,debut: rounds,59,,59.3,"returning, last card 2024"
livyi-bereh-kyiv,Лівий Берег (Київ),tm:511909,511909,Артем Челядін,Artem Chelyadin,MF,Defensive Midfield,3,0,0,218,,,6,10,carried 2025/26,58,58,56.3,"kolos-kovalivka, 4 apps"
livyi-bereh-kyiv,Лівий Берег (Київ),,1165942,Nazar Voloshyn,Nazar Voloshyn,FW,Centre-Forward,3,0,0,21,,,6,10,debut: rounds,57,,56.7,new to pool
livyi-bereh-kyiv,Лівий Берег (Київ),,958383,Séverin Tatolna,Séverin Tatolna,DF,Left-Back,2,0,0,109,,,6,10,debut: rounds,55,,55.0,new to pool
livyi-bereh-kyiv,Лівий Берег (Київ),tm:343316,343316,Сергій Косовський,Sergiy Kosovskyi,MF,Defensive Midfield,2,0,0,92,,,6,10,debut: rounds,54,,53.8,"returning, last card 2024"
livyi-bereh-kyiv,Лівий Берег (Київ),,1289131,Ivan Kotukha,Ivan Kotukha,DF,Right-Back,1,0,0,1,,,6,10,debut: rounds,52,,52.0,new to pool
livyi-bereh-kyiv,Лівий Берег (Київ),tm:825229,825229,Валерій Самар,Valeriy Samar,DF,Centre-Back,1,0,0,66,,,6,10,debut: rounds,52,,52.0,"returning, last card 2024"
livyi-bereh-kyiv,Лівий Берег (Київ),,1293328,Vitaliy Tishchenko,Vitaliy Tishchenko,MF,Defensive Midfield,1,0,0,6,,,6,10,debut: rounds,51,,51.4,new to pool
lnz-cherkasy,ЛНЗ (Черкаси),tm:58939,58939,Олексій Паламарчук,Oleksiy Palamarchuk,GK,Goalkeeper,2,0,0,180,3,1,7,8,carried 2025/26,85,85,53.3,"lnz-cherkasy, 25 apps"
lnz-cherkasy,ЛНЗ (Черкаси),tm:758845,758845,Єгор Твердохліб,Yegor Tverdokhlib,MF,Attacking Midfield,3,0,0,133,,,7,8,carried 2025/26,85,85,55.9,"kryvbas, 15 apps"
lnz-cherkasy,ЛНЗ (Черкаси),tm:723621,723621,Денис Кузик,Denys Kuzyk,MF,Right Midfield,7,0,0,526,,,7,8,carried 2025/26,84,84,70.0,"lnz-cherkasy, 30 apps"
lnz-cherkasy,ЛНЗ (Черкаси),tm:533318,533318,Назарій Муравський,Nazariy Muravskyi,DF,Centre-Back,7,0,0,540,,,7,8,carried 2025/26,84,84,73.8,"lnz-cherkasy, 25 apps"
lnz-cherkasy,ЛНЗ (Черкаси),tm:539738,539738,Олег Горін,Oleg Gorin,DF,Centre-Back,1,0,0,90,,,7,8,carried 2025/26,84,84,51.2,"lnz-cherkasy, 25 apps"
lnz-cherkasy,ЛНЗ (Черкаси),tm:1033040,1033040,Марк Ассінор,Mark Assinor,FW,Centre-Forward,6,0,0,315,,,7,8,carried 2025/26,83,83,62.3,"lnz-cherkasy, 28 apps"
lnz-cherkasy,ЛНЗ (Черкаси),tm:517284,517284,Мухаррем Яшарі,Muharrem Jashari,MF,Attacking Midfield,2,0,0,99,,,7,8,carried 2025/26,83,83,53.0,"lnz-cherkasy, 20 apps"
lnz-cherkasy,ЛНЗ (Черкаси),tm:623319,623319,Олександр Драмбаєв,Oleksandr Drambayev,DF,Left-Back,7,0,1,579,,,7,8,carried 2025/26,83,83,76.2,"lnz-cherkasy, 20 apps"
lnz-cherkasy,ЛНЗ (Черкаси),tm:702561,702561,Роман Дідик,Roman Didyk,DF,Centre-Back,6,0,0,540,,,7,8,carried 2025/26,83,83,68.1,"lnz-cherkasy, 24 apps"
lnz-cherkasy,ЛНЗ (Черкаси),tm:633850,633850,Артур Рябов,Artur Ryabov,MF,Central Midfield,7,0,1,630,,,7,8,carried 2025/26,81,81,74.7,"lnz-cherkasy, 28 apps"
lnz-cherkasy,ЛНЗ (Черкаси),tm:1061628,1061628,Євген Пастух,Yevgeniy Pastukh,MF,Attacking Midfield,7,0,0,350,,,7,8,carried 2025/26,81,81,70.0,"lnz-cherkasy, 26 apps"
lnz-cherkasy,ЛНЗ (Черкаси),tm:646153,646153,Теді Цара,Tedi Cara,FW,Left Winger,5,1,1,357,,,7,8,carried 2025/26,80,80,69.7,"oleksandriya, 27 apps"
lnz-cherkasy,ЛНЗ (Черкаси),tm:315236,315236,Геннадій Пасіч,Gennadiy Pasich,MF,Left Midfield,7,0,0,630,,,7,8,carried 2025/26,79,79,70.0,"lnz-cherkasy, 30 apps"
lnz-cherkasy,ЛНЗ (Черкаси),tm:628329,628329,Айді Дайко,Ajdi Dajko,DF,Centre-Back,2,0,0,152,,,7,8,carried 2025/26,77,77,53.4,"lnz-cherkasy, 8 apps"
lnz-cherkasy,ЛНЗ (Черкаси),tm:751363,751363,Данило Кравчук,Danylo Kravchuk,FW,Centre-Forward,2,1,1,119,,,7,8,carried 2025/26,76,76,58.1,"lnz-cherkasy, 26 apps"
lnz-cherkasy,ЛНЗ (Черкаси),tm:726036,726036,Артур Микитишин,Artur Mykytyshyn,FW,Right Winger,5,0,0,121,,,7,8,carried 2025/26,73,73,59.2,"lnz-cherkasy, 13 apps"
lnz-cherkasy,ЛНЗ (Черкаси),tm:743627,743627,Джевісон Беннетт,Jewison Bennette,FW,Left Winger,1,0,0,13,,,7,8,carried 2025/26,71,71,52.4,"lnz-cherkasy, 12 apps"
lnz-cherkasy,ЛНЗ (Черкаси),tm:740732,740732,Таллес Бренер,Talles Brener,MF,Attacking Midfield,5,2,0,244,,,7,8,carried 2025/26,69,69,71.0,"rukh-lviv, 14 apps"
lnz-cherkasy,ЛНЗ (Черкаси),tm:937917,937917,Дмитро Ледвій,Dmytro Ledviy,GK,Goalkeeper,5,0,0,450,5,2,7,8,carried 2025/26,68,68,65.7,"lnz-cherkasy, 5 apps"
lnz-cherkasy,ЛНЗ (Черкаси),tm:568702,568702,Папа Ндіага Яде,Papa Ndiaga Yade,FW,Left Winger,3,1,0,141,,,7,8,carried 2025/26,68,68,60.8,"oleksandriya, 13 apps"
lnz-cherkasy,ЛНЗ (Черкаси),tm:717199,717199,Богдан Слюбик,Bogdan Slyubyk,DF,Centre-Back,2,0,0,35,,,7,8,carried 2025/26,67,67,53.4,"rukh-lviv, 15 apps"
lnz-cherkasy,ЛНЗ (Черкаси),tm:882089,882089,Адам Якубу,Adam Yakubu,MF,Defensive Midfield,7,0,1,482,,,7,8,carried 2025/26,59,59,74.7,"lnz-cherkasy, 4 apps"
lnz-cherkasy,ЛНЗ (Черкаси),,503727,Cody David,Cody David,FW,Centre-Forward,5,0,0,127,,,7,8,debut: rounds,59,,59.2,new to pool
lnz-cherkasy,ЛНЗ (Черкаси),,1354298,Myroslav Donyk,Myroslav Donyk,MF,Defensive Midfield,1,0,0,10,,,7,8,debut: rounds,51,,51.2,new to pool
obolon-kyiv,Оболонь (Київ),tm:622410,622410,Денис Устименко,Denys Ustymenko,FW,Centre-Forward,7,0,0,348,,,7,15,carried 2025/26,80,80,55.8,"obolon-kyiv, 23 apps"
obolon-kyiv,Оболонь (Київ),tm:1187437,1187437,Тарас Лях,Taras Lyakh,FW,Centre-Forward,6,0,0,209,,,7,15,carried 2025/26,78,78,53.7,"obolon-kyiv, 10 apps"
obolon-kyiv,Оболонь (Київ),tm:491264,491264,Сергій Суханов,Sergiy Sukhanov,FW,Centre-Forward,5,0,1,258,,,7,15,carried 2025/26,76,76,61.5,"obolon-kyiv, 25 apps"
obolon-kyiv,Оболонь (Київ),tm:363740,363740,Євген Шевченко,Yevgeniy Shevchenko,DF,Left-Back,4,0,0,255,,,7,15,carried 2025/26,76,76,55.1,"obolon-kyiv, 26 apps"
obolon-kyiv,Оболонь (Київ),tm:320248,320248,Олег Слободян,Oleg Slobodyan,MF,Attacking Midfield,6,0,0,473,,,7,15,carried 2025/26,75,75,60.4,"obolon-kyiv, 18 apps"
obolon-kyiv,Оболонь (Київ),tm:380376,380376,Євген Морозко,Yevgeniy Morozko,DF,Right-Back,3,0,0,106,,,7,15,carried 2025/26,75,75,52.5,"kudrivka, 23 apps"
obolon-kyiv,Оболонь (Київ),tm:396401,396401,Максим Чех,Maksym Chekh,MF,Defensive Midfield,6,0,0,309,,,7,15,carried 2025/26,74,74,60.4,"obolon-kyiv, 22 apps"
obolon-kyiv,Оболонь (Київ),tm:729196,729196,Роман Волохатий,Roman Volokhatyi,MF,Central Midfield,6,0,0,224,,,7,15,carried 2025/26,72,72,60.4,"obolon-kyiv, 11 apps"
obolon-kyiv,Оболонь (Київ),tm:726016,726016,Денис Шостак,Denys Shostak,MF,Attacking Midfield,2,0,0,90,,,7,15,carried 2025/26,70,70,51.3,"oleksandriya, 20 apps"
obolon-kyiv,Оболонь (Київ),tm:882717,882717,Денис Теслюк,Denys Teslyuk,FW,Centre-Forward,2,0,0,31,,,7,15,carried 2025/26,70,70,51.5,"obolon-kyiv, 14 apps"
obolon-kyiv,Оболонь (Київ),tm:955213,955213,Андрій Маткевич,Andriy Matkevych,FW,Left Winger,6,1,0,297,,,7,15,carried 2025/26,68,68,68.0,"zorya-luhansk, 9 apps"
obolon-kyiv,Оболонь (Київ),tm:216579,216579,Павло Полегенько,Pavlo Polegenko,DF,Right-Back,6,0,0,510,,,7,15,carried 2025/26,68,68,62.8,"obolon-kyiv, 13 apps"
obolon-kyiv,Оболонь (Київ),tm:572399,572399,Кирило Прокопчук,Kyrylo Prokopchuk,DF,Centre-Back,7,0,0,630,,,7,15,debut: rounds,67,,67.4,"returning, last card 2023"
obolon-kyiv,Оболонь (Київ),tm:1249850,1249850,Олександр Жовтенко,Oleksandr Zhovtenko,DF,Centre-Back,3,0,0,172,,,7,15,carried 2025/26,66,66,52.5,"obolon-kyiv, 10 apps"
obolon-kyiv,Оболонь (Київ),tm:212243,212243,Дмитро Мишньов,Dmytro Myshnyov,MF,Central Midfield,6,0,0,410,,,7,15,carried 2025/26,65,65,60.4,"oleksandriya, 27 apps"
obolon-kyiv,Оболонь (Київ),tm:745252,745252,Артем Кулаковський,Artem Kulakovskyi,MF,Central Midfield,2,0,0,84,,,7,15,carried 2025/26,64,64,51.3,"obolon-kyiv, 17 apps"
obolon-kyiv,Оболонь (Київ),tm:718408,718408,Дмитро Капінус,Dmytro Kapinus,DF,Right-Back,6,0,0,540,,,7,15,carried 2025/26,64,64,62.8,"metalist-1925, 5 apps"
obolon-kyiv,Оболонь (Київ),tm:169260,169260,Віталій Єрмаков,Vitaliy Yermakov,DF,Centre-Back,6,0,0,540,,,7,15,debut: rounds,63,,62.8,"returning, last card 2024"
obolon-kyiv,Оболонь (Київ),tm:305418,305418,Назарій Федорівський,Nazariy Fedorivskyi,GK,Goalkeeper,6,1,0,495,12,1,7,15,carried 2025/26,62,62,51.0,"obolon-kyiv, 16 apps"
obolon-kyiv,Оболонь (Київ),tm:522832,522832,Тарас Мороз,Taras Moroz,MF,Defensive Midfield,5,0,0,214,,,7,15,carried 2025/26,61,61,56.5,"obolon-kyiv, 10 apps"
obolon-kyiv,Оболонь (Київ),,1171181,Kyrylo Barantsov,Kyrylo Barantsov,GK,Goalkeeper,2,0,0,135,0,1,7,15,debut: rounds,56,,55.7,new to pool
obolon-kyiv,Оболонь (Київ),tm:168830,168830,Ігор Мединський,Igor Medynskyi,FW,Right Winger,4,0,0,144,,,7,15,carried 2025/26,53,53,52.0,"obolon-kyiv, 20 apps"
obolon-kyiv,Оболонь (Київ),tm:261780,261780,Артем Шулянський,Artem Shulyanskyi,FW,Left Winger,5,0,1,367,,,7,15,carried 2025/26,52,52,61.5,"oleksandriya, 5 apps"
obolon-kyiv,Оболонь (Київ),,1316190,Sergiy Rebrysh,Sergiy Rebrysh,FW,Centre-Forward,1,0,0,7,,,7,15,debut: rounds,51,,50.9,new to pool
polissya-zhytomyr,Полісся (Житомир),tm:294730,294730,Богдан Михайличенко,Bogdan Mykhaylichenko,DF,Left-Back,7,0,2,611,,,7,2,carried 2025/26,85,85,89.4,"polissya-zhytomyr, 30 apps"
polissya-zhytomyr,Полісся (Житомир),tm:678778,678778,Едуард Сарапій,Eduard Sarapiy,DF,Centre-Back,4,0,1,360,,,7,2,carried 2025/26,85,85,64.8,"polissya-zhytomyr, 30 apps"
polissya-zhytomyr,Полісся (Житомир),tm:207074,207074,Олександр Андрієвський,Oleksandr Andriyevskyi,MF,Central Midfield,6,1,0,384,,,7,2,carried 2025/26,84,84,73.6,"polissya-zhytomyr, 27 apps"
polissya-zhytomyr,Полісся (Житомир),tm:245021,245021,Сергій Чоботенко,Sergiy Chobotenko,DF,Centre-Back,6,1,0,540,,,7,2,carried 2025/26,84,84,77.3,"polissya-zhytomyr, 25 apps"
polissya-zhytomyr,Полісся (Житомир),tm:860701,860701,Микола Гайдучик,Mykola Gayduchyk,FW,Centre-Forward,7,0,0,248,,,7,2,carried 2025/26,83,83,69.5,"polissya-zhytomyr, 30 apps"
polissya-zhytomyr,Полісся (Житомир),tm:729781,729781,Владислав Велетень,Vladyslav Veleten,FW,Right Winger,6,2,2,406,,,7,2,carried 2025/26,82,82,77.1,"polissya-zhytomyr, 13 apps"
polissya-zhytomyr,Полісся (Житомир),tm:695310,695310,Максим Брагару,Maksym Bragaru,FW,Left Winger,7,1,0,232,,,7,2,carried 2025/26,81,81,77.1,"polissya-zhytomyr, 25 apps"
polissya-zhytomyr,Полісся (Житомир),tm:237623,237623,Олександр Філіппов,Oleksandr Filippov,FW,Centre-Forward,1,0,0,31,,,7,2,carried 2025/26,81,81,52.9,"polissya-zhytomyr, 22 apps"
polissya-zhytomyr,Полісся (Житомир),tm:495920,495920,Олександр Назаренко,Oleksandr Nazarenko,FW,Left Winger,7,1,0,330,,,7,2,carried 2025/26,81,81,77.1,"polissya-zhytomyr, 28 apps"
polissya-zhytomyr,Полісся (Житомир),tm:892097,892097,Андрусв Араухо,Andrusw Araujo,MF,Defensive Midfield,2,0,0,111,,,7,2,carried 2025/26,80,80,55.4,"kryvbas, 26 apps"
polissya-zhytomyr,Полісся (Житомир),tm:370399,370399,Микита Кравченко,Mykyta Kravchenko,DF,Right-Back,2,0,0,63,,,7,2,carried 2025/26,80,80,55.4,"polissya-zhytomyr, 14 apps"
polissya-zhytomyr,Полісся (Житомир),tm:888342,888342,Георгій Майсурадзе,Giorgi Maisuradze,DF,Right-Back,4,0,1,301,,,7,2,carried 2025/26,79,79,64.8,"polissya-zhytomyr, 12 apps"
polissya-zhytomyr,Полісся (Житомир),tm:1045187,1045187,Ігор Краснопір,Igor Krasnopir,FW,Centre-Forward,7,5,0,404,,,7,2,carried 2025/26,79,79,92.9,"karpaty-lviv, 16 apps"
polissya-zhytomyr,Полісся (Житомир),,669959,Leandro Andrade,Leandro Andrade,FW,Right Winger,7,1,3,422,,,7,2,debut: rounds,79,,79.3,new to pool
polissya-zhytomyr,Полісся (Житомир),tm:624808,624808,Ілір Краснічі,Ilir Krasniqi,DF,Centre-Back,6,0,0,396,,,7,2,carried 2025/26,78,78,75.1,"kolos-kovalivka, 14 apps"
polissya-zhytomyr,Полісся (Житомир),tm:892105,892105,Ліндон Емерллаху,Lindon Emërllahu,MF,Central Midfield,6,0,2,295,,,7,2,carried 2025/26,78,78,78.4,"polissya-zhytomyr, 13 apps"
polissya-zhytomyr,Полісся (Житомир),tm:94928,94928,Руслан Бабенко,Ruslan Babenko,MF,Central Midfield,7,0,0,479,,,7,2,carried 2025/26,77,77,74.4,"polissya-zhytomyr, 27 apps"
polissya-zhytomyr,Полісся (Житомир),tm:844373,844373,Борис Крушинський,Borys Krushynskyi,MF,Defensive Midfield,3,0,0,270,,,7,2,carried 2025/26,76,76,58.7,"polissya-zhytomyr, 15 apps"
polissya-zhytomyr,Полісся (Житомир),tm:294746,294746,Володимир Шепелєв,Volodymyr Shepelev,MF,Central Midfield,1,0,0,4,,,7,2,carried 2025/26,76,76,52.5,"polissya-zhytomyr, 17 apps"
polissya-zhytomyr,Полісся (Житомир),tm:773961,773961,Олег Федор,Oleg Fedor,MF,Central Midfield,7,1,1,315,,,7,2,carried 2025/26,75,75,83.7,"polissya-zhytomyr, 11 apps"
polissya-zhytomyr,Полісся (Житомир),tm:836428,836428,Борель Томандзото,Borel Tomandzoto,MF,Central Midfield,1,0,0,83,,,7,2,carried 2025/26,62,62,52.5,"polissya-zhytomyr, 5 apps"
polissya-zhytomyr,Полісся (Житомир),tm:206888,206888,Георгій Бущан,Georgiy Bushchan,GK,Goalkeeper,3,0,0,270,4,0,7,2,carried 2025/26,60,60,58.0,"polissya-zhytomyr, 3 apps"
polissya-zhytomyr,Полісся (Житомир),tm:341485,341485,Олег Кудрик,Oleg Kudryk,GK,Goalkeeper,4,0,0,360,1,3,7,2,carried 2025/26,58,58,69.5,"polissya-zhytomyr, 3 apps"
polissya-zhytomyr,Полісся (Житомир),,1121513,Denys Gryshkevych,Denys Gryshkevych,DF,Centre-Back,1,0,0,15,,,7,2,debut: rounds,52,,52.5,new to pool
shakhtar-donetsk,Шахтар (Донецьк),tm:597880,597880,Дмитро Ризник,Dmytro Riznyk,GK,Goalkeeper,8,0,0,720,4,5,8,1,carried 2025/26,85,85,99.0,"shakhtar-donetsk, 24 apps"
shakhtar-donetsk,Шахтар (Донецьк),tm:1029207,1029207,Глейкер Мендоса,Gleiker Mendoza,FW,Left Winger,6,0,1,305,,,8,1,carried 2025/26,85,85,68.7,"kryvbas, 26 apps"
shakhtar-donetsk,Шахтар (Донецьк),tm:1219752,1219752,Ісаке,Isaque,MF,Attacking Midfield,7,1,2,328,,,8,1,carried 2025/26,85,85,86.9,"shakhtar-donetsk, 24 apps"
shakhtar-donetsk,Шахтар (Донецьк),tm:551695,551695,Лассіна Траоре,Lassina Traoré,FW,Centre-Forward,3,0,1,159,,,8,1,carried 2025/26,85,85,59.7,"shakhtar-donetsk, 13 apps"
shakhtar-donetsk,Шахтар (Донецьк),tm:289059,289059,Микола Матвієнко,Mykola Matvienko,DF,Centre-Back,7,1,0,612,,,8,1,carried 2025/26,85,85,83.6,"shakhtar-donetsk, 27 apps"
shakhtar-donetsk,Шахтар (Донецьк),tm:858712,858712,Педро Енріке,Pedro Henrique,DF,Left-Back,8,1,1,648,,,8,1,carried 2025/26,85,85,99.0,"shakhtar-donetsk, 23 apps"
shakhtar-donetsk,Шахтар (Донецьк),tm:396394,396394,Валерій Бондар,Valeriy Bondar,DF,Centre-Back,7,0,2,622,,,8,1,carried 2025/26,85,85,87.5,"shakhtar-donetsk, 27 apps"
shakhtar-donetsk,Шахтар (Донецьк),tm:537854,537854,Артем Бондаренко,Artem Bondarenko,MF,Attacking Midfield,3,0,0,154,,,8,1,carried 2025/26,84,84,59.0,"shakhtar-donetsk, 26 apps"
shakhtar-donetsk,Шахтар (Донецьк),tm:515208,515208,Педріньйо,Pedrinho,FW,Right Winger,4,2,2,206,,,8,1,carried 2025/26,84,84,69.5,"shakhtar-donetsk, 22 apps"
shakhtar-donetsk,Шахтар (Донецьк),tm:1119009,1119009,Кауа Еліас,Kauã Elias,FW,Centre-Forward,7,3,0,376,,,8,1,carried 2025/26,83,83,82.7,"shakhtar-donetsk, 18 apps"
shakhtar-donetsk,Шахтар (Донецьк),tm:1220143,1220143,Лука Мейреллес,Luca Meirelles,FW,Centre-Forward,6,3,0,198,,,8,1,carried 2025/26,83,83,78.6,"shakhtar-donetsk, 20 apps"
shakhtar-donetsk,Шахтар (Донецьк),tm:708241,708241,Олег Очеретько,Oleg Ocheretko,MF,Attacking Midfield,7,2,1,472,,,8,1,carried 2025/26,83,83,86.9,"shakhtar-donetsk, 28 apps"
shakhtar-donetsk,Шахтар (Донецьк),tm:1082823,1082823,Невертон,Newerton,FW,Left Winger,8,2,3,482,,,8,1,carried 2025/26,82,82,86.7,"shakhtar-donetsk, 23 apps"
shakhtar-donetsk,Шахтар (Донецьк),tm:59322,59322,Олександр Караваєв,Oleksandr Karavaev,DF,Right-Back,6,0,0,287,,,8,1,carried 2025/26,82,82,75.6,"dynamo-kyiv, 22 apps"
shakhtar-donetsk,Шахтар (Донецьк),tm:743587,743587,Вінісіус Тобіас,Vinícius Tobias,DF,Right-Back,6,0,0,462,,,8,1,carried 2025/26,82,82,75.6,"shakhtar-donetsk, 19 apps"
shakhtar-donetsk,Шахтар (Донецьк),tm:530696,530696,Іраклі Азарові,Irakli Azarovi,DF,Left-Back,2,0,0,54,,,8,1,carried 2025/26,81,81,55.8,"shakhtar-donetsk, 14 apps"
shakhtar-donetsk,Шахтар (Донецьк),tm:1083070,1083070,Алісон,Alisson,FW,Right Winger,7,2,2,485,,,8,1,carried 2025/26,80,80,81.1,"shakhtar-donetsk, 12 apps"
shakhtar-donetsk,Шахтар (Донецьк),tm:668235,668235,Марлон Гомес,Marlon Gomes,MF,Central Midfield,4,0,2,360,,,8,1,carried 2025/26,80,80,68.6,"shakhtar-donetsk, 19 apps"
shakhtar-donetsk,Шахтар (Донецьк),tm:657796,657796,Алаа Грам,Alaa Ghram,DF,Centre-Back,3,0,0,188,,,8,1,carried 2025/26,78,78,59.5,"shakhtar-donetsk, 9 apps"
shakhtar-donetsk,Шахтар (Донецьк),tm:430190,430190,Єгор Назарина,Yegor Nazaryna,MF,Central Midfield,6,1,0,338,,,8,1,carried 2025/26,78,78,73.1,"shakhtar-donetsk, 20 apps"
shakhtar-donetsk,Шахтар (Донецьк),tm:537852,537852,Дмитро Криськів,Dmytro Kryskiv,MF,Central Midfield,4,0,0,161,,,8,1,carried 2025/26,77,77,62.6,"shakhtar-donetsk, 13 apps"
shakhtar-donetsk,Шахтар (Донецьк),tm:1219849,1219849,Лукас Феррейра,Lucas Ferreira,FW,Right Winger,4,0,0,130,,,8,1,carried 2025/26,77,77,60.9,"shakhtar-donetsk, 16 apps"
shakhtar-donetsk,Шахтар (Донецьк),tm:1057222,1057222,Віктор Цуканов,Viktor Tsukanov,MF,Central Midfield,2,0,0,67,,,8,1,carried 2025/26,59,59,55.6,"shakhtar-donetsk, 3 apps"
shakhtar-donetsk,Шахтар (Донецьк),,1089144,Gabriel Carvalho,Gabriel Carvalho,FW,Right Winger,2,0,0,98,,,8,1,debut: rounds,56,,55.7,new to pool
shakhtar-donetsk,Шахтар (Донецьк),,861981,Alan Matturro,Alan Matturro,DF,Centre-Back,1,0,0,9,,,8,1,debut: rounds,53,,52.6,new to pool
veres-rivne,Верес (Рівне),tm:725356,725356,Валентин Горох,Valentyn Gorokh,GK,Goalkeeper,8,0,0,720,9,2,8,6,carried 2025/26,81,81,77.9,"veres-rivne, 25 apps"
veres-rivne,Верес (Рівне),tm:685375,685375,Кай Ціпот,Kai Cipot,DF,Centre-Back,6,0,0,540,,,8,6,carried 2025/26,80,80,67.7,"veres-rivne, 29 apps"
veres-rivne,Верес (Рівне),tm:951439,951439,Максим Сміян,Maksym Smiyan,DF,Left-Back,7,0,0,630,,,8,6,carried 2025/26,80,80,72.3,"veres-rivne, 26 apps"
veres-rivne,Верес (Рівне),tm:213976,213976,Ігор Харатін,Igor Kharatin,MF,Defensive Midfield,8,1,0,720,,,8,6,carried 2025/26,79,79,78.9,"veres-rivne, 28 apps"
veres-rivne,Верес (Рівне),tm:567505,567505,Константінос Стамуліс,Konstantinos Stamoulis,DF,Right-Back,4,0,0,360,,,8,6,carried 2025/26,79,79,59.4,"veres-rivne, 29 apps"
veres-rivne,Верес (Рівне),tm:520400,520400,Владислав Шарай,Vladyslav Sharay,FW,Left Winger,8,1,1,570,,,8,6,carried 2025/26,77,77,79.1,"veres-rivne, 29 apps"
veres-rivne,Верес (Рівне),tm:1209124,1209124,Ростислав Баран,Rostyslav Baran,MF,Central Midfield,8,0,0,383,,,8,6,debut: rounds,74,,74.1,"returning, last card 2024"
veres-rivne,Верес (Рівне),tm:1082597,1082597,Фабрісіо Ян,Fabrício Yan,MF,Attacking Midfield,8,1,1,669,,,8,6,carried 2025/26,73,73,85.5,"veres-rivne, 15 apps"
veres-rivne,Верес (Рівне),tm:775830,775830,Семен Вовченко,Semen Vovchenko,DF,Centre-Back,8,0,0,720,,,8,6,carried 2025/26,73,73,77.8,"veres-rivne, 17 apps"
veres-rivne,Верес (Рівне),tm:935107,935107,Михайло Протасевич,Mykhaylo Protasevych,DF,Right-Back,6,0,0,386,,,8,6,carried 2025/26,70,70,67.7,"veres-rivne, 12 apps"
veres-rivne,Верес (Рівне),tm:574774,574774,Веслі Помба,Wesley Pomba,FW,Left Winger,3,0,0,55,,,8,6,carried 2025/26,69,69,56.4,"veres-rivne, 16 apps"
veres-rivne,Верес (Рівне),tm:1253920,1253920,Гільєрме Баїя,Guilherme Bahia,FW,Right Winger,6,0,2,117,,,8,6,carried 2025/26,68,68,68.2,"veres-rivne, 15 apps"
veres-rivne,Верес (Рівне),tm:548993,548993,Андре Гонсалвеш,André Gonçalves,FW,Left Winger,8,2,1,672,,,8,6,carried 2025/26,67,67,82.6,"veres-rivne, 13 apps"
veres-rivne,Верес (Рівне),tm:1173335,1173335,Даниїл Чечер,Danyil Checher,DF,Centre-Back,8,1,0,486,,,8,6,carried 2025/26,66,66,80.3,"veres-rivne, 8 apps"
veres-rivne,Верес (Рівне),,1023268,Nathanael Blair,Nathanael Blair,FW,Centre-Forward,5,0,0,374,,,8,6,debut: rounds,60,,59.7,new to pool
veres-rivne,Верес (Рівне),tm:1417090,1417090,Алагі Валлі,Alagie Wally,FW,Centre-Forward,3,0,0,43,,,8,6,carried 2025/26,58,58,56.4,"veres-rivne, 7 apps"
veres-rivne,Верес (Рівне),tm:1522779,1522779,Давід Нійо,David Niyo,MF,Central Midfield,6,0,0,190,,,8,6,carried 2025/26,58,58,64.9,"veres-rivne, 6 apps"
veres-rivne,Верес (Рівне),tm:1381775,1381775,Антон Видрич,Anton Vydrych,FW,Centre-Forward,3,0,0,64,,,8,6,debut: rounds,56,,56.4,"returning, last card 2024"
veres-rivne,Верес (Рівне),,1122007,Mykyta Aleksandrov,Mykyta Aleksandrov,FW,Centre-Forward,3,0,0,140,,,8,6,debut: rounds,56,,56.4,new to pool
veres-rivne,Верес (Рівне),,1293302,Stanislav Migutskyi,Stanislav Migutskyi,MF,Central Midfield,2,0,0,8,,,8,6,debut: rounds,53,,53.2,new to pool
veres-rivne,Верес (Рівне),,1219485,Andrey,Andrey,DF,Centre-Back,1,0,0,1,,,8,6,debut: rounds,51,,51.3,new to pool
veres-rivne,Верес (Рівне),,1291383,Pavlo Bagriy,Pavlo Bagriy,DF,Left-Back,1,0,0,22,,,8,6,debut: rounds,51,,51.3,new to pool
zorya-luhansk,Зоря (Луганськ),tm:99863,99863,Пилип Будківський,Pylyp Budkivskyi,FW,Centre-Forward,7,1,0,496,,,7,9,carried 2025/26,84,84,74.1,"zorya-luhansk, 28 apps"
zorya-luhansk,Зоря (Луганськ),tm:936008,936008,Олександр Сапутін,Oleksandr Saputin,GK,Goalkeeper,3,0,0,270,4,0,7,9,carried 2025/26,82,82,53.6,"zorya-luhansk, 23 apps"
zorya-luhansk,Зоря (Луганськ),tm:546532,546532,Жордан,Jordan,DF,Centre-Back,7,0,1,630,,,7,9,carried 2025/26,81,81,73.1,"zorya-luhansk, 29 apps"
zorya-luhansk,Зоря (Луганськ),tm:606952,606952,Жуніньйо,Juninho,DF,Left-Back,4,0,0,94,,,7,9,carried 2025/26,81,81,58.0,"zorya-luhansk, 28 apps"
zorya-luhansk,Зоря (Луганськ),tm:620722,620722,Деян Попара,Dejan Popara,MF,Defensive Midfield,6,0,1,460,,,7,9,carried 2025/26,80,80,70.5,"zorya-luhansk, 26 apps"
zorya-luhansk,Зоря (Луганськ),tm:603126,603126,Андрія Янич,Andrija Janjic,DF,Centre-Back,5,0,0,450,,,7,9,carried 2025/26,78,78,61.1,"zorya-luhansk, 20 apps"
zorya-luhansk,Зоря (Луганськ),tm:935109,935109,Артем Слесар,Artem Slesar,FW,Right Winger,7,0,0,448,,,7,9,carried 2025/26,78,78,63.3,"zorya-luhansk, 30 apps"
zorya-luhansk,Зоря (Луганськ),tm:201671,201671,Ігор Пердута,Igor Perduta,DF,Right-Back,7,1,0,576,,,7,9,carried 2025/26,78,78,73.1,"zorya-luhansk, 20 apps"
zorya-luhansk,Зоря (Луганськ),tm:428603,428603,Богдан Кушніренко,Bogdan Kushnirenko,MF,Defensive Midfield,4,0,0,270,,,7,9,carried 2025/26,76,76,58.1,"zorya-luhansk, 20 apps"
zorya-luhansk,Зоря (Луганськ),tm:807731,807731,Артем Мачелюк,Artem Machelyuk,DF,Right-Back,7,0,0,461,,,7,9,carried 2025/26,75,75,70.9,"kudrivka, 27 apps"
zorya-luhansk,Зоря (Луганськ),tm:887142,887142,Іван Нестеренко,Ivan Nesterenko,MF,Attacking Midfield,7,1,1,612,,,7,9,carried 2025/26,74,74,80.6,"obolon-kyiv, 21 apps"
zorya-luhansk,Зоря (Луганськ),tm:656172,656172,Яков Башич,Jakov Basic,MF,Defensive Midfield,5,0,1,347,,,7,9,carried 2025/26,73,73,66.1,"zorya-luhansk, 18 apps"
zorya-luhansk,Зоря (Луганськ),tm:717392,717392,Антон Глущенко,Anton Glushchenko,MF,Attacking Midfield,6,1,1,287,,,7,9,carried 2025/26,72,72,75.0,"kudrivka, 12 apps"
zorya-luhansk,Зоря (Луганськ),tm:794896,794896,Габріель Ескінья,Gabriel Eskinja,DF,Centre-Back,1,0,0,90,,,7,9,carried 2025/26,72,72,50.7,"zorya-luhansk, 13 apps"
zorya-luhansk,Зоря (Луганськ),tm:774067,774067,Ігор Горбач,Igor Gorbach,FW,Centre-Forward,3,0,0,71,,,7,9,carried 2025/26,69,69,55.1,"zorya-luhansk, 18 apps"
zorya-luhansk,Зоря (Луганськ),tm:501417,501417,Кирило Дришлюк,Kyrylo Dryshlyuk,MF,Central Midfield,3,0,0,35,,,7,9,carried 2025/26,68,68,54.9,"zorya-luhansk, 18 apps"
zorya-luhansk,Зоря (Луганськ),tm:888190,888190,Домагой Єлавич,Domagoj Jelavic,FW,Left Winger,7,1,0,504,,,7,9,carried 2025/26,63,63,74.1,"zorya-luhansk, 8 apps"
zorya-luhansk,Зоря (Луганськ),tm:1262359,1262359,Федір Задорожний,Fedir Zadorozhnyi,FW,Centre-Forward,2,1,0,41,,,7,9,carried 2025/26,62,62,57.5,"zorya-luhansk, 7 apps"
zorya-luhansk,Зоря (Луганськ),tm:623318,623318,Ілля Каравашенко,llya Karavashchenko,GK,Goalkeeper,1,0,0,39,2,0,7,9,carried 2025/26,60,60,50.9,"kudrivka, 4 apps"
zorya-luhansk,Зоря (Луганськ),tm:880039,880039,Владислав Рибак,Vladyslav Rybak,GK,Goalkeeper,4,0,0,321,5,1,7,9,debut: rounds,59,,59.4,"returning, last card 2022"
zorya-luhansk,Зоря (Луганськ),tm:245048,245048,Василь Кравець,Vasyl Kravets,DF,Left-Back,3,0,0,222,,,7,9,debut: rounds,55,,54.8,"returning, last card 2023"
zorya-luhansk,Зоря (Луганськ),,1094948,Ítalo,Ítalo,DF,Right-Back,3,0,0,67,,,7,9,debut: rounds,55,,54.8,new to pool
zorya-luhansk,Зоря (Луганськ),,940850,Maksym Boyko,Maksym Boyko,MF,Central Midfield,2,0,0,62,,,7,9,debut: rounds,53,,52.7,new to pool
zorya-luhansk,Зоря (Луганськ),tm:157373,157373,Владлен Юрченко,Vladlen Yurchenko,MF,Attacking Midfield,2,0,0,43,,,7,9,debut: rounds,53,,52.7,"returning, last card 2023"
zorya-luhansk,Зоря (Луганськ),tm:282734,282734,Жерсон Родрігес,Gerson Rodrigues,MF,Centre-Forward,1,0,0,34,,,7,9,debut: rounds,51,,51.2,"returning, last card 2021"
