person_id,name_tm,name_uk,conf,tm_pos,main,alts,foot,citizenship,birth_year,url
tm:1015354,Santiago Cuiza,Сантьяго Куїса,check,Defensive Midfield,CDM,,R,Bolivia,2005,https://www.transfermarkt.com/-/profil/spieler/1015354
tm:1023268,Nathanael Blair,Натанаель Блер,check,Centre-Forward,ST,,R,Australia,2004,https://www.transfermarkt.com/-/profil/spieler/1023268
tm:1029599,Jimmy Mpanzu,Джиммі Мпанзу,high,Centre-Back,CB,,L,Portugal,2002,https://www.transfermarkt.com/-/profil/spieler/1029599
tm:1057811,Irgi Kasalla,Іргі Касалла,check,Attacking Midfield,CAM,,R,Albania,2002,https://www.transfermarkt.com/-/profil/spieler/1057811
tm:1089144,Gabriel Carvalho,Габріел Карвалью,high,Right Winger,RW,,R,Brazil,2007,https://www.transfermarkt.com/-/profil/spieler/1089144
tm:1094948,Ítalo,Італо,high,Right-Back,RB,,R,Brazil,2002,https://www.transfermarkt.com/-/profil/spieler/1094948
tm:1097103,Fellipe Vieira,Фелліпе Вієйра,high,Attacking Midfield,CAM,CM,R,Brazil,2005,https://www.transfermarkt.com/-/profil/spieler/1097103
tm:1108564,Edwin Odinaka,Едвін Одінака,high,Right Winger,RW,,R,Nigeria,2003,https://www.transfermarkt.com/-/profil/spieler/1108564
tm:1111910,Muhammed Jobe,Мухаммед Джобе,high,Defensive Midfield,CDM,CM,R,The Gambia,2004,https://www.transfermarkt.com/-/profil/spieler/1111910
tm:1112993,Fedir Babak,Федір Бабак,high,Central Midfield,CM,,R,Ukraine,2006,https://www.transfermarkt.com/-/profil/spieler/1112993
tm:1121513,Denys Gryshkevych,Денис Гришкевич,high,Centre-Back,CB,,R,Ukraine,2005,https://www.transfermarkt.com/-/profil/spieler/1121513
tm:1122007,Mykyta Aleksandrov,Микита Александров,check,Centre-Forward,ST,,,Ukraine,2004,https://www.transfermarkt.com/-/profil/spieler/1122007
tm:1122399,Shakeone Satchwell,Шакеон Сатчвелл,check,Centre-Forward,ST,,R,Jamaica,2004,https://www.transfermarkt.com/-/profil/spieler/1122399
tm:1125320,Oleksandr Savchuk,Олександр Савчук,high,Right-Back,RB,,R,Ukraine,2004,https://www.transfermarkt.com/-/profil/spieler/1125320
tm:1138724,Demyan Yesin,Дем'ян Єсін,high,Right Midfield,RM,,R,Ukraine,2007,https://www.transfermarkt.com/-/profil/spieler/1138724
tm:1158799,Rafael Profini,Рафаель Профіні,high,Defensive Midfield,CDM,,R,Argentina,2003,https://www.transfermarkt.com/-/profil/spieler/1158799
tm:1159024,Maksym Yevpak,Максим Євпак,high,Centre-Forward,ST,,R,Ukraine,2002,https://www.transfermarkt.com/-/profil/spieler/1159024
tm:1165942,Nazar Voloshyn,Назар Волошин,high,Centre-Forward,ST,,R,Ukraine,2000,https://www.transfermarkt.com/-/profil/spieler/1165942
tm:1171181,Kyrylo Barantsov,Кирило Баранцов,high,Goalkeeper,GK,,R,Ukraine,2003,https://www.transfermarkt.com/-/profil/spieler/1171181
tm:1185913,Pierre Mounguengue,П'єр Мунгенге,check,Centre-Forward,ST,,R,France,2008,https://www.transfermarkt.com/-/profil/spieler/1185913
tm:1219485,Andrey,Андрей,check,Centre-Back,CB,CDM,R,Brazil,2005,https://www.transfermarkt.com/-/profil/spieler/1219485
tm:1224806,Wendell,Вендел,check,Centre-Forward,ST,LW,R,Brazil,2006,https://www.transfermarkt.com/-/profil/spieler/1224806
tm:1235464,João Machado,Жоау Машаду,high,Right-Back,RB,RM,R,Portugal,2005,https://www.transfermarkt.com/-/profil/spieler/1235464
tm:1270732,Matías Rosales,Матіас Росалес,high,Right-Back,RB,,R,Argentina,2005,https://www.transfermarkt.com/-/profil/spieler/1270732
tm:1289131,Ivan Kotukha,Іван Котуха,high,Right-Back,RB,,R,Ukraine,2005,https://www.transfermarkt.com/-/profil/spieler/1289131
tm:1291383,Pavlo Bagriy,Павло Багрій,high,Left-Back,LB,,L,Ukraine,2005,https://www.transfermarkt.com/-/profil/spieler/1291383
tm:1293302,Stanislav Migutskyi,Станіслав Мигуцький,high,Central Midfield,CM,,R,Ukraine,2007,https://www.transfermarkt.com/-/profil/spieler/1293302
tm:1293328,Vitaliy Tishchenko,Віталій Тищенко,check,Defensive Midfield,CDM,,R,Ukraine,2005,https://www.transfermarkt.com/-/profil/spieler/1293328
tm:1316190,Sergiy Rebrysh,Сергій Ребриш,high,Centre-Forward,ST,RW,,Ukraine,2006,https://www.transfermarkt.com/-/profil/spieler/1316190
tm:1318854,Vitaliy Gorin,Віталій Горін,high,Centre-Back,CB,RB,R,Ukraine,2007,https://www.transfermarkt.com/-/profil/spieler/1318854
tm:1354298,Myroslav Donyk,Мирослав Доник,high,Defensive Midfield,CDM,CM,L,Ukraine,2010,https://www.transfermarkt.com/-/profil/spieler/1354298
tm:1380582,Keasse Bah,Кеассе Ба,check,Right Winger,RW,,L,Cote d'Ivoire,2004,https://www.transfermarkt.com/-/profil/spieler/1380582
tm:1543501,Pape Fall,Папе Фалл,check,Centre-Forward,ST,,R,Senegal,2006,https://www.transfermarkt.com/-/profil/spieler/1543501
tm:212849,Iván Calero,Іван Калеро,high,Right-Back,RB,,R,Spain,1995,https://www.transfermarkt.com/-/profil/spieler/212849
tm:335461,Renat Dadashov,Ренат Дадашов,high,Centre-Forward,ST,,R,Azerbaijan,1999,https://www.transfermarkt.com/-/profil/spieler/335461
tm:495622,Moha Moukhliss,Моха Мухліс,check,Central Midfield,CM,CDM,R,Spain,2000,https://www.transfermarkt.com/-/profil/spieler/495622
tm:503727,Cody David,Коді Девід,high,Centre-Forward,ST,,L,Nigeria,2000,https://www.transfermarkt.com/-/profil/spieler/503727
tm:510263,Mihael Klepac,Міхаель Клепач,high,Left Winger,LW,,R,Croatia,1997,https://www.transfermarkt.com/-/profil/spieler/510263
tm:629716,Serjan Repaj,Сер'ян Репай,check,Centre-Back,CB,,R,Albania,2000,https://www.transfermarkt.com/-/profil/spieler/629716
tm:633683,Yackson Rivas,Яксон Рівас,check,Right Winger,RW,,R,Venezuela,2002,https://www.transfermarkt.com/-/profil/spieler/633683
tm:668182,Bruno Iglesias,Бруно Іглесіас,high,Attacking Midfield,CAM,,R,Spain,2003,https://www.transfermarkt.com/-/profil/spieler/668182
tm:669959,Leandro Andrade,Леандро Андраде,high,Right Winger,RW,,R,Cape Verde,1999,https://www.transfermarkt.com/-/profil/spieler/669959
tm:677179,Raúl Tavares,Рауль Таварес,high,Central Midfield,CM,,,Spain,1999,https://www.transfermarkt.com/-/profil/spieler/677179
tm:702335,Andriy Khoma,Андрій Хома,high,Centre-Forward,ST,,R,Ukraine,2001,https://www.transfermarkt.com/-/profil/spieler/702335
tm:775904,Ilya Kovalenko,Ілля Коваленко,high,Centre-Back,CB,,R,Ukraine,2001,https://www.transfermarkt.com/-/profil/spieler/775904
tm:807692,Joseph Séry,Жозеф Сері,high,Centre-Forward,ST,,L,France,2000,https://www.transfermarkt.com/-/profil/spieler/807692
tm:861981,Alan Matturro,Алан Матурро,high,Centre-Back,CB,,L,Uruguay,2004,https://www.transfermarkt.com/-/profil/spieler/861981
tm:881542,Nene,Нене,high,Left Winger,LW,,L,Spain,2002,https://www.transfermarkt.com/-/profil/spieler/881542
tm:935051,Oleksandr Yushchenko,Олександр Ющенко,high,Right Winger,RW,,L,Ukraine,2005,https://www.transfermarkt.com/-/profil/spieler/935051
tm:940850,Maksym Boyko,Максим Бойко,high,Central Midfield,CM,,R,Ukraine,2004,https://www.transfermarkt.com/-/profil/spieler/940850
tm:955684,Nicholas Osei Bonsu,Ніколас Осей Бонсу,check,Left-Back,LB,,L,Ghana,2001,https://www.transfermarkt.com/-/profil/spieler/955684
tm:958383,Séverin Tatolna,Северен Татольна,check,Left-Back,LB,LM,,Central African Republic,2002,https://www.transfermarkt.com/-/profil/spieler/958383
tm:966006,Roy Nawi,Рой Наві,high,Defensive Midfield,CDM,,R,Israel,2004,https://www.transfermarkt.com/-/profil/spieler/966006
tm:996871,Mor Talla,Мор Талла,high,Right Winger,RW,,L,Senegal,1999,https://www.transfermarkt.com/-/profil/spieler/996871
