club_slug,player_id,tm_id,name
bukovyna-chernivtsi,tm:248930,248930,Danylo Kanevtsev
bukovyna-chernivtsi,tm:375659,375659,German Penkov
bukovyna-chernivtsi,tm:606248,606248,Danylo Karas
bukovyna-chernivtsi,tm:524965,524965,Andriy Busko
bukovyna-chernivtsi,tm:289472,289472,Mykyta Bezuglyi
bukovyna-chernivtsi,tm:517081,517081,Vladyslav Pryimak
bukovyna-chernivtsi,tm:343622,343622,Petro Stasyuk
bukovyna-chernivtsi,tm:498899,498899,Taras Sakiv
bukovyna-chernivtsi,tm:396400,396400,Ilya Putrya
bukovyna-chernivtsi,tm:641426,641426,Vadym Vitenchuk
bukovyna-chernivtsi,tm:213980,213980,Vyacheslav Tankovskyi
bukovyna-chernivtsi,,1112993,Fedir Babak
bukovyna-chernivtsi,tm:495923,495923,Oleg Ilyin
bukovyna-chernivtsi,tm:688714,688714,Vitaliy Dakhnovskyi
bukovyna-chernivtsi,tm:325429,325429,Maksym Zaderaka
bukovyna-chernivtsi,tm:522328,522328,Vitaliy Grusha
bukovyna-chernivtsi,,935084,Arseniy Kilyevyi
bukovyna-chernivtsi,,510263,Mihael Klepac
bukovyna-chernivtsi,tm:678783,678783,Yevgen Pidlepenets
bukovyna-chernivtsi,,1108564,Edwin Odinaka
bukovyna-chernivtsi,,996871,Mor Talla
bukovyna-chernivtsi,tm:343492,343492,Oleg Kozhushko
bukovyna-chernivtsi,tm:751363,751363,Danylo Kravchuk
bukovyna-chernivtsi,,335461,Renat Dadashov
chornomorets-odesa,tm:1111147,1111147,Chijioke Aniagboso
chornomorets-odesa,tm:120211,120211,Maksym Koval
chornomorets-odesa,,926641,Nazar Bayda
chornomorets-odesa,tm:936859,936859,Moses Jarju
chornomorets-odesa,tm:935039,935039,Maryan Faryna
chornomorets-odesa,tm:1165884,1165884,Magomed Kratov
chornomorets-odesa,tm:1159925,1159925,Sergiy Korniychuk
chornomorets-odesa,tm:955349,955349,Oleksiy Gusev
chornomorets-odesa,tm:512496,512496,Vasyl Kurko
chornomorets-odesa,tm:717391,717391,Maksym Melnychenko
chornomorets-odesa,,1111910,Muhammed Jobe
chornomorets-odesa,tm:983434,983434,Giorgi Robakidze
chornomorets-odesa,tm:294188,294188,Dmytro Klyots
chornomorets-odesa,tm:321146,321146,Vladyslav Klymenko
chornomorets-odesa,tm:1240467,1240467,Artem Prysyazhnyuk
chornomorets-odesa,tm:426011,426011,Mykola Kogut
chornomorets-odesa,tm:923514,923514,Vitaliy Faraseyenko
chornomorets-odesa,tm:426008,426008,Ivan Kogut
chornomorets-odesa,tm:244904,244904,Artur Avagimyan
chornomorets-odesa,tm:1290268,1290268,Oleksandr Pshenychnyuk
chornomorets-odesa,tm:755174,755174,Danyil Alefirenko
chornomorets-odesa,tm:717413,717413,Oleg Pushkaryov
chornomorets-odesa,tm:669312,669312,Yevgeniy Ryazantsev
chornomorets-odesa,tm:1045884,1045884,Christian Mba
chornomorets-odesa,,702335,Andriy Khoma
chornomorets-odesa,tm:726035,726035,Kiril Popov
chornomorets-odesa,tm:1284125,1284125,Jerry Yoka
dynamo-kyiv,tm:206888,206888,Georgiy Bushchan
dynamo-kyiv,tm:911644,911644,Ilya Olkhovyi
dynamo-kyiv,tm:1063685,1063685,Vyacheslav Surkis
dynamo-kyiv,tm:1067225,1067225,Taras Mykhavko
dynamo-kyiv,tm:404841,404841,Denys Popov
dynamo-kyiv,tm:181118,181118,Tomasz Kędziora
dynamo-kyiv,tm:539436,539436,Kristian Bilovar
dynamo-kyiv,tm:949111,949111,Aliou Thiaré
dynamo-kyiv,tm:1074060,1074060,Vladyslav Zakharchenko
dynamo-kyiv,tm:366723,366723,Vladyslav Dubinchak
dynamo-kyiv,tm:748939,748939,Oleksiy Sych
dynamo-kyiv,tm:1074045,1074045,Maksym Korobov
dynamo-kyiv,tm:935095,935095,Navin Malysh
dynamo-kyiv,tm:669306,669306,Volodymyr Brazhko
dynamo-kyiv,tm:626475,626475,Mykola Mykhaylenko
dynamo-kyiv,tm:294780,294780,Oleksandr Pikhalyonok
dynamo-kyiv,tm:357917,357917,Justin Lonwijk
dynamo-kyiv,tm:666943,666943,Valentyn Rubchynskyi
dynamo-kyiv,tm:925401,925401,Roman Salenko
dynamo-kyiv,tm:210689,210689,Vladyslav Kabaev
dynamo-kyiv,,1095552,Gustavo Prado
dynamo-kyiv,tm:1138725,1138725,Bogdan Redushko
dynamo-kyiv,tm:998742,998742,Shola Ogundana
dynamo-kyiv,tm:726034,726034,Nazar Voloshyn
dynamo-kyiv,,1380582,Keasse Bah
dynamo-kyiv,tm:69015,69015,Andriy Yarmolenko
dynamo-kyiv,tm:1074053,1074053,Matviy Ponomarenko
dynamo-kyiv,tm:502842,502842,Eduardo Guerrero
dynamo-kyiv,,1185913,Pierre Mounguengue
dynamo-kyiv,tm:419061,419061,Vladyslav Supryaga
dynamo-kyiv,tm:1074043,1074043,Vitaliy Lobko
epicentr,tm:574229,574229,Nikita Fedotov
epicentr,tm:449084,449084,Oleg Bilyk
epicentr,,1166036,Arseniy Vavshko
epicentr,,629716,Serjan Repaj
epicentr,tm:534474,534474,Nil Coch
epicentr,tm:918615,918615,Stepan Grygorashchuk
epicentr,tm:870177,870177,Vladyslav Moroz
epicentr,,1318854,Vitaliy Gorin
epicentr,tm:419118,419118,Oleksandr Klymets
epicentr,tm:203855,203855,Igor Kyryukhantsev
epicentr,tm:248934,248934,Valeriy Luchkevych
epicentr,tm:1134676,1134676,Daniil Vashchenko
epicentr,tm:730874,730874,Andriy Lipovuz
epicentr,tm:814830,814830,Mykola Myronyuk
epicentr,,677179,Raúl Tavares
epicentr,tm:386659,386659,Jon Ceberio
epicentr,tm:380554,380554,Yevgen Zaporozhets
epicentr,tm:396530,396530,Artem Kozak
epicentr,tm:140676,140676,Kyrylo Kovalets
epicentr,,881542,Nene
epicentr,tm:775723,775723,Ivan Bendera
epicentr,tm:628473,628473,Carlos Rojas
epicentr,tm:1067497,1067497,Vadym Sydun
epicentr,,1159024,Maksym Yevpak
fc-kharkiv,tm:775709,775709,Georgiy Yermakov
fc-kharkiv,tm:678503,678503,Danylo Varakuta
fc-kharkiv,tm:917809,917809,Yaroslav Protsenko
fc-kharkiv,tm:771914,771914,Yevgen Pavlyuk
fc-kharkiv,tm:930106,930106,Volodymyr Salyuk
fc-kharkiv,tm:787776,787776,Valeriy Dubko
fc-kharkiv,tm:236468,236468,Artem Shabanov
fc-kharkiv,tm:719652,719652,Oleksandr Martynyuk
fc-kharkiv,tm:962090,962090,Artem Smolyakov
fc-kharkiv,tm:889438,889438,Ilya Krupskyi
fc-kharkiv,tm:981181,981181,Nicolás Arévalo
fc-kharkiv,tm:726019,726019,Oleksandr Yatsyk
fc-kharkiv,tm:448868,448868,Igor Kogut
fc-kharkiv,tm:1275071,1275071,Cauan Baptistella
fc-kharkiv,tm:972535,972535,Ermir Rashica
fc-kharkiv,tm:1031575,1031575,Sebastián Castillo
fc-kharkiv,tm:755164,755164,Baton Zabergja
fc-kharkiv,tm:1158515,1158515,Ramik Gadzhyev
fc-kharkiv,tm:383325,383325,Denys Antyukh
fc-kharkiv,tm:1179658,1179658,Peter Itodo
fc-kharkiv,tm:885150,885150,Carlos Paraco
kudrivka,,1080041,Kyrylo Lavuta
kudrivka,,1240468,Mykhaylo Kulyk
kudrivka,tm:1052387,1052387,Myroslav Serdyuk
kudrivka,tm:752691,752691,Bogdan Veklyak
kudrivka,tm:495918,495918,Dmytro Semenov
kudrivka,tm:951690,951690,Yuriy Potimkov
kudrivka,tm:461666,461666,Maksym Melnychuk
kudrivka,,1270732,Matías Rosales
kudrivka,tm:315237,315237,Yevgeniy Pasich
kudrivka,tm:522329,522329,Artur Dumanyuk
kudrivka,tm:548653,548653,Kaya Makosso
kudrivka,tm:1448405,1448405,Victor Adeoye
kudrivka,tm:396532,396532,Yevgeniy Smyrnyi
kudrivka,tm:935047,935047,Kyrylo Sigeev
kudrivka,tm:216842,216842,Mykola Vechurko
kudrivka,,1138724,Demyan Yesin
kudrivka,tm:524031,524031,Oleksandr Belyaev
kudrivka,tm:830079,830079,Rodion Plaksa
kudrivka,tm:923512,923512,Sergiy Sten
kudrivka,tm:913115,913115,Kostyantyn Bychek
kudrivka,tm:203074,203074,Ivan Petryak
kudrivka,tm:722371,722371,Denys Svityukha
kudrivka,,935051,Oleksandr Yushchenko
kudrivka,tm:837005,837005,Raymond Owusu
kudrivka,tm:942475,942475,Reynaldiño Verley
kudrivka,tm:1186330,1186330,Anton Demchenko
kudrivka,,1175525,Roman Solodarenko
karpaty-lviv,tm:1159511,1159511,Denys Marchenko
karpaty-lviv,tm:717394,717394,Yuriy-Volodymyr Gereta
karpaty-lviv,tm:924466,924466,Anton Zhylkin
karpaty-lviv,tm:117481,117481,Roman Mysak
karpaty-lviv,tm:1090422,1090422,Jean Pedroso
karpaty-lviv,tm:1050852,1050852,Vitaliy Kholod
karpaty-lviv,tm:549960,549960,Tymur Stetskov
karpaty-lviv,tm:396536,396536,Roman Vantukh
karpaty-lviv,tm:533537,533537,Rostyslav Lyakh
karpaty-lviv,tm:708242,708242,Andriy Buleza
karpaty-lviv,,212849,Iván Calero
karpaty-lviv,tm:244262,244262,Denys Miroshnichenko
karpaty-lviv,,1290890,Yuriy Kokodynyak
karpaty-lviv,tm:892049,892049,Marko Sapuga
karpaty-lviv,tm:1362423,1362423,Eriki
karpaty-lviv,,495622,Moha Moukhliss
karpaty-lviv,tm:1073028,1073028,Ivan Chaban
karpaty-lviv,,1097103,Fellipe Vieira
karpaty-lviv,tm:212232,212232,Ambrosiy Chachua
karpaty-lviv,,668182,Bruno Iglesias
karpaty-lviv,tm:1007020,1007020,Joaquinete
karpaty-lviv,tm:572271,572271,Xeber Alkain
karpaty-lviv,tm:366729,366729,Nazariy Rusyn
karpaty-lviv,tm:789583,789583,Yaroslav Karabin
karpaty-lviv,,807692,Joseph Séry
kolos-kovalivka,tm:1083190,1083190,Ivan Pakholyuk
kolos-kovalivka,tm:539425,539425,Valentyn Morgun
kolos-kovalivka,tm:775832,775832,Dmytro Matsapura
kolos-kovalivka,tm:708240,708240,Eduard Kozik
kolos-kovalivka,tm:213865,213865,Mykyta Burda
kolos-kovalivka,tm:884849,884849,Daniil Khrypchuk
kolos-kovalivka,tm:382895,382895,Roman Goncharenko
kolos-kovalivka,tm:1179117,1179117,Vladyslav Shershen
kolos-kovalivka,tm:916226,916226,Zurab Rukhadze
kolos-kovalivka,tm:155964,155964,Andriy Tsurikov
kolos-kovalivka,tm:1065123,1065123,Vitaliy Katrych
kolos-kovalivka,tm:522833,522833,Andriy Ponedelnik
kolos-kovalivka,tm:1263365,1263365,Yegor Popravka
kolos-kovalivka,,1125320,Oleksandr Savchuk
kolos-kovalivka,tm:642947,642947,Elias Telles
kolos-kovalivka,tm:463845,463845,Oleksandr Demchenko
kolos-kovalivka,tm:543380,543380,Ibrahim Kane
kolos-kovalivka,tm:608760,608760,Arinaldo Rrapaj
kolos-kovalivka,,1057811,Irgi Kasalla
kolos-kovalivka,tm:626771,626771,Luka Stankovski
kolos-kovalivka,tm:1180068,1180068,Daniil Denysenko
kolos-kovalivka,tm:1293390,1293390,Oleksiy Bezruchuk
kolos-kovalivka,tm:892025,892025,Anton Salabay
kolos-kovalivka,tm:1134218,1134218,Artem Gusol
kolos-kovalivka,tm:501612,501612,Yuriy Klymchuk
kolos-kovalivka,tm:808971,808971,Denys Ndukve
kolos-kovalivka,tm:808465,808465,Ardit Tahiri
kryvbas,tm:729638,729638,Oleksandr Kemkin
kryvbas,tm:978659,978659,Bogdan Khoma
kryvbas,tm:1140013,1140013,Volodymyr Vilivald
kryvbas,tm:1053568,1053568,Joseph Jones
kryvbas,tm:1061626,1061626,Oleksiy Tovarnytskyi
kryvbas,,1029599,Jimmy Mpanzu
kryvbas,tm:1222645,1222645,Thiago Borges
kryvbas,,1230568,Vyacheslav Kulbachuk
kryvbas,,1235464,João Machado
kryvbas,tm:812755,812755,Denys Pidgurskyi
kryvbas,,966006,Roy Nawi
kryvbas,,1015354,Santiago Cuiza
kryvbas,tm:1266282,1266282,Yaroslav Shevchenko
kryvbas,tm:1293294,1293294,Oleksandr Kamenskyi
kryvbas,tm:1101761,1101761,Giovany Herbert
kryvbas,tm:1130335,1130335,Dmytro Godya
kryvbas,tm:966009,966009,Bar Lin
kryvbas,,633683,Yackson Rivas
kryvbas,tm:856056,856056,Assane Seck
kryvbas,tm:1268326,1268326,Tymur Butenko
kryvbas,tm:1179284,1179284,Volodymyr Mulyk
kryvbas,,1122399,Shakeone Satchwell
kryvbas,,1162090,Cyprian Kachwele
kryvbas,tm:1293298,1293298,Matviy Bodnar
lnz-cherkasy,tm:937917,937917,Dmytro Ledviy
lnz-cherkasy,tm:58939,58939,Oleksiy Palamarchuk
lnz-cherkasy,tm:812170,812170,Kirill Samoylenko
lnz-cherkasy,tm:702561,702561,Roman Didyk
lnz-cherkasy,tm:628329,628329,Ajdi Dajko
lnz-cherkasy,tm:717199,717199,Bogdan Slyubyk
lnz-cherkasy,tm:623319,623319,Oleksandr Drambayev
lnz-cherkasy,tm:726038,726038,Vitaliy Roman
lnz-cherkasy,tm:776033,776033,Andriy Kitela
lnz-cherkasy,tm:882089,882089,Adam Yakubu
lnz-cherkasy,tm:633850,633850,Artur Ryabov
lnz-cherkasy,tm:723621,723621,Denys Kuzyk
lnz-cherkasy,tm:315236,315236,Gennadiy Pasich
lnz-cherkasy,tm:758845,758845,Yegor Tverdokhlib
lnz-cherkasy,tm:517284,517284,Muharrem Jashari
lnz-cherkasy,tm:1061628,1061628,Yevgeniy Pastukh
lnz-cherkasy,tm:740732,740732,Talles Brener
lnz-cherkasy,tm:646153,646153,Tedi Cara
lnz-cherkasy,tm:568702,568702,Papa Ndiaga Yade
lnz-cherkasy,tm:726036,726036,Artur Mykytyshyn
lnz-cherkasy,tm:1033040,1033040,Mark Assinor
lnz-cherkasy,,503727,Cody David
livyi-bereh-kyiv,tm:524021,524021,Roman Zhmurko
livyi-bereh-kyiv,tm:1072234,1072234,Oleksandr Domolega
livyi-bereh-kyiv,,726012,Denys Ignatenko
livyi-bereh-kyiv,tm:521841,521841,Andriy Yakymiv
livyi-bereh-kyiv,tm:825229,825229,Valeriy Samar
livyi-bereh-kyiv,,775904,Ilya Kovalenko
livyi-bereh-kyiv,tm:365540,365540,Valeriy Bondarenko
livyi-bereh-kyiv,tm:662418,662418,Sidnney
livyi-bereh-kyiv,,955684,Nicholas Osei Bonsu
livyi-bereh-kyiv,,958383,Séverin Tatolna
livyi-bereh-kyiv,tm:577844,577844,Oleg Sokolov
livyi-bereh-kyiv,tm:702562,702562,Ernest Astakhov
livyi-bereh-kyiv,,1289131,Ivan Kotukha
livyi-bereh-kyiv,tm:511909,511909,Artem Chelyadin
livyi-bereh-kyiv,tm:343316,343316,Sergiy Kosovskyi
livyi-bereh-kyiv,,1293328,Vitaliy Tishchenko
livyi-bereh-kyiv,tm:964036,964036,Oleg Kryvoruchko
livyi-bereh-kyiv,tm:242272,242272,Yevgen Banada
livyi-bereh-kyiv,tm:765401,765401,Nazariy Vorobchak
livyi-bereh-kyiv,tm:1375876,1375876,Diego Henrique
livyi-bereh-kyiv,tm:470831,470831,Vikentiy Voloshyn
livyi-bereh-kyiv,tm:359796,359796,Dmytro Shastal
livyi-bereh-kyiv,tm:936825,936825,Ilya Kvasnytsya
livyi-bereh-kyiv,,1224806,Wendell
livyi-bereh-kyiv,,1165942,Nazar Voloshyn
livyi-bereh-kyiv,,1543501,Pape Fall
livyi-bereh-kyiv,,1116893,Roman Geresh
veres-rivne,tm:725356,725356,Valentyn Gorokh
veres-rivne,,1081969,Pavlo Stefanyuk
veres-rivne,tm:685375,685375,Kai Cipot
veres-rivne,tm:775830,775830,Semen Vovchenko
veres-rivne,tm:1173335,1173335,Danyil Checher
veres-rivne,,1219485,Andrey
veres-rivne,tm:951439,951439,Maksym Smiyan
veres-rivne,,1291383,Pavlo Bagriy
veres-rivne,tm:567505,567505,Konstantinos Stamoulis
veres-rivne,tm:935107,935107,Mykhaylo Protasevych
veres-rivne,tm:1522779,1522779,David Niyo
veres-rivne,tm:1209124,1209124,Rostyslav Baran
veres-rivne,tm:1082597,1082597,Fabrício Yan
veres-rivne,tm:548993,548993,André Gonçalves
veres-rivne,tm:520400,520400,Vladyslav Sharay
veres-rivne,tm:574774,574774,Wesley Pomba
veres-rivne,,1023268,Nathanael Blair
veres-rivne,tm:1417090,1417090,Alagie Wally
veres-rivne,,1122007,Mykyta Aleksandrov
veres-rivne,tm:1381775,1381775,Anton Vydrych
obolon-kyiv,tm:305418,305418,Nazariy Fedorivskyi
obolon-kyiv,,1171181,Kyrylo Barantsov
obolon-kyiv,tm:1159736,1159736,Vadym Stashkiv
obolon-kyiv,tm:572399,572399,Kyrylo Prokopchuk
obolon-kyiv,tm:1249850,1249850,Oleksandr Zhovtenko
obolon-kyiv,tm:1061435,1061435,Andriy Lomnytskyi
obolon-kyiv,tm:169260,169260,Vitaliy Yermakov
obolon-kyiv,tm:1293451,1293451,Oleksandr Feshchenko
obolon-kyiv,tm:363740,363740,Yevgeniy Shevchenko
obolon-kyiv,tm:537538,537538,Yegor Prokopenko
obolon-kyiv,tm:718408,718408,Dmytro Kapinus
obolon-kyiv,tm:216579,216579,Pavlo Polegenko
obolon-kyiv,tm:380376,380376,Yevgeniy Morozko
obolon-kyiv,tm:396401,396401,Maksym Chekh
obolon-kyiv,tm:522832,522832,Taras Moroz
obolon-kyiv,tm:729196,729196,Roman Volokhatyi
obolon-kyiv,tm:212243,212243,Dmytro Myshnyov
obolon-kyiv,tm:745252,745252,Artem Kulakovskyi
obolon-kyiv,tm:726016,726016,Denys Shostak
obolon-kyiv,tm:261780,261780,Artem Shulyanskyi
obolon-kyiv,tm:955213,955213,Andriy Matkevych
obolon-kyiv,tm:168830,168830,Igor Medynskyi
obolon-kyiv,tm:622410,622410,Denys Ustymenko
obolon-kyiv,tm:491264,491264,Sergiy Sukhanov
obolon-kyiv,tm:882717,882717,Denys Teslyuk
obolon-kyiv,tm:1187437,1187437,Taras Lyakh
polissya-zhytomyr,tm:341485,341485,Oleg Kudryk
polissya-zhytomyr,tm:1241968,1241968,Nazar Makarenko
polissya-zhytomyr,tm:678778,678778,Eduard Sarapiy
polissya-zhytomyr,tm:245021,245021,Sergiy Chobotenko
polissya-zhytomyr,tm:624808,624808,Ilir Krasniqi
polissya-zhytomyr,,1121513,Denys Gryshkevych
polissya-zhytomyr,tm:1250366,1250366,Kiril Kobernyuk
polissya-zhytomyr,tm:370399,370399,Mykyta Kravchenko
polissya-zhytomyr,tm:888342,888342,Giorgi Maisuradze
polissya-zhytomyr,tm:892097,892097,Andrusw Araujo
polissya-zhytomyr,tm:892105,892105,Lindon Emërllahu
polissya-zhytomyr,tm:773961,773961,Oleg Fedor
polissya-zhytomyr,tm:294746,294746,Volodymyr Shepelev
polissya-zhytomyr,tm:836428,836428,Borel Tomandzoto
polissya-zhytomyr,tm:1294033,1294033,Yaroslav Karaman
polissya-zhytomyr,tm:495920,495920,Oleksandr Nazarenko
polissya-zhytomyr,tm:695310,695310,Maksym Bragaru
polissya-zhytomyr,tm:624920,624920,Béni Makouana
polissya-zhytomyr,,669959,Leandro Andrade
polissya-zhytomyr,tm:729781,729781,Vladyslav Veleten
polissya-zhytomyr,tm:1045187,1045187,Igor Krasnopir
polissya-zhytomyr,tm:860701,860701,Mykola Gayduchyk
shakhtar-donetsk,tm:597880,597880,Dmytro Riznyk
shakhtar-donetsk,tm:751977,751977,Kiril Fesyun
shakhtar-donetsk,tm:396394,396394,Valeriy Bondar
shakhtar-donetsk,,861981,Alan Matturro
shakhtar-donetsk,tm:273236,273236,Marlon
shakhtar-donetsk,tm:657796,657796,Alaa Ghram
shakhtar-donetsk,tm:858712,858712,Pedro Henrique
shakhtar-donetsk,tm:743587,743587,Vinícius Tobias
shakhtar-donetsk,tm:59322,59322,Oleksandr Karavaev
shakhtar-donetsk,tm:668235,668235,Marlon Gomes
shakhtar-donetsk,tm:537852,537852,Dmytro Kryskiv
shakhtar-donetsk,tm:430190,430190,Yegor Nazaryna
shakhtar-donetsk,tm:1057222,1057222,Viktor Tsukanov
shakhtar-donetsk,tm:1219752,1219752,Isaque
shakhtar-donetsk,tm:708241,708241,Oleg Ocheretko
shakhtar-donetsk,tm:1082823,1082823,Newerton
shakhtar-donetsk,,1275528,Ryan Roberto
shakhtar-donetsk,tm:1029207,1029207,Gleiker Mendoza
shakhtar-donetsk,tm:1083070,1083070,Alisson
shakhtar-donetsk,,1089144,Gabriel Carvalho
shakhtar-donetsk,tm:515208,515208,Pedrinho
shakhtar-donetsk,tm:1219849,1219849,Lucas Ferreira
shakhtar-donetsk,,1500420,Bruninho
shakhtar-donetsk,tm:1119009,1119009,Kauã Elias
shakhtar-donetsk,tm:1220143,1220143,Luca Meirelles
shakhtar-donetsk,tm:551695,551695,Lassina Traoré
zorya-luhansk,tm:936008,936008,Oleksandr Saputin
zorya-luhansk,tm:880039,880039,Vladyslav Rybak
zorya-luhansk,tm:623318,623318,llya Karavashchenko
zorya-luhansk,tm:546532,546532,Jordan
zorya-luhansk,tm:603126,603126,Andrija Janjic
zorya-luhansk,tm:794896,794896,Gabriel Eskinja
zorya-luhansk,tm:606952,606952,Juninho
zorya-luhansk,tm:245048,245048,Vasyl Kravets
zorya-luhansk,tm:807731,807731,Artem Machelyuk
zorya-luhansk,,1094948,Ítalo
zorya-luhansk,tm:201671,201671,Igor Perduta
zorya-luhansk,tm:620722,620722,Dejan Popara
zorya-luhansk,tm:656172,656172,Jakov Basic
zorya-luhansk,tm:428603,428603,Bogdan Kushnirenko
zorya-luhansk,tm:501417,501417,Kyrylo Dryshlyuk
zorya-luhansk,,940850,Maksym Boyko
zorya-luhansk,tm:887142,887142,Ivan Nesterenko
zorya-luhansk,tm:717392,717392,Anton Glushchenko
zorya-luhansk,tm:1195407,1195407,Sallieu Bah
zorya-luhansk,tm:157373,157373,Vladlen Yurchenko
zorya-luhansk,tm:888190,888190,Domagoj Jelavic
zorya-luhansk,tm:935109,935109,Artem Slesar
zorya-luhansk,tm:774067,774067,Igor Gorbach
zorya-luhansk,tm:282734,282734,Gerson Rodrigues
zorya-luhansk,tm:1262359,1262359,Fedir Zadorozhnyi
zorya-luhansk,,1178141,Artem Serdyuk
