date,kind,title_uk,people,clubs,source,why_iconic
1965-10-11,birthday,День народження Володимира Горілого (чемпіон СРСР 1986 у складі Динамо),Володимир Горілий,Динамо Київ,https://fcdynamo.com/news/11-oktyabrya-den-v-istorii-dinamo-14,"Гравець Динамо Лобановського: чемпіон СРСР 1986, володар Кубка СРСР 1987"
1979-10-15,birthday,День народження Маріса Верпаковскіса (нападник Динамо 2003-2007),Маріс Верпаковскіс,Динамо Київ,https://fcdynamo.com/news/15-oktyabrya-den-v-istorii-dinamo-14,"Латвійський форвард, гравець збірної на Євро-2004, відомий в Динамо"
1985-10-12,birthday,День народження Ілсіньйо (півзахисник Шахтаря),Ілсіньйо,Шахтар Донецьк,https://en.wikipedia.org/wiki/Ilsinho,"Бразильський вінгер, багаторічний гравець основи Шахтаря"
1988-10-10,birthday,День народження Брауна Ідеє (нападник Динамо 2011-2014),Браун Ідеє,Динамо Київ,https://fcdynamo.com/news/10-oktyabrya-den-v-istorii-dinamo-14,"Нігерійський форвард, зірка Динамо початку 2010-х, гравець збірної Нігерії"
1990-10-10,birthday,"День народження Фанендо Аді (нападник, Динамо 2011)",Фанендо Аді,Динамо Київ; Таврія; Металург Донецьк,https://fcdynamo.com/news/10-oktyabrya-den-v-istorii-dinamo-14,"Нігерійський нападник, грав у Динамо 2011 року"
1992-10-11,match,Верес Рівне – Динамо 1:3 (перший чемпіонат незалежної України),,Динамо Київ; Верес Рівне,https://fcdynamo.com/news/11-oktyabrya-den-v-istorii-dinamo-14,Матч першого сезону незалежного чемпіонату України 1992 року
1993-10-13,match,«Нива» Вінниця – «Динамо» 2:2 (рекордна відвідуваність сезону),,Динамо Київ; Нива Вінниця,https://ru.wikipedia.org/wiki/Чемпионат_Украины_по_футболу_1993/1994,Найвідвідуваніший матч сезону 1993/94 за версією Вікіпедії
1995-10-15,tragedy,Вибух на стадіоні «Шахтар»: загинув президент клубу Ахать Брагін,Ахать Брагін; Рінат Ахметов,Шахтар Донецьк; Таврія,https://en.wikipedia.org/wiki/Akhat_Bragin,"Найтрагічніша дата в історії Шахтаря; матч з Таврією зупинили на 7-й хвилині, переграли 31.10"
1996-10-09,cup,"Кубок України: «Металург» Донецьк – «Динамо» 1:1, пенальті 5:6",,Динамо Київ; Металург Донецьк,https://fcdynamo.com/news/9-oktyabrya-den-v-istorii-dinamo-14,"Кубковий матч Динамо з донецьким Металургом, вирішений серією пенальті"
1996-10-11,coach/president,Рінат Ахметов стає президентом «Шахтаря»,Рінат Ахметов,Шахтар Донецьк,https://en.wikipedia.org/wiki/Rinat_Akhmetov,Початок ери Ахметова: з цього дня Шахтар став головним конкурентом Динамо
1996-10-13,win,«Динамо» – «Кривбас» 5:0,,Динамо Київ; Кривбас,https://fcdynamo.com/news/13-oktyabrya-den-v-istorii-dinamo-14,Розгром Кривбасу в сезоні Динамо Шевченка й Реброва
1999-10-15,win,«Динамо» – «Таврія» 2:0,,Динамо Київ; Таврія,https://fcdynamo.com/news/15-oktyabrya-den-v-istorii-dinamo-14,Перемога в чемпіонському сезоні 1999/2000 Динамо Лобановського
2001-10-11,match,«Закарпаття» – «Динамо» 1:2,,Динамо Київ; Закарпаття,https://fcdynamo.com/news/11-oktyabrya-den-v-istorii-dinamo-14,Виїзна перемога Динамо в сезоні 2001/02
2006-10-14,win,«Дніпро» – «Динамо» 0:2,,Динамо Київ; Дніпро Дніпропетровськ,https://fcdynamo.com/news/14-oktyabrya-den-v-istorii-dinamo-14,Виїзна перемога Динамо над Дніпром у чемпіонаті 2006/07
2022-10-09,match,«Динамо» – «Рух» 3:0 у воєнному сезоні УПЛ,,Динамо Київ; Рух Львів,https://fcdynamo.com/news/9-oktyabrya-den-v-istorii-dinamo-14,Домашня перемога Динамо в чемпіонаті воєнного сезону 2022/23
2022-10-11,euro,"Ліга чемпіонів: «Шахтар» – «Реал» Мадрид 1:1 (Варшава, гол Зубкова)",Олександр Зубков,Шахтар Донецьк; Реал Мадрид,https://en.wikipedia.org/wiki/2022%E2%80%9323_UEFA_Champions_League_group_stage,Шахтар на останніх хвилинах втратив перемогу над діючим володарем Ліги чемпіонів
2022-10-13,euro,Ліга Європи: «Динамо» – «Ренн» 0:1 (Краків),,Динамо Київ; Ренн,https://en.wikipedia.org/wiki/2022%E2%80%9323_UEFA_Europa_League_group_stage,Домашній матч Динамо у вигнанні (Краків) воєнного сезону
