season,canonical_id,games,w,d,l,gf,ga,pts,pos,deduction,source_url
2017,shakhtar-donetsk,32,24,3,5,71,24,75,1,0,https://en.wikipedia.org/wiki/2017–18_Ukrainian_Premier_League
2017,dynamo-kyiv,32,22,7,3,64,25,73,2,0,https://en.wikipedia.org/wiki/2017–18_Ukrainian_Premier_League
2017,vorskla-poltava,32,14,7,11,37,35,49,3,0,https://en.wikipedia.org/wiki/2017–18_Ukrainian_Premier_League
2017,zorya-luhansk,32,11,10,11,44,44,43,4,0,https://en.wikipedia.org/wiki/2017–18_Ukrainian_Premier_League
2017,mariupol,32,10,9,13,38,41,39,5,0,https://en.wikipedia.org/wiki/2017–18_Ukrainian_Premier_League
2017,veres-rivne,32,7,14,11,28,30,35,6,0,https://en.wikipedia.org/wiki/2017–18_Ukrainian_Premier_League
2017,oleksandriya,32,10,15,7,32,27,45,7,0,https://en.wikipedia.org/wiki/2017–18_Ukrainian_Premier_League
2017,karpaty-lviv,32,8,13,11,28,45,37,8,0,https://en.wikipedia.org/wiki/2017–18_Ukrainian_Premier_League
2017,olimpik-donetsk,32,9,9,14,29,38,36,9,0,https://en.wikipedia.org/wiki/2017–18_Ukrainian_Premier_League
2017,zirka-kropyvnytskyi,32,7,10,15,22,40,31,10,0,https://en.wikipedia.org/wiki/2017–18_Ukrainian_Premier_League
2017,chornomorets-odesa,32,6,11,15,26,49,29,11,0,https://en.wikipedia.org/wiki/2017–18_Ukrainian_Premier_League
2017,stal-kamianske,32,6,8,18,23,44,26,12,0,https://en.wikipedia.org/wiki/2017–18_Ukrainian_Premier_League
2018,shakhtar-donetsk,32,26,5,1,73,11,83,1,0,https://en.wikipedia.org/wiki/2018–19_Ukrainian_Premier_League
2018,dynamo-kyiv,32,22,6,4,54,18,72,2,0,https://en.wikipedia.org/wiki/2018–19_Ukrainian_Premier_League
2018,oleksandriya,32,14,7,11,39,34,49,3,0,https://en.wikipedia.org/wiki/2018–19_Ukrainian_Premier_League
2018,mariupol,32,12,7,13,36,47,43,4,0,https://en.wikipedia.org/wiki/2018–19_Ukrainian_Premier_League
2018,zorya-luhansk,32,11,10,11,39,34,43,5,0,https://en.wikipedia.org/wiki/2018–19_Ukrainian_Premier_League
2018,pfk-lviv,32,8,10,14,25,40,34,6,0,https://en.wikipedia.org/wiki/2018–19_Ukrainian_Premier_League
2018,vorskla-poltava,32,12,6,14,31,43,42,7,0,https://en.wikipedia.org/wiki/2018–19_Ukrainian_Premier_League
2018,desna-chernihiv,32,12,5,15,35,41,41,8,0,https://en.wikipedia.org/wiki/2018–19_Ukrainian_Premier_League
2018,olimpik-donetsk,32,7,13,12,41,48,34,9,0,https://en.wikipedia.org/wiki/2018–19_Ukrainian_Premier_League
2018,karpaty-lviv,32,8,9,15,44,53,33,10,0,https://en.wikipedia.org/wiki/2018–19_Ukrainian_Premier_League
2018,chornomorets-odesa,32,8,7,17,31,49,31,11,0,https://en.wikipedia.org/wiki/2018–19_Ukrainian_Premier_League
2018,arsenal-kyiv,32,7,5,20,26,56,26,12,0,https://en.wikipedia.org/wiki/2018–19_Ukrainian_Premier_League
2019,shakhtar-donetsk,32,26,4,2,80,26,82,1,0,https://en.wikipedia.org/wiki/2019–20_Ukrainian_Premier_League
2019,dynamo-kyiv,32,18,5,9,65,35,59,2,0,https://en.wikipedia.org/wiki/2019–20_Ukrainian_Premier_League
2019,zorya-luhansk,32,17,7,8,50,29,58,3,0,https://en.wikipedia.org/wiki/2019–20_Ukrainian_Premier_League
2019,desna-chernihiv,32,17,5,10,59,33,56,4,0,https://en.wikipedia.org/wiki/2019–20_Ukrainian_Premier_League
2019,oleksandriya,32,14,7,11,49,47,49,5,0,https://en.wikipedia.org/wiki/2019–20_Ukrainian_Premier_League
2019,kolos-kovalivka,32,10,2,20,33,59,32,6,0,https://en.wikipedia.org/wiki/2019–20_Ukrainian_Premier_League
2019,dnipro-1,32,15,4,13,42,42,49,7,0,https://en.wikipedia.org/wiki/2019–20_Ukrainian_Premier_League
2019,mariupol,32,12,9,11,40,46,45,8,0,https://en.wikipedia.org/wiki/2019–20_Ukrainian_Premier_League
2019,olimpik-donetsk,32,10,6,16,32,47,36,9,0,https://en.wikipedia.org/wiki/2019–20_Ukrainian_Premier_League
2019,vorskla-poltava,32,9,7,16,23,48,34,10,0,https://en.wikipedia.org/wiki/2019–20_Ukrainian_Premier_League
2019,pfk-lviv,32,5,9,18,25,57,24,11,0,https://en.wikipedia.org/wiki/2019–20_Ukrainian_Premier_League
2019,karpaty-lviv,32,2,9,21,19,48,15,12,0,https://en.wikipedia.org/wiki/2019–20_Ukrainian_Premier_League
2011,mariupol,30,8,8,14,28,42,32,11,0,https://en.wikipedia.org/wiki/2011–12_Ukrainian_Premier_League
