,0
w:1960-03-25:afsarohli,Ельхан Расулов
w:1968-09-18:donchev,Велін Кефалов
w:1970-06-23:antonel,Іонел Пірву
w:1970-08-27:iulian,Юліян Нейчев
w:1973-05-10:hanlar,Махмуд Гурбанов
w:1973-05-19:tomash,Пйотр Цетнарович
w:1973-07-19:ailton,Аїлтон
w:1973-09-06:alen,Ален Амугу
w:1974-02-09:iohan,Йорді Кройф
w:1974-05-05:falemi,Нана Фалемі
w:1974-06-22:damian,Оскар Родрігес
w:1974-07-13:florinel,Флорінел Міря
w:1975-03-04:batista,Маркус
w:1975-04-02:florin,Флорін Пірву
w:1975-09-17:hamza,Ільхам Ядуллаєв
w:1975-10-10:avhustin,Августін Кіріце
w:1975-10-19:iordanov,Васіл Колєв
w:1975-11-04:marchel,Марчел Решітка
w:1976-03-11:hristov,Іордан Петков
w:1976-06-03:henri,Тондерей Мутамбіква
w:1976-09-02:bernar,Бернар Чутанг
w:1976-09-10:marius,Маріус Міту
w:1976-11-14:ahaseid,Камаль Гулієв
w:1976-11-24:flavius,Флавіус Стойкан
w:1977-02-07:paulo,Пауло Сезар
w:1977-02-09:adriano,Адріано Спадото
w:1977-05-03:dainius,Дайнюс Глевецкас
w:1977-09-29:ioan,Богдан Мара
w:1977-11-16:andre,Андре Луїс
w:1978-03-31:matsei,Мацей Налєпа
w:1978-04-12:dias,Флавіо
w:1978-04-21:fernandes,Рікардо Фернандес
w:1978-04-26:andres,Андрес Мендоса
w:1978-08-30:aladin,Фарух Ісмаїлов
w:1978-09-02:aleksandar,Александар Томовський
w:1978-09-05:hiom,Патрік Ібанда
w:1979-01-03:korea,Рожеріо
w:1979-02-28:aleksandru,Александру Голбан
w:1979-03-01:hbenha,Гбенга Окуново
w:1979-03-11:ivanov,Георгі Пеєв
w:1979-03-23:ansen,Матеус
w:1979-04-08:aparesido,Родріго Толедо
w:1979-05-13:alehandro,Альваро Мельо
w:1979-06-04:adrian,Адріан Няга
w:1979-06-14:esinhila,Мозес Молонго
w:1979-06-26:dariush,Марцін Новак
w:1979-08-04:djahanhir,Джахангір Гасанзаде
w:1979-09-23:eliar,Ельшад Гусейнов
w:1979-11-01:frantsisko,Марсело
w:1979-11-10:mihailov,Станімір Сталєв
w:1979-11-15:antonio,Евертон
w:1980-02-14:duarte,Фабіо
w:1980-06-16:evaeverson,Брандао
w:1980-07-27:batista,Батіста
w:1980-08-27:baldaso,Родріго
w:1980-10-02:andrade,Філіпе Тейшейра
w:1980-10-08:chaidjoke,Даніель Нджоку
w:1980-11-04:maidana,Родріго Васкес
w:1980-12-29:karlos,Корреа
w:1981-01-20:katalin,Каталін Лікіою
w:1981-01-31:badr,Бадр Ель-Каддурі
w:1981-02-21:emako,Ернест Сіанкам
w:1981-04-13:berna,Роджер
w:1981-06-07:oliveira,Сержіо
w:1981-07-02:anderson,Андерсон Рібейро
w:1981-07-18:davidson,Давідсон
w:1981-08-03:matos,Веслі
w:1981-08-04:adson,Адсон
w:1981-08-19:esteban,Карлос Фронтіні
w:1981-08-20:antonio,Роберто Нанні
w:1981-09-26:kolins,Колінс Нгаха
w:1981-11-22:danel,Северин Ганчаржик
w:1981-12-12:harison,Гаррісон Омоко
w:1981-12-13:chamba,Поль Ессола
w:1982-00-00:enrike,Гоебер Майя
w:1982-02-26:damian,Даміан Гіменез
w:1982-02-26:fabio,Фабіо
w:1982-03-21:fabio,Фабіо
w:1982-04-01:arhuedas,Едгар Вільямарін
w:1982-06-25:aleksandar,Александар Младенов
w:1982-10-23:bispo,Родольфо
w:1982-11-25:arinton,Аррінтон Міна
w:1983-00-00:alvesh,Едуардо
w:1983-00-00:arbi,Мохаммед Арурі
w:1983-00-00:filo,Зе Соарес
w:1983-00-00:jadson,Жадсон
w:1983-01-09:danel,Осмар Феррейра
w:1983-01-20:artola,Даніель Фернандес
w:1983-02-16:anderson,Міхаель
w:1983-02-19:julio,Жуліо Сезар
w:1983-02-24:erik,Ерік Камдем
w:1983-03-08:alehandre,Клейтон Сільва
w:1983-03-25:enrike,Нельсон Рівас
w:1983-05-13:arbi,Мохамед Арурі
w:1983-05-13:hnehneri,Яя Туре
w:1983-08-12:djakomase,Клебер
w:1983-10-05:jadson,Жадсон
w:1983-11-03:aparesido,Вінісіус
w:1983-11-21:emanuel,Еммануель Окодува
w:1983-11-30:jankarlos,Паоло де ла Аса
w:1984-00-00:andres,Себастьян Сетті
w:1984-00-00:djimi,Джиммі Франса
w:1984-00-00:markos,Маркос Піццеллі
w:1984-02-21:brazeiro,Жадер
w:1984-03-29:chavdar,Чавдар Янков
w:1984-06-13:alberto,Нері Кастільо
w:1984-12-21:alberto,Тіаго Констанціа
w:1985-00-00:erik,Ерік Перейра
w:1985-03-13:alsides,Алсідес
w:1985-03-14:charlz,Чарльз Невуче
w:1985-04-05:emanuel,Фабіо Морейра
w:1985-05-14:joze,Леандро
w:1985-06-13:alenkor,Герсон Маграо
w:1985-07-09:ernesto,Пабло Вітті
w:1985-07-29:djonatan,Джонатан Майдана
w:1985-08-14:huardia,Маурісіо Сауседо
w:1985-10-02:chiprian,Чіпріан Маріка
w:1986-00-00:haruna,Сані Кайта
w:1986-02-16:anibal,Вальтер Асеведо
w:1986-05-02:haruna,Сані Кайта
w:1987-00-00:enrike,Леонардо Велозо
w:1987-03-27:danel,Ернан Фредес
w:1987-06-18:marselo,Марсело Морено
w:1987-09-15:frank,Франк Маду
w:1987-12-09:alan,Алан
w:1988-00-00:andre,Тьягу Террозу
w:1988-00-00:borha,Борха Гомес
w:1988-00-00:lukas,Лукас Перес
w:1988-02-18:hustavo,Густаво Пінедо
w:1988-05-14:borha,Борха Гомес
w:1988-09-12:adeni,Айодеджі Браун
w:1988-10-14:djenison,Дженісон
w:1988-10-22:hilerme,Гільєрме
w:1989-02-13:batista,Джеферсон
w:1990-00-00:kampos,Данілу Соуза
w:1990-09-27:andre,Андре
w:1991-00-00:bruno,Бруно Ренан
w:1991-00-00:esekel,Херман Пачеко
w:1991-04-19:bruno,Бруно Ренан
