person_id,main,alts,conf,source
w:1962-12-01:kapanadze,CAM,CM,high,uk.wikipedia.org/wiki/Капанадзе_Автанділ_Іванович
w:1971-05-27:chijevski,CB,RB,mid,en.wikipedia.org/wiki/Oleksandr_Chyzhevskyi
w:1976-01-13:shischenko,RW,CAM;ST,mid,news.sportbox.ru/Vidy_sporta/Futbol/Sergey-SHischenko-Futbol-13011976
w:1977-01-08:kostishin,CM,CDM,mid,en.wikipedia.org/wiki/Ruslan_Kostyshyn
w:1975-02-23:zotov,CM,CDM,low,en.wikipedia.org/wiki/Oleksandr_Zotov
w:1976-08-17:zakarliuka,CAM,CM,high,en.wikipedia.org/wiki/Serhiy_Zakarlyuka
w:1975-01-02:vaschuk,CB,,high,knowledge
w:1972-09-25:mizin,CM,CAM,high,knowledge
w:1974-11-21:kirlik,CM,CAM,low,en.wikipedia.org/wiki/Andriy_Kirlik
w:1975-04-18:poltavets,CDM,CM,mid,en.wikipedia.org/wiki/Valentyn_Poltavets
w:1972-01-06:holovko,CB,,high,knowledge
w:1973-11-19:luchkevich,CM,,low,en.wikipedia.org/wiki/Ihor_Luchkevych
w:1978-05-06:rikun,CAM,CM,high,knowledge
w:1974-04-25:beno,CB,,mid,en.wikipedia.org/wiki/Yuriy_Benyo
w:1975-05-06:babich,ST,,high,knowledge
w:1973-07-13:mihailenko,CDM,CM,high,en.wikipedia.org/wiki/Dmytro_Mykhaylenko
w:1973-06-24:tsihmeistruk,CAM,LM,high,national-football-teams.com/player/11428/Eduard_Tsykhmeystruk.html
w:1969-08-26:vovchuk,CM,,low,group-default
w:1977-01-15:platonov,CB,CDM,mid,dic.academic.ru/dic.nsf/ruwiki/1599119
w:1977-06-23:pershin,CB,CDM,mid,en.wikipedia.org/wiki/Oleksandr_Pershyn
w:1973-10-26:onopko,CM,CB,low,en.wikipedia.org/wiki/Serhiy_Onopko
w:1975-02-07:medvedev,CB,,low,group-default
w:1975-05-03:sachko,ST,,high,knowledge
w:1971-04-18:diriavka,CB,,high,en.wikipedia.org/wiki/Serhiy_Diryavka
w:1967-08-07:haidash,ST,,high,knowledge
w:1973-08-27:kliuchik,CM,,low,group-default
w:1973-10-13:starostiak,CB,RB,high,en.wikipedia.org/wiki/Mykhaylo_Starostyak
w:1977-09-12:zubov,RM,RW,high,en.wikipedia.org/wiki/Hennadiy_Zubov
w:1975-04-02:esin,CB,CDM,low,en.wikipedia.org/wiki/Serhiy_Yesin
w:1972-02-29:palianitsia,ST,,high,knowledge
w:1983-01-16:rusol,CB,,high,knowledge
w:1977-04-02:koniushenko,CB,LB,mid,en.wikipedia.org/wiki/Andriy_Konyushenko
w:1971-04-22:popov,CB,CDM,mid,dic.academic.ru/dic.nsf/ruwiki/1147504
w:1975-12-10:dotsenko,CB,,low,group-default
w:1975-06-18:smirnov,CM,,low,en.wikipedia.org/wiki/Denys_Smirnov
w:1977-09-15:sliusar,CDM,CM,mid,en.wikipedia.org/wiki/Valentyn_Slyusar
w:1968-09-05:kovalets,CM,CAM,high,knowledge
w:1977-06-03:hihiadze,ST,,high,knowledge
w:1968-05-27:oparin,CM,,low,group-default
w:1977-02-04:iaksmanitski,LB,CB,low,en.wikipedia.org/wiki/Volodymyr_Yaksmanytskyi
w:1974-06-03:rebrov,ST,CAM;RW,high,knowledge
w:1971-06-21:pokladok,ST,,high,knowledge
w:1966-06-09:plotko,CM,,low,en.wikipedia.org/wiki/Ihor_Plotko
w:1979-03-30:timoschuk,CDM,CB,high,knowledge
w:1972-01-23:nazarov,CM,,low,group-default
w:1980-04-15:esin,CM,CDM,low,en.wikipedia.org/wiki/Dmytro_Yesin
w:1972-03-28:korobchenko,CB,,low,protocol-group
w:1971-01-19:markin,CB,CDM,low,footballfakts.ru/person/25056
w:1973-07-31:kriventsov,CDM,CB;CM,mid,en.wikipedia.org/wiki/Valeriy_Kryventsov
w:1960-08-11:biskup,CB,CDM,low,footballfakts.ru/person/32076
w:1979-02-28:nesmachni,LB,CB,high,own-knowledge
w:1973-03-11:musolitin,ST,,high,own-knowledge
w:1979-02-10:tkachenko,LM,RM;CAM,low,news.sportbox.ru
w:1978-12-13:melaschenko,ST,,high,own-knowledge
w:1970-07-05:rati,CB,,low,footballfakts.ru/person/20266
w:1973-01-27:bialkevich,CAM,CM,high,own-knowledge
w:1972-05-09:kobzar,ST,CAM,mid,en.wikipedia.org/wiki/Vitaliy_Kobzar
w:1971-09-23:kozar,CB,,low,footballfakts.ru/person/46880
w:1979-07-15:bilozor,CB,,mid,own-knowledge
w:1967-03-17:mazur,CB,CDM,low,footballfakts.ru/person/84072
w:1975-01-22:poklonski,CB,,mid,own-knowledge
w:1972-10-29:ponomarenko,CM,CDM,low,protocol-group
w:1972-12-11:husin,CDM,CB;CM,high,own-knowledge
w:1973-11-11:kundenok,CM,,low,protocol-group
w:1966-08-14:bondarenko,ST,,mid,own-knowledge
w:1980-01-15:akopian,CM,RM,low,protocol-group
w:1962-01-28:smihunov,CB,,low,protocol-group
w:1978-01-09:ivanov,CM,CDM,low,news.sportbox.ru
w:1975-12-18:seleznov,CDM,CM,mid,news.sportbox.ru
w:1975-03-27:moroz,ST,,high,own-knowledge
w:1968-01-24:huseinov,ST,,high,own-knowledge
w:1970-08-18:matvev,ST,,high,dic.academic.ru/dic.nsf/ruwiki/1074430
w:1974-06-14:maksimiuk,RM,RW;CAM,mid,own-knowledge
w:1970-07-23:orbu,CAM,ST;RW,mid,own-knowledge
w:1970-04-28:mikitin,CB,,low,protocol-group
w:1975-02-10:dmitrulin,LB,RB;CB,mid,fcdynamo.com/news/universalniy-soldat-nezaminniy-yuriy-dmitrulin
w:1976-01-16:anikev,CB,,low,protocol-group
w:1972-01-08:atelkin,ST,,high,own-knowledge
w:1969-09-04:sushka,CB,,low,protocol-group
w:1980-04-12:andrenko,RB,CB,low,news.sportbox.ru
w:1976-09-04:makovei,ST,,mid,own-knowledge
w:1976-08-20:demchenko,CAM,CM;ST,mid,rusteam.su/players/demchenko.html
w:1978-11-01:kornev,CM,CDM,low,news.sportbox.ru
w:1970-08-09:bejenar,CB,,high,own-knowledge
w:1974-05-03:koval,RB,CM,low,footballfakts.ru/person/8102
w:1976-01-27:doniushkin,CB,,low,protocol-group
w:1971-09-18:sharan,LM,CAM;ST,mid,own-knowledge
w:1971-09-09:saharov,CM,,low,protocol-group
w:1972-03-01:konovalov,CAM,ST,mid,own-knowledge
w:1969-01-21:anenkov,CM,CAM,mid,own-knowledge
w:1980-03-21:matiuhin,CB,RB,mid,ua.tribuna.com/blogs/tainydnipra/2758674
w:1975-04-24:bohatir,CM,,low,protocol-group
w:1976-01-26:voskoboinik,ST,,high,own-knowledge
w:1981-08-20:danilovski,CM,CDM,mid,en.wikipedia.org/wiki/Serhiy_Danylovskyi
w:1970-08-18:pantilov,CM,,low,news.sportbox.ru
w:1970-10-16:mokritski,CB,LB,low,news.sportbox.ru
w:1981-12-12:harison,CB,,mid,sport.ua/football/players/141-harrison-omoko
w:1974-07-13:pushkutsa,ST,,mid,own-knowledge
w:1971-11-15:demianchuk,CM,,low,group-guess
w:1976-03-11:hranovski,CB,,mid,news.sportbox.ru
w:1972-03-03:kovaliuk,CM,CAM;CB,mid,en.wikipedia.org/wiki/Volodymyr_Kovalyuk
w:1973-02-19:huzenko,CM,,low,group-guess
w:1978-06-15:shopin,CM,RM,low,en.wikipedia.org/wiki/Ihor_Shopin
w:1976-08-12:pavliuh,CB,,low,group-guess
w:1971-03-05:polunin,CM,CAM,mid,en.wikipedia.org/wiki/Andriy_Polunin
w:1971-11-17:kucher,CM,,low,group-guess
w:1981-01-23:kabanov,ST,,high,own-knowledge
w:1968-08-05:lujni,RB,CB,high,own-knowledge
w:1974-09-11:parfonov,RB,CB;RM,high,own-knowledge
w:1984-03-19:nevmivaka,CB,,high,own-knowledge
w:1980-10-05:kashevski,CDM,CM,mid,own-knowledge
w:1976-09-29:shevchenko,ST,LW,high,own-knowledge
w:1967-09-14:leonov,CM,CB;ST,low,news.sportbox.ru
w:1971-11-25:antiuhin,ST,,high,own-knowledge
w:1965-02-03:hromov,ST,,mid,own-knowledge
w:1973-01-14:kardash,CAM,CM;RM,mid,own-knowledge
w:1971-08-04:lejentsev,CB,RB,mid,own-knowledge
w:1970-10-11:evtushok,CB,RB,high,own-knowledge
w:1965-12-06:fokin,CB,,low,group-guess
w:1971-09-05:nahorniak,ST,,high,own-knowledge
w:1973-12-09:hrehul,CB,,low,group-guess
w:1981-06-18:hioane,CM,CAM;RM,high,own-knowledge
w:1972-01-02:haschin,CM,CDM,low,own-knowledge
w:1980-05-16:melnik,ST,,mid,own-knowledge
w:1972-10-11:zuenko,CB,,low,group-guess
w:1972-03-13:volosianko,CB,,mid,own-knowledge
w:1971-06-22:bukel,CB,RB,low,group-guess
w:1975-02-03:zakotiuk,CM,,low,group-guess
w:1976-07-19:radchenko,CB,LB,mid,own-knowledge
w:1983-10-05:jadson,CAM,RW;CM,high,own-knowledge
w:1969-06-21:pets,CB,,low,news.sportbox.ru
w:1975-11-08:hramtsov,CB,,mid,own-knowledge
w:1973-08-14:prihodko,CM,,low,group-guess
w:1979-08-09:hunchak,CM,CDM,mid,own-knowledge
w:1977-03-15:zubchenko,CM,,low,group-guess
w:1973-08-11:kosovski,LM,LW,high,own-knowledge
w:1968-01-19:sobol,CB,,low,group-guess
w:1966-01-03:fokin,CM,,low,group-guess
w:1976-02-20:zadorojni,CB,RB,mid,en.wikipedia.org/wiki/Serhiy_Zadorozhnyi
w:1974-04-24:honcharenko,CM,,low,sport.ua(полузащитник)
w:1975-10-30:maltsev,CB,,low,sportbox.ru(защитник)
w:1981-11-19:pshenichnih,RB,LB;CB,mid,en.wikipedia.org/wiki/Serhiy_Pshenychnykh
w:1963-01-28:fedorov,CM,,low,footballfacts.ru/person/72048
w:1976-01-04:spevak,CM,,low,matchtv.ru(полузащитник)
w:1965-11-23:konovalchuk,CM,,low,footballfacts.ru/person/26854
w:1978-08-21:braila,CM,,mid,en.wikipedia.org/wiki/Volodymyr_Braila
w:1976-06-16:rimshin,ST,,low,group
w:1977-11-25:opria,CDM,CB,mid,en.wikipedia.org/wiki/Anatoliy_Oprya
w:1975-02-18:fedorov,CB,RB;RM,high,en.wikipedia.org/wiki/Serhiy_Fedorov
w:1968-12-08:maksimov,CAM,CM,high,en.wikipedia.org/wiki/Yuriy_Maksymov
w:1972-05-17:shumski,CB,CDM,mid,en.wikipedia.org/wiki/Vitaliy_Shumskyi
w:1968-09-26:dudnik,CM,CDM;CB,mid,en.wikipedia.org/wiki/Yuriy_Dudnyk
w:1977-11-01:mitrofanov,CM,,mid,en.wikipedia.org/wiki/Oleksandr_Mytrofanov
w:1971-01-02:zavialov,CM,,low,en.wikipedia.org/wiki/Andriy_Zavyalov
w:1963-12-13:fediukov,CB,,low,group
w:1972-10-08:rusanovski,CB,CDM,mid,en.wikipedia.org/wiki/Roman_Rusanovskyi
w:1971-11-22:kovalov,CM,CAM,mid,en.wikipedia.org/wiki/Serhiy_Kovalyov
w:1969-02-13:korponai,ST,,high,en.wikipedia.org/wiki/Ivan_Korponay
w:1974-09-09:piatenko,CB,,mid,en.wikipedia.org/wiki/Volodymyr_Pyatenko
w:1977-08-05:holovko,ST,,low,group
w:1981-08-02:komarnitski,CB,RB,low,en.wikipedia.org/wiki/Vitaliy_Komarnytskyi
w:1967-01-03:sak,CDM,CB,mid,en.wikipedia.org/wiki/Yuriy_Sak
w:1978-08-28:horodov,CM,,mid,en.wikipedia.org/wiki/Oleksiy_Horodov
w:1972-09-29:buhai,CB,,low,group
w:1977-11-08:mazurenko,CM,,mid,en.wikipedia.org/wiki/Oleh_Mazurenko
w:1976-09-03:kotiuk,CB,,low,group
w:1974-10-29:polischuk,CDM,CB,mid,en.wikipedia.org/wiki/Volodymyr_Polishchuk
w:1977-08-03:nazarov,CB,,mid,en.wikipedia.org/wiki/Dmytro_Nazarov
w:1970-02-01:irichuk,ST,,low,group
w:1966-09-25:topchev,CDM,CB,mid,en.wikipedia.org/wiki/Dmytro_Topchiyev
w:1971-01-20:solovenko,CB,,mid,en.wikipedia.org/wiki/Yuriy_Solovyenko
w:1980-06-16:evaeverson,ST,,high,own-knowledge(Brandão)
w:1971-01-04:filimonov,ST,CAM,mid,en.wikipedia.org/wiki/Denys_Filimonov
w:1968-05-24:homin,CB,CDM,mid,"en.wikipedia.org/wiki/Andriy_Khomyn_(footballer,_born_1968)"
w:1970-05-23:mazur,CDM,CB,mid,en.wikipedia.org/wiki/Serhiy_Mazur
w:1975-09-14:kostiuk,CM,CDM,mid,en.wikipedia.org/wiki/Ihor_Kostyuk
w:1968-07-09:babi,CB,CDM,mid,en.wikipedia.org/wiki/Oleksandr_Babiy
w:1963-09-28:lukash,CB,,low,group
w:1980-08-11:melnik,CM,,low,group
w:1970-09-22:omelchuk,CM,,low,group
w:1974-08-09:nikolaichuk,CM,,low,group
w:1965-03-13:volkov,CB,,mid,en.wikipedia.org/wiki/Ihor_Volkov
w:1975-02-17:lavrinenko,CB,,mid,en.wikipedia.org/wiki/Serhiy_Lavrynenko
w:1978-08-02:havranchich,CB,,high,en.wikipedia.org/wiki/Goran_Gavrančić
w:1974-06-01:zaiats,CM,,low,en.wikipedia.org/wiki/Vadym_Zayats
w:1972-12-16:shkapenko,CAM,CM,high,en.wikipedia.org/wiki/Pavlo_Shkapenko
w:1976-03-24:vetrenikov,CDM,CB,mid,rffk-roo.ru/news/1292
w:1983-11-21:emanuel,ST,,high,own-knowledge
w:1973-10-19:hatskevich,CM,CDM;CAM,high,own-knowledge
w:1980-03-23:rojon,CB,,mid,sportbox.ru
w:1971-11-25:pohlebaev,RM,RW,high,sports.ru/football/blogs/3127529.html
w:1963-05-25:vatamaniuk,CB,,low,en.wikipedia.org/wiki/Yaroslav_Vatamanyuk
w:1976-10-04:sapuha,CB,CDM,low,sportbox.ru
w:1970-08-15:pervak,CB,,low,en.wikipedia.org/wiki/Vitaliy_Pervak
w:1980-05-10:chernat,CAM,CM,high,own-knowledge
w:1976-09-26:demetradze,ST,,high,own-knowledge
w:1978-11-09:markovich,CB,,high,own-knowledge
w:1978-03-21:venhlinski,ST,,high,own-knowledge
w:1977-11-14:olinik,CM,,low,group-MF
w:1977-09-24:havriushov,CB,,low,en.wikipedia.org/wiki/Andriy_Havryushov
w:1980-04-18:dioho,CAM,LW;RW,high,en.wikipedia.org/wiki/Diogo_Rincón
w:1973-06-10:kolesnichenko,CM,,low,matchtv.ru/athlete/vitalii-kolesnichenko
w:1968-12-11:tolochko,CM,,low,ukr-football.com
w:1986-07-22:baranets,CDM,CM,mid,sports.ru/football/person/boris-baranec
w:1967-03-12:kolesnik,ST,,high,en.wikipedia.org/wiki/Vadym_Kolesnyk
w:1981-01-04:kirilchik,CDM,CM,mid,en.wikipedia.org/wiki/Pavel_Kirylchyk
w:1975-08-12:potshveria,ST,,high,en.wikipedia.org/wiki/Mikheil_Potskhveria
w:1968-07-01:jabchenko,CDM,CB,mid,en.wikipedia.org/wiki/Ihor_Zhabchenko
w:1973-08-30:svistunov,CM,,low,en.wikipedia.org/wiki/Oleksandr_Svystunov
w:1975-02-17:seleznov,CB,CDM,low,en.wikipedia.org/wiki/Serhiy_Seleznyov
w:1972-08-29:kurilenko,CM,,low,sportbox.ru
w:1966-07-19:kislov,ST,,high,en.wikipedia.org/wiki/Ihor_Kyslov
w:1969-11-19:skripnik,LB,LM,high,own-knowledge
w:1975-01-06:spivak,CAM,CM,high,en.wikipedia.org/wiki/Oleksandr_Spivak
w:1976-10-12:baharev,LM,LW;CM,high,own-knowledge
w:1974-10-12:romanchuk,CM,,low,en.wikipedia.org/wiki/Ruslan_Romanchuk
w:1970-03-03:machohan,CB,,low,group-DF
w:1979-08-01:djurichich,CB,,high,en.wikipedia.org/wiki/Saša_Đuričić
w:1981-01-31:badr,LB,,high,own-knowledge
w:1977-09-01:dranov,ST,,high,en.wikipedia.org/wiki/Serhiy_Dranov
w:1976-10-11:lapko,CM,,low,footballfacts.ru
w:1963-03-25:samardak,ST,CB,mid,start.uaf.ua/players/26322
w:1970-08-25:liuti,CDM,CB,low,matchtv.ru/athlete/vladislav-liutyi
w:1981-11-22:danel,LB,,high,en.wikipedia.org/wiki/Seweryn_Gancarczyk
w:1965-02-17:cherkun,CB,ST,mid,en.wikipedia.org/wiki/Ihor_Cherkun
w:1980-09-10:danilav,RM,RB,mid,sportbox.ru
w:1975-12-31:shevtsov,ST,,high,en.wikipedia.org/wiki/Serhiy_Shevtsov
w:1961-02-10:volkov,CB,CDM,low,"en.wikipedia.org/wiki/Oleksandr_Volkov_(footballer,_born_1961)"
w:1968-11-12:tanasiuk,CB,,low,group-DF
w:1972-06-05:maksimenko,CB,,low,group-DF
w:1976-04-18:homenko,CB,CDM,mid,footballfakts.ru/person/76311
w:1969-07-18:sevidov,ST,CAM,mid,en.wikipedia.org/wiki/Oleksandr_Sevidov
w:1978-06-13:kripak,ST,CAM,high,news.sportbox.ru/Vidy_sporta/Futbol/Jakov_Kripak__Futbol___13_06_1978_
w:1971-02-25:revut,CB,,low,own-knowledge
w:1979-04-18:tselih,ST,,high,en.wikipedia.org/wiki/Yuriy_Tselykh
w:1977-01-07:hilazev,CM,LM,low,chernofans.narod.ru/gilazev.html
w:1972-09-07:dichko,CB,CDM,mid,matchtv.ru/athlete/vladimir-dychko
w:1970-12-06:nosenko,CB,,low,group-default
w:1969-06-03:evhlevski,CM,,low,footballfacts.ru/players/393716-evglevskij-sergej-yurevich
w:1976-03-24:kovalenko,CM,CDM,low,own-knowledge
w:1975-11-02:osipov,CM,CAM,mid,footballfakts.ru/person/72584-osipovalekseyrudolfovich
w:1973-02-21:kovalchuk,CAM,ST,low,news.sportbox.ru/Vidy_sporta/Futbol/Taras-Kovalichuk-Futbol-21021973
w:1977-07-08:timchishin,CB,,low,group-default
w:1971-07-04:fedkov,ST,,high,news.sportbox.ru/Vidy_sporta/Futbol/Andrey-YUrievich-Fedikov-Futbol-04071971
w:1971-08-23:skish,CB,CDM,low,news.sportbox.ru/Vidy_sporta/Futbol/Vitaliy-Skish-Futbol-23031971
w:1983-01-31:leviha,ST,,high,news.sportbox.ru/Vidy_sporta/Futbol/Ruslan-Ivanovich-Leviga-Futbol-31011983
w:1974-09-27:mochuliak,ST,,high,news.sportbox.ru/Vidy_sporta/Futbol/Oleg-Leonidovich-Mochulyak-Futbol-27091974
w:1982-07-06:motuz,CM,RM,low,own-knowledge
w:1979-11-03:kuzniatsov,CDM,CB,mid,en.wikipedia.org/wiki/Syarhey_Kuznyatsow
w:1978-08-10:kotov,CB,,mid,matchtv.ru/athlete/evgenii-kotov
w:1969-10-05:leonenko,ST,,high,en.wikipedia.org/wiki/Viktor_Leonenko
w:1981-08-24:stoian,CB,LB,low,own-knowledge
w:1974-02-17:homa,CM,,low,group-default
w:1966-10-12:rusnak,CB,,low,group-default
w:1971-09-12:huralski,CM,,mid,matchtv.ru/athlete/aleksandr-guralskii
w:1985-02-24:iatsenko,CB,RB,mid,en.wikipedia.org/wiki/Oleksandr_Yatsenko
w:1983-03-04:ilnitski,LB,CB,low,sport.ua/football/players/4063-taras-ilnitskiy
w:1981-07-02:anderson,ST,CAM,high,sport.ua/news/13113-sekrety-zvezd-ribeyro-anderson-mendes-tuka
w:1979-09-14:kozoriz,CM,CDM,mid,news.sportbox.ru/Vidy_sporta/Futbol/Ivan-Nikolaevich-Kozoriz-Futbol-14091979
w:1977-12-29:cheliadzinski,CB,CDM,mid,fcminsk.by/player/artem-cheljadinskij/
w:1985-02-15:chuchman,CB,,mid,news.sportbox.ru/Vidy_sporta/Futbol/Igori-Romanovich-CHuchman-Futbol-15021985
w:1984-03-10:tsiharav,CDM,CB,mid,en.wikipedia.org/wiki/Yan_Tsiharaw
w:1977-10-13:kolchin,CB,RB,mid,en.wikipedia.org/wiki/Denys_Kolchin
w:1982-02-12:ahahova,ST,,high,en.wikipedia.org/wiki/Julius_Aghahowa
w:1980-07-27:batista,ST,,high,news.sportbox.ru/Vidy_sporta/Futbol/Batista-Futbol-27071980
w:1979-06-19:koteliuh,CB,,low,group-default
w:1969-08-11:zaharov,CM,,mid,news.sportbox.ru/Vidy_sporta/Futbol/Aleksandr-Viktorovich-Zaharov-Futbol-11081969
w:1967-02-16:zub,CM,,mid,news.sportbox.ru/Vidy_sporta/Futbol/Roman_Zub__Futbol___16_02_1967_
w:1971-12-19:iakovenko,ST,,high,news.sportbox.ru/Vidy_sporta/Futbol/YUriy-Viktorovich-YAkovenko-Futbol-19121971
w:1963-12-07:petrik,CM,,low,group-default
w:1975-04-16:anischenko,CB,,mid,news.sportbox.ru/Vidy_sporta/Futbol/Andrey-Anatolievich-Anischenko-Futbol-16041975
w:1966-04-18:korponai,CM,,low,group-default
w:1973-08-01:bohunov,CM,,mid,matchtv.ru/athlete/sergei-bogunov
w:1972-10-29:mintenko,ST,,mid,footballfakts.ru/person/83892-mintenkovitaliygeorgievich
w:1981-01-20:savin,CB,CDM,low,en.wikipedia.org/wiki/Artem_Savin
w:1974-03-31:nivinski,CB,,mid,news.sportbox.ru/Vidy_sporta/Futbol/V_acheslav_Nivinskij__Futbol___31_03_1974_
w:1977-01-16:tereschenko,ST,,high,en.wikipedia.org/wiki/Vyacheslav_Tereshchenko
w:1971-03-04:kovalov,CB,,low,matchtv.ru/athlete/albert-kovalev
w:1982-08-13:balabanov,ST,RW,high,en.wikipedia.org/wiki/Kostyantyn_Balabanov
w:1979-07-21:skoropad,CB,RB,low,group
w:1974-04-06:mihailiv,RB,RM,low,matchtv.ru/athlete/evgenii-mikhailiv
w:1979-02-15:babich,CB,,high,en.wikipedia.org/wiki/Oleksandr_Babych
w:1971-07-14:mehanoshin,CM,,low,sportbox.ru
w:1962-02-15:diki,ST,,high,en.wikipedia.org/wiki/Volodymyr_Dykyi
w:1971-01-23:kuptsov,CB,CDM,mid,en.wikipedia.org/wiki/Andriy_Kuptsov
w:1969-09-26:sosenko,CB,,low,group
w:1962-02-21:bahmut,CM,CDM,mid,en.wikipedia.org/wiki/Volodymyr_Bahmut
w:1968-05-05:kalitvintsev,CAM,CM,high,en.wikipedia.org/wiki/Yuriy_Kalitvintsev
w:1979-08-18:molokutsko,ST,,high,en.wikipedia.org/wiki/Stepan_Molokutsko
w:1970-01-03:fursov,ST,,low,group
w:1966-03-11:kolokolov,CB,,mid,en.wikipedia.org/wiki/Ruslan_Kolokolov
w:1986-03-03:hlavina,LW,LM,high,en.wikipedia.org/wiki/Denis_Glavina
w:1961-09-01:chervoni,CDM,CB,mid,en.wikipedia.org/wiki/Oleksandr_Chervonyi
w:1981-07-28:leal,RB,,high,"en.wikipedia.org/wiki/M%C3%A1rio_S%C3%A9rgio_(footballer,_born_1981)"
w:1968-10-25:chuichenko,ST,,high,en.wikipedia.org/wiki/Serhiy_Chuychenko
w:1980-11-10:lutsenko,CM,RM,mid,en.wikipedia.org/wiki/Yevhen_Lutsenko
w:1969-08-29:stolovitski,ST,CAM,mid,en.wikipedia.org/wiki/Ihor_Stolovytskyi
w:1974-01-23:semchuk,CB,,low,group
w:1982-02-07:lozinski,CB,,mid,en.wikipedia.org/wiki/Yevhen_Lozynskyi
w:1975-03-31:balanchuk,CB,,low,group
w:1982-01-01:sibiriakov,CM,,mid,en.wikipedia.org/wiki/Serhiy_Sibiryakov
w:1959-05-20:haidarji,CB,,mid,en.wikipedia.org/wiki/Leonid_Haidarzhy
w:1964-12-13:belichenko,CM,,low,group
w:1966-12-28:nefedov,CB,,mid,en.wikipedia.org/wiki/Oleksandr_Nefedov
w:1972-01-18:mizenko,ST,,low,group
w:1964-12-04:rudnitski,CM,,low,group
w:1970-10-30:osadchi,CB,,low,group
w:1968-04-06:hetsko,ST,,high,en.wikipedia.org/wiki/Ivan_Hetsko
w:1979-05-13:oleksenko,CDM,CM,mid,own-knowledge
w:1961-11-14:troitski,CB,,low,group
w:1982-09-10:bredun,CM,CDM,mid,en.wikipedia.org/wiki/Yevhen_Bredun
w:1973-02-09:popovich,ST,,high,en.wikipedia.org/wiki/Hennadiy_Popovych
w:1979-08-31:iarosh,CM,,low,group
w:1984-02-09:eschenko,RB,LB,high,en.wikipedia.org/wiki/Andrei_Yeshchenko
w:1964-01-28:mozoliuk,ST,,high,en.wikipedia.org/wiki/Volodymyr_Mozolyuk
w:1967-01-29:shmatovalenko,LB,CB,high,en.wikipedia.org/wiki/Serhiy_Shmatovalenko
w:1978-09-05:hiom,CDM,CM,mid,own-knowledge
w:1973-02-20:holovko,CB,,low,group
w:1978-08-22:balitski,CB,CDM,mid,en.wikipedia.org/wiki/Vitaliy_Balytskyi
w:1974-10-22:iakimenko,CM,,mid,en.wikipedia.org/wiki/Oleksiy_Yakymenko
w:1977-04-23:makovski,ST,CAM,mid,en.wikipedia.org/wiki/Mikhail_Makovsky
w:1972-06-27:jenilenko,CB,,low,group
w:1982-08-27:sheveliuhin,CB,RB,mid,en.wikipedia.org/wiki/Oleksandr_Shevelyukhin
w:1973-09-29:liubarski,CAM,ST;RM,mid,en.wikipedia.org/wiki/Ruslan_Lyubarskyi
w:1972-03-10:chorniavski,CB,,low,group
w:1979-03-11:ivanov,RM,RW;RB,high,en.wikipedia.org/wiki/Georgi_Peev
w:1971-05-27:burhan,ST,,high,matchtv.ru/athlete/evgenii-burkhan
w:1972-06-15:balatski,CB,,low,group
w:1989-04-27:bili,ST,CAM;LW,mid,news.sportbox.ru/Vidy_sporta/Futbol/Maksim-Ivanovich-Beliy-Futbol-27041989
w:1968-01-08:moskvin,ST,,mid,en.wikipedia.org/wiki/Valentyn_Moskvin
w:1979-01-12:andrius,CDM,CB;CM,mid,en.wikipedia.org/wiki/Andrius_Jokšas
w:1971-08-02:jilin,CDM,CB,mid,news.sportbox.ru/Vidy_sporta/Futbol/Oleg_Zhilin__Futbol___02_08_1971_
w:1985-05-23:panas,CM,RM,low,en.wikipedia.org/wiki/Vadym_Panas
w:1971-05-14:moshevich,CB,,low,group
w:1975-11-21:hurka,CM,,low,en.wikipedia.org/wiki/Mykhailo_Hurka
w:1965-06-05:martinov,CM,,low,group
w:1984-10-04:modebadze,ST,,high,en.wikipedia.org/wiki/Irakli_Modebadze
w:1965-07-13:vasilitchuk,CB,,mid,news.sportbox.ru/Vidy_sporta/Futbol/Andrey-Vasilitchuk-Futbol-13071965
w:1959-06-28:iaschenko,CM,CAM,mid,en.wikipedia.org/wiki/Serhiy_Yashchenko
w:1967-10-01:chihradze,CDM,CB,mid,news.sportbox.ru/Vidy_sporta/Futbol/Georgiy-CHihradze-Futbol-1967
w:1981-10-10:alehbe,CDM,CB,mid,en.wikipedia.org/wiki/Tony_Alegbe
w:1971-05-06:iakovenko,CB,,mid,news.sportbox.ru/Vidy_sporta/Futbol/Dmitriy-Aleksandrovich-YAkovenko-Futbol-06051971
w:1966-07-17:derevinski,CM,,low,group
w:1976-01-03:simakov,CM,,low,group
w:1984-04-30:karamushka,CB,,mid,en.wikipedia.org/wiki/Oleh_Karamushka
w:1970-02-14:shkolnikov,CM,,low,group
w:1980-02-25:honchar,CM,,low,group
w:1971-03-10:zabranski,ST,,high,en.wikipedia.org/wiki/Ruslan_Zabranskyi
w:1970-06-29:rudniak,ST,,low,group
w:1976-10-06:kundenok,CM,,low,group
w:1972-08-07:ulianitski,CB,,low,group
w:1970-11-20:rusak,ST,,high,en.wikipedia.org/wiki/Petro_Rusak
w:1972-11-18:holdin,CM,,low,group
w:1970-03-07:vetrov,CB,,low,group
w:1963-03-01:novak,CB,,low,group
w:1968-02-02:finkel,ST,,high,en.wikipedia.org/wiki/Borys_Finkel
w:1979-10-19:chernov,CB,,low,group
w:1973-07-01:krukovets,CB,,mid,en.wikipedia.org/wiki/Serhiy_Krukovets
w:1974-07-28:schekotilin,CDM,CM,mid,en.wikipedia.org/wiki/Hennadiy_Shchekotylin
w:1972-01-14:bondarenko,CB,,low,group
w:1985-12-22:kitsuta,CB,RB,mid,en.wikipedia.org/wiki/Anatoliy_Kitsuta
w:1975-05-10:kudinov,ST,,mid,own
w:1983-06-14:karnilenka,ST,,high,en.wikipedia.org/wiki/Sergei_Kornilenko
w:1977-11-03:jura,CAM,ST;RM,mid,en.wikipedia.org/wiki/Serhiy_Zghura
w:1975-02-28:miterev,ST,,high,en.wikipedia.org/wiki/Iurie_Miterev
w:1964-02-19:salimov,CM,,low,group
w:1970-01-09:redushko,CM,,low,group
w:1979-08-09:danchenko,ST,,mid,own
w:1981-06-10:suchkov,CDM,CM,mid,en.wikipedia.org/wiki/Aleksei_Suchkov
w:1961-06-15:panchishin,CB,,mid,start.uaf.ua/players/25988
w:1977-04-09:aleksandru,ST,,high,own-knowledge
w:1970-08-05:ivanenko,CB,,low,group-DF
w:1974-09-27:oksimets,CB,,low,group-DF
w:1978-02-05:bunevchevich,CB,,mid,en.wikipedia.org/wiki/Mirko_Bunjevčević
w:1968-02-25:dumenko,ST,,mid,own-knowledge
w:1976-12-08:poliakov,CB,,low,group-DF
w:1972-11-27:nikitin,CM,,low,group-MF
w:1984-02-03:petrivski,CB,RB,mid,en.wikipedia.org/wiki/Taras_Petrivskyi
w:1964-05-04:bilozerski,CB,,low,group-DF
w:1985-04-28:kotenko,CM,CDM,mid,en.wikipedia.org/wiki/Ivan_Kotenko
w:1977-02-07:shuha,CB,,low,group-DF
w:1981-01-03:donets,RB,CDM,low,en.wikipedia.org/wiki/Andriy_Donets
w:1966-01-22:vernidub,CB,CDM,mid,en.wikipedia.org/wiki/Yuriy_Vernydub
w:1958-08-05:fedetski,CM,CAM;CB,mid,en.wikipedia.org/wiki/Andriy_Fedetskyi
w:1977-09-28:maziar,ST,,high,en.wikipedia.org/wiki/Volodymyr_Mazyar
w:1966-02-15:riznik,CM,,mid,en.wikipedia.org/wiki/Volodymyr_Riznyk
w:1979-04-21:kondratiuk,CB,CDM,mid,en.wikipedia.org/wiki/Petro_Kondratyuk
w:1971-07-09:koniushenko,CB,,mid,en.wikipedia.org/wiki/Serhiy_Konyushenko
w:1976-02-29:prodan,ST,,mid,own-knowledge
w:1969-11-10:iankovski,CDM,CM,high,en.wikipedia.org/wiki/Oleksandr_Yankovskyi
w:1974-04-17:borisenko,ST,,mid,en.wikipedia.org/wiki/Serhiy_Borysenko
w:1975-12-18:danel,LB,CB,high,"en.wikipedia.org/wiki/Daniel_Florea_(footballer,_born_1975)"
w:1965-05-11:mustafaev,CB,,mid,en.wikipedia.org/wiki/Asan_Mustafayev
w:1969-01-27:dorohov,CB,,low,group-DF
w:1975-03-09:kosenko,ST,,low,group-FW
w:1965-01-12:bondarchuk,CM,,low,group-MF
w:1979-08-13:melikian,LB,LM,high,en.wikipedia.org/wiki/Yeghishe_Melikyan
w:1981-02-08:darko,RB,,high,en.wikipedia.org/wiki/Darko_Dunjić
w:1969-08-25:rosliakov,CM,,low,group-MF
w:1969-06-11:demianenko,CB,,low,group-DF
w:1973-11-01:hnativ,CM,,mid,en.wikipedia.org/wiki/Roman_Hnativ
w:1979-10-11:brovchenko,CM,,low,group-MF
w:1967-08-15:kozakov,CM,,low,group-MF
w:1983-11-10:hiorhi,CM,,mid,en.wikipedia.org/wiki/Giorgi_Tsimakuridze
w:1977-07-20:kariaka,CM,,mid,own-knowledge
w:1971-01-31:prizetko,CAM,ST;CM,mid,en.wikipedia.org/wiki/Oleksandr_Pryzetko
w:1970-06-23:antonel,CM,,low,group-MF
w:1962-11-13:raliuchenko,CM,,mid,en.wikipedia.org/wiki/Serhiy_Ralyuchenko
w:1967-01-17:harkivschenko,CB,,low,group-DF
w:1986-10-16:alozi,ST,,mid,own-knowledge
w:1980-10-18:dos,ST,,mid,own-knowledge
w:1971-12-25:hrin,CM,,low,group-MF
w:1980-08-08:bilikbashi,CAM,CM,high,en.wikipedia.org/wiki/Dorian_Bylykbashi
w:1981-01-29:pischur,ST,,high,"en.wikipedia.org/wiki/Oleksandr_Pyshchur_(footballer,_born_1981)"
w:1971-04-18:nichenko,ST,,high,en.wikipedia.org/wiki/Ihor_Nichenko
w:1974-03-03:karabuta,ST,CAM,high,matchtv.ru/athlete/aleksandr-karabuta
w:1980-11-04:akobian,ST,,high,en.wikipedia.org/wiki/Ara_Hakobyan
w:1981-11-17:hribanov,ST,,high,en.wikipedia.org/wiki/Serhiy_Hrybanov
w:1974-08-05:pestriakov,CM,CAM;LM,mid,en.wikipedia.org/wiki/Oleh_Pestryakov
w:1973-09-13:ostrovski,CB,RB,mid,news.sportbox.ru
w:1979-10-04:polovkov,CB,,mid,en.wikipedia.org/wiki/Oleksandr_Polovkov
w:1980-08-20:djakobia,ST,,high,en.wikipedia.org/wiki/Lasha_Jakobia
w:1971-05-28:avakov,CB,,low,group
w:1971-06-27:muraviov,CB,,low,group
w:1970-03-06:lobas,ST,,low,group
w:1978-06-08:sokolenko,CB,RB,mid,en.wikipedia.org/wiki/Andriy_Sokolenko
w:1976-01-10:kravchenko,CM,,low,group
w:1971-09-06:novikov,CM,,low,group
w:1987-03-19:eremenko,CAM,CM;CDM,high,en.wikipedia.org/wiki/Roman_Eremenko
w:1974-02-13:tofan,CB,,low,group
w:1978-10-25:cherniak,LB,LM;CB,low,matchtv.ru/athlete/sergei-cherniak
w:1969-11-24:makohon,CB,,low,group
w:1979-04-19:savinov,CB,CDM,high,en.wikipedia.org/wiki/Alexei_Savinov
w:1963-12-20:leskiv,CM,CAM,mid,en.wikipedia.org/wiki/Vasyl_Leskiv
w:1959-06-09:iavorski,ST,,low,group
w:1985-10-02:chiprian,ST,LW;RW,high,knowledge
w:1981-06-17:venans,RW,LW;ST,high,knowledge
w:1971-12-11:shved,ST,,low,group
w:1978-10-25:shpak,ST,,low,group
w:1980-12-29:karlos,CDM,CM,high,en.wikipedia.org/wiki/Carlos_Corrêa
w:1976-01-26:chali,CM,,low,group
w:1981-01-22:smalko,RB,RM,mid,news.sportbox.ru
w:1983-08-12:djakomase,ST,RW,high,knowledge
w:1970-03-05:tutichenko,CM,,low,group
w:1971-05-02:siletski,CB,,low,group
w:1976-08-27:shapovalov,CB,,low,en.wikipedia.org/wiki/Valeriy_Shapovalov
w:1970-08-05:solodki,ST,,low,group
w:1975-08-26:burdin,CM,,low,group
w:1979-07-11:kosilov,CM,,low,group
w:1969-05-11:bohatir,CM,,low,group
w:1979-07-19:vukich,CAM,CM;LM,high,knowledge
w:1979-01-30:litovchenko,CB,,mid,"en.wikipedia.org/wiki/Serhiy_Litovchenko_(footballer,_born_1979)"
w:1984-05-27:jdanov,CB,,mid,en.wikipedia.org/wiki/Oleksandr_Zhdanov
w:1977-05-03:dainius,CB,,high,knowledge
w:1974-09-30:riabtsev,CM,,low,group
w:1972-09-18:bohdanov,ST,,low,group
w:1978-04-01:kariaka,LM,LW;CAM,high,knowledge
w:1967-05-01:vilchinski,CB,,low,group
w:1979-07-06:karitska,CM,CAM;RM,mid,en.wikipedia.org/wiki/Uladzimir_Karytska
w:1978-02-27:kaladze,CB,LB;CDM,high,knowledge
w:1982-01-20:kovalchuk,CM,,low,group-guess
w:1977-01-24:ivitsa,CM,CDM,mid,en.wikipedia.org/wiki/Ivica_Pirić
w:1985-11-09:aleksander,RW,LW;ST,low,en.wikipedia.org/wiki/Aleksandre_Guruli
w:1972-05-17:duhnovski,ST,,low,group-guess
w:1977-03-06:kovalchik,ST,,high,en.wikipedia.org/wiki/Maciej_Kowalczyk
w:1968-12-10:kazmirchuk,CM,,mid,en.wikipedia.org/wiki/Oleg_Kazmirchuk
w:1960-09-05:iurchenko,CM,,mid,en.wikipedia.org/wiki/Ihor_Yurchenko
w:1966-03-05:chervoni,CM,,low,group-guess
w:1976-12-26:burhan,CB,,low,group-guess
w:1968-09-20:kochvar,CB,,low,group-guess
w:1966-04-24:sheihametov,ST,,high,en.wikipedia.org/wiki/Talyat_Sheikhametov
w:1978-02-04:aliutse,CAM,RM;CM,mid,en.wikipedia.org/wiki/Marian_Aliuță
w:1986-08-15:bolohan,CB,,high,en.wikipedia.org/wiki/Vadim_Bolohan
w:1979-10-06:slabishev,ST,,high,en.wikipedia.org/wiki/Yuriy_Slabyshev
w:1977-06-07:nijehorodov,CB,,high,en.wikipedia.org/wiki/Gennadi_Nizhegorodov
w:1965-09-28:mikolaenko,ST,,low,group-guess
w:1970-06-14:kulik,CM,ST;CAM,mid,en.wikipedia.org/wiki/Kostyantyn_Kulyk
w:1975-08-09:kozakevich,ST,,high,en.wikipedia.org/wiki/Oleksandr_Kozakevych
w:1980-10-21:teliatnikov,ST,,low,group-guess
w:1985-05-10:vorobei,RW,ST;LW,low,en.wikipedia.org/wiki/Dmytro_Vorobey
w:1980-06-10:franselino,CM,CAM;CDM,high,en.wikipedia.org/wiki/Matuzalém
w:1987-04-16:evsev,CB,,mid,en.wikipedia.org/wiki/Yevhen_Yevseyev
w:1974-06-18:mishenin,CB,,low,group-guess
w:1977-09-08:bulhakov,CB,,low,group-guess
w:1969-04-14:djuheli,ST,,low,group-guess
w:1963-11-05:romanov,CB,,low,group-guess
w:1964-01-30:petrov,CAM,ST;CM,mid,en.wikipedia.org/wiki/Ihor_Petrov
w:1970-08-01:shevchuk,CM,,low,group-guess
w:1977-10-03:krivi,CM,,low,group-guess
w:1974-06-12:amilehin,CM,,low,group-guess
w:1970-12-06:hashkin,CM,,mid,en.wikipedia.org/wiki/Andrei_Gashkin
w:1976-05-09:trapaidze,CM,,mid,en.wikipedia.org/wiki/Gocha_Trapaidze
w:1983-07-20:bito,ST,,high,en.wikipedia.org/wiki/Sendley_Bito
w:1975-07-25:olinik,CB,,low,group-guess
w:1974-10-11:kril,CB,,low,group-guess
w:1988-11-12:chesnakov,CB,RB;CDM,high,en.wikipedia.org/wiki/Volodymyr_Chesnakov
w:1962-05-25:turianski,ST,,high,en.wikipedia.org/wiki/Serhiy_Turyanskyi
w:1961-07-29:tarasenko,CB,,low,group-guess
w:1971-04-02:laktionov,CM,,low,group-guess
w:1980-01-07:biletski,CDM,CB,mid,en.wikipedia.org/wiki/Maksym_Biletskyi
w:1980-01-21:bratislav,CM,,mid,en.wikipedia.org/wiki/Bratislav_Ristić
w:1976-09-12:epurianu,CM,,low,en.wikipedia.org/wiki/Serghei_Epureanu
w:1967-04-27:pilipchuk,ST,,high,en.wikipedia.org/wiki/Roman_Pylypchuk
w:1971-10-09:karas,CB,,low,group-guess
w:1975-04-29:iashkin,CM,CAM,mid,en.wikipedia.org/wiki/Artem_Yashkin
w:1963-11-12:sobotiuk,CB,,low,group-guess
w:1974-02-08:rizun,CB,,low,uafootball.net.ua/igriky_1994-95.htm
w:1965-10-11:horili,CB,,mid,en.wikipedia.org/wiki/Volodymyr_Horilyi
w:1971-04-08:zubkov,CDM,CM;CB,mid,en.wikipedia.org/wiki/Vladyslav_Zubkov
w:1978-09-13:besarab,ST,,high,news.sportbox.ru/Vidy_sporta/Futbol/Aleksandr_Bessarab__Futbol___13_09_1978_
w:1980-01-17:monarov,ST,,high,en.wikipedia.org/wiki/Roman_Monaryov
w:1979-01-25:semochko,CB,RB,mid,en.wikipedia.org/wiki/Dmytro_Semochko
w:1981-02-24:kravchenko,CM,,low,footballfacts.ru/person/165410-kravchenkovladimiraleksandrovich
w:1976-04-02:hiuzelov,CB,,high,en.wikipedia.org/wiki/Igor_Gjuzelov
w:1982-07-22:vishniak,CB,RB,low,en.wikipedia.org/wiki/Yaroslav_Vyshnyak
w:1971-08-26:korol,CB,CDM,mid,en.wikipedia.org/wiki/Ihor_Korol
w:1977-09-17:husev,RM,RW;CM,high,own-knowledge
w:1977-11-01:buta,RB,CB,high,en.wikipedia.org/wiki/Cornel_Buta
w:1968-02-01:sarnavski,CB,,low,uafootball.net.ua/igriky_1994-95.htm
w:1973-08-17:ivanov,ST,CAM,low,uafootball.net.ua/igriky_1994-95.htm
w:1961-04-23:turchinenko,CB,,low,uafootball.net.ua/igriky_1994-95.htm
w:1969-10-21:benko,LB,,high,en.wikipedia.org/wiki/Oleh_Benko
w:1965-08-01:ialovski,CDM,CB;CM,mid,en.wikipedia.org/wiki/Viktor_Yalovskyi
w:1978-06-25:raspopov,CB,RB,low,en.wikipedia.org/wiki/Andriy_Raspopov
w:1975-09-03:romanishin,CB,,low,en.wikipedia.org/wiki/Serhiy_Romanyshyn
w:1980-04-09:erko,CDM,CM;CB,high,own-knowledge
w:1970-06-03:ostashov,ST,,high,uafootball.net.ua/igriky_1994-95.htm
w:1985-04-25:rojok,CM,CDM,mid,en.wikipedia.org/wiki/Serhiy_Rozhok
w:1972-12-04:lapa,CB,,low,group-guess
w:1968-05-27:sisoev,CB,,low,group-guess
w:1986-02-25:zborovski,CM,CDM,mid,en.wikipedia.org/wiki/Andriy_Zborovskyi
w:1983-01-09:danel,LW,LM;CAM,high,en.wikipedia.org/wiki/Osmar_Ferreyra
w:1975-04-05:shubin,CB,,low,en.wikipedia.org/wiki/Oleksiy_Shubin
w:1975-09-11:kostiukov,CM,,low,group-guess
w:1986-02-28:avelino,ST,LW;CAM,high,en.wikipedia.org/wiki/Jajá_Coelho
w:1978-11-03:dmitrev,CB,,low,en.wikipedia.org/wiki/Serhiy_Dmytriyev
w:1982-02-11:klimenko,CB,,mid,dynamo.kiev.ua/persons/aleksandr-klimenko/
w:1972-07-24:martiuk,CB,CDM,mid,uafootball.net.ua/igriky_1994-95.htm
w:1977-11-08:larin,ST,,low,group-guess
w:1969-05-02:ternavski,CB,,high,dic.academic.ru/dic.nsf/ruwiki/367974
w:1986-10-28:holek,CB,CDM,high,en.wikipedia.org/wiki/Mario_Holek
w:1968-09-01:habiskiria,CM,CAM,mid,sport.ua/news/605674
