coach_name_uk,coach_name_en,date_of_birth,clubs,seasons_count,source,confidence,note
Мірча Луческу,Mircea Lucescu,1945-07-29,Shakhtar Donetsk; Dynamo Kyiv,17,https://www.wikidata.org/wiki/Q342698,high,Wikidata description gives lifespan 1945-2026
Мирон Маркевич,Myron Markevych,1951-02-01,Karpaty Lviv; Kryvbas; Metalurh Zaporizhzhia; Metalist Kharkiv; Dnipro,23,https://www.wikidata.org/wiki/Q2735516,high,
Микола Павлов,Mykola Pavlov,1954-06-20,Dnipro; Dynamo Kyiv (caretaker); Tavriya; Mariupol; Stal Alchevsk; Vorskla Poltava,21,https://www.wikidata.org/wiki/Q2468293,high,
Валерій Яремченко,Valeriy Yaremchenko,1947-08-15,Shakhtar Donetsk; Kremin; Metalurh Zaporizhzhia; Karpaty Lviv; Mariupol,16,https://www.wikidata.org/wiki/Q4538558,high,
Михайло Фоменко,Mykhailo Fomenko,1948-09-19,Dynamo Kyiv; Veres; CSKA Kyiv; Metalist Kharkiv; Metalurh Zaporizhzhia; Tavriya,14,https://www.wikidata.org/wiki/Q1826458,high,died 2024
Олег Таран,Oleh Taran,1960-01-11,Kryvbas; Metalurh Zaporizhzhia,13,https://www.wikidata.org/wiki/Q2036168,high,
Віталій Кварцяний,Vitaliy Kvartsyanyi,1953-07-19,Volyn Lutsk; Metalurh Zaporizhzhia; Kryvbas,13,https://www.wikidata.org/wiki/Q2040181,high,
Юрій Вернидуб,Yuriy Vernydub,1966-01-22,Metalurh Zaporizhzhia; Zorya Luhansk; Kryvbas,12,https://www.wikidata.org/wiki/Q1992161,high,
Володимир Шаран,Volodymyr Sharan,1971-09-18,Hoverla; Karpaty Lviv; Oleksandriya; Minaj,12,https://www.wikidata.org/wiki/Q2474321,high,
Юрій Максимов,Yuriy Maksymov,1968-12-08,Obolon; Kryvbas; Metalurh Donetsk; Vorskla; Dnipro-1,11,https://www.wikidata.org/wiki/Q1369609,high,
Роман Григорчук,Roman Hryhorchuk,1965-03-22,Metalurh Zaporizhzhia; Chornomorets Odesa; LNZ Cherkasy,10,https://www.wikidata.org/wiki/Q2604017,high,
Анатолій Чанцев,Anatoly Chantsev,1958-02-20,Metalurh Zaporizhzhia; Zorya Luhansk; Karpaty Lviv,10,https://www.wikidata.org/wiki/Q4507101,high,
В'ячеслав Грозний,Vyacheslav Hrozny,1956-07-12,Dnipro; Arsenal Kyiv; Metalurh Zaporizhzhia; Hoverla,10,https://www.wikidata.org/wiki/Q2467178,high,
Олександр Іщенко,Oleksandr Ishchenko,1953-09-03,Zirka Kropyvnytskyi; Tavriya; Kryvbas; Karpaty Lviv; Mariupol,10,https://www.wikidata.org/wiki/Q4205739,medium,several namesakes in Wikidata; identity by description (footballer/manager)
Семен Альтман,Semen Altman,1946-04-21,Metalurh Donetsk; Chornomorets Odesa; Tavriya,9,https://www.wikidata.org/wiki/Q1969625,high,
Анатолій Заяєв,Anatoliy Zayaev,1931-10-27,Tavriya; Prykarpattia; Metalurh Zaporizhzhia,9,https://www.wikidata.org/wiki/Q2039432,high,died 2012
Володимир Безсонов,Volodymyr Bezsonov,1958-03-05,CSKA Kyiv; Arsenal Kyiv; Zorya Luhansk; FC Kharkiv; Dnipro,9,https://www.wikidata.org/wiki/Q459089,high,
Леонід Буряк,Leonid Buryak,1953-07-10,Nyva Ternopil; Chornomorets Odesa; Dynamo Kyiv; Oleksandriya,8,https://www.wikidata.org/wiki/Q715037,high,
Йожеф Сабо,Yozhef Sabo,1940-02-29,Dynamo Kyiv,8,https://www.wikidata.org/wiki/Q936513,high,
Олександр Севідов,Oleksandr Sevidov,1969-07-18,Metalurh Donetsk; Hoverla; Karpaty Lviv; Metalist Kharkiv; Mariupol,8,https://www.wikidata.org/wiki/Q1990079,high,
Олександр Бабич,Oleksandr Babych,1979-02-15,Chornomorets Odesa; Mariupol; Kryvbas,8,https://www.wikidata.org/wiki/Q2495538,high,
Нікола Костов,Nikolay Kostov,1963-07-02,Metalurh Donetsk; Karpaty Lviv; Tavriya; Stal Kamianske,7,https://www.wikidata.org/wiki/Q2496680,high,
Ігор Надєїн,Ihor Nadein,1948-03-03,Metalurh Zaporizhzhia; Kryvbas; Torpedo Zaporizhzhia,7,https://www.wikidata.org/wiki/Q924334,high,died 2014
Ігор Яворський,Ihor Yavorskyi,1959-06-09,Nyva Ternopil; Metalurh Donetsk; Prykarpattia,7,https://www.wikidata.org/wiki/Q11711545,medium,identity by name only
Євген Кучеревський,Yevhen Kucherevskyi,1941-08-06,Dnipro; SK Mykolaiv,7,https://www.wikidata.org/wiki/Q715802,high,died 2006
Роман Санжар,Roman Sanzhar,1979-05-28,Olimpik Donetsk; Karpaty Lviv,7,https://www.wikidata.org/wiki/Q4407571,high,
Валерій Лобановський,Valeriy Lobanovskyi,1939-01-06,Dynamo Kyiv,6,https://www.wikidata.org/wiki/Q324484,high,died 2002-05-07; seasons 1996(Dec)-2001
Олексій Михайличенко,Oleksiy Mykhaylychenko,1963-03-30,Dynamo Kyiv,6,https://www.wikidata.org/wiki/Q322642,high,
Віктор Скрипник,Viktor Skrypnyk,1969-11-19,Zorya Luhansk; Vorskla; Metalist 1925,6,https://www.wikidata.org/wiki/Q126001,high,
Іван Балан,Ivan Balan,1949-06-01,Tavriya; Mariupol,6,https://www.wikidata.org/wiki/Q4076355,high,
Леонід Кучук,Leonid Kuchuk,1959-08-27,Arsenal Kyiv; Stal Kamianske; Rukh Lviv,6,https://www.wikidata.org/wiki/Q2081898,high,
Олег Дулуб,Oleg Dulub,1965-09-20,Karpaty Lviv; Chornomorets Odesa; FC/PFK Lviv; LNZ Cherkasy,6,https://www.wikidata.org/wiki/Q4170492,high,
Ігор Йовичевич,Igor Jovićević,1973-11-30,Karpaty Lviv; Dnipro-1; Shakhtar Donetsk,6,https://www.wikidata.org/wiki/Q1027459,high,
Василь Сачко,Vasyl Sachko,1975-05-03,Vorskla Poltava,6,https://www.wikidata.org/wiki/Q2494726,high,
Олександр Заваров,Oleksandr Zavarov,1961-04-26,Metalist Kharkiv; Arsenal Kyiv,6,https://www.wikidata.org/wiki/Q724533,high,
Юрій Коваль,Yuriy Koval,1958-04-29,Kryvbas; Nyva Vinnytsia; Zirka; Zorya Luhansk,6,https://www.wikidata.org/wiki/Q2064393,medium,namesakes exist; picked football-related item
Віктор Прокопенко,Viktor Prokopenko,1944-10-24,Chornomorets Odesa; Shakhtar Donetsk,6,https://www.wikidata.org/wiki/Q1983662,high,died 2007
Олександр Рябоконь,Oleksandr Ryabokon,1964-02-21,Borysfen; Obolon; Desna Chernihiv,6,https://www.wikidata.org/wiki/Q2337791,high,
Сергій Ковалець,Serhiy Kovalets,1968-09-05,FC Lviv; Obolon; Metalurh Zaporizhzhia; Inhulets,6,https://www.wikidata.org/wiki/Q2471950,high,
Юрій Дячук-Ставицький,Yuriy Dyachuk-Stavytskyi,1947-01-26,Karpaty Lviv,6,https://www.wikidata.org/wiki/Q2086839,high,died 2020
Юрій Сьомін,Yuri Semin,1947-05-11,Dynamo Kyiv,5,https://www.wikidata.org/wiki/Q554012,high,
Анатолій Дем'яненко,Anatoliy Demyanenko,1959-02-19,Dynamo Kyiv; Volyn Lutsk,5,https://www.wikidata.org/wiki/Q488165,high,
Олег Кононов,Oleg Kononov,1966-03-23,Karpaty Lviv; Sevastopol,5,https://www.wikidata.org/wiki/Q2040719,high,
Олександр Томах,Oleksandr Tomakh,1948-10-17,Metalurh Zaporizhzhia,5,https://www.wikidata.org/wiki/Q7086287,high,
Ігор Юрченко,Ihor Yurchenko,1960-09-05,Prykarpattia; Nyva Ternopil,5,https://www.wikidata.org/wiki/Q5994810,medium,identity by name only
Сергій Морозов,Serhiy Morozov,1950-04-30,Nyva Vinnytsia; CSKA Kyiv; Prykarpattia; Vorskla,5,https://www.wikidata.org/wiki/Q2077190,low,two Wikidata namesakes (also 1961-01-15 Q2059439)
Леонід Колтун,Leonid Koltun,1944-09-07,Nyva Ternopil; SK Mykolaiv; Torpedo Zaporizhzhia; Dnipro,5,https://www.wikidata.org/wiki/Q4228735,high,
Олег Лужний,Oleh Luzhnyi,1968-08-05,Dynamo Kyiv; Tavriya; Karpaty Lviv,5,https://www.wikidata.org/wiki/Q705494,high,
Руслан Костишин,Ruslan Kostyshyn,1977-01-08,Kolos Kovalivka,5,https://www.wikidata.org/wiki/Q2042467,high,
Сергій Лавриненко,Serhiy Lavrynenko,1975-02-17,Zirka; Inhulets; Veres,5,https://www.wikidata.org/wiki/Q16669734,high,
Юрій Бакалов,Yuriy Bakalov,1966-01-16,Arsenal Kyiv; PFK Lviv,5,https://www.wikidata.org/wiki/Q4075843,high,
Степан Юрчишин,Stepan Yurchyshyn,1957-08-28,Karpaty Lviv; FC Lviv,5,https://www.wikidata.org/wiki/Q2565199,high,died 2025
Геннадій Литовченко,Hennadiy Lytovchenko,1963-09-11,Kryvbas; Metalist Kharkiv; FC Kharkiv,5,https://www.wikidata.org/wiki/Q921830,high,
Володимир П'ятенко,Volodymyr Pyatenko,1974-09-09,Metalurh Donetsk,5,https://www.wikidata.org/wiki/Q4385787,high,
Сергій Ребров,Serhii Rebrov,1974-06-03,Dynamo Kyiv,4,https://www.wikidata.org/wiki/Q296992,high,
Олександр Шовковський,Oleksandr Shovkovskyi,1975-01-02,Dynamo Kyiv,4,https://www.wikidata.org/wiki/Q219976,high,
Руслан Ротань,Ruslan Rotan,1981-10-29,Oleksandriya; Polissya Zhytomyr,4,https://www.wikidata.org/wiki/Q296986,high,
Віталій Пономарьов,Vitaliy Ponomaryov,1973-12-07,Rukh Lviv; LNZ Cherkasy,4,https://www.wikidata.org/wiki/Q117281057,high,
Хуанде Рамос,Juande Ramos,1954-09-25,Dnipro,4,https://www.wikidata.org/wiki/Q274966,high,
Сергій Пучков,Serhiy Puchkov,1962-04-17,Tavriya; Metalurh Zaporizhzhia,4,https://www.wikidata.org/wiki/Q2036268,high,
Володимир Мунтян,Volodymyr Muntyan,1946-09-14,Tavriya; Kryvbas; Vorskla,4,https://www.wikidata.org/wiki/Q969248,high,died 2025
Андрій Баль,Andriy Bal,1958-02-16,Vorskla; Chornomorets Odesa,4,https://www.wikidata.org/wiki/Q510780,high,died 2014
Роман Покора,Roman Pokora,1948-02-22,Volyn Lutsk; Oleksandriya,4,https://www.wikidata.org/wiki/Q2496155,high,died 2021
Віктор Матвієнко,Viktor Matvienko,1948-11-09,Torpedo Zaporizhzhia; Bukovyna,4,https://www.wikidata.org/wiki/Q2707483,medium,died 2018
Леонід Ткаченко,Leonid Tkachenko,1953-10-01,Metalist Kharkiv; Temp Shepetivka,4,https://www.wikidata.org/wiki/Q728159,medium,died 2024
Олександр Довбій,Oleksandr Dovbiy,1953-09-28,Metalist Kharkiv; Zirka; Vorskla,4,https://www.wikidata.org/wiki/Q4163955,high,died 2023
Олександр Косевич,Oleksandr Kosevych,1965-09-04,Kryvbas; Zorya Luhansk,4,https://www.wikidata.org/wiki/Q11801440,medium,
Анатолій Волобуєв,Anatoliy Volobuyev,1953-06-16,Stal Alchevsk; Zorya Luhansk,4,https://www.wikidata.org/wiki/Q4752181,high,
Олег Лутков,Oleh Lutkov,1966-05-15,Metalurh Zaporizhzhia,4,https://www.wikidata.org/wiki/Q2062676,high,
Сергій Зайцев,Serhiy Zaytsev,1973-04-13,Metalurh Zaporizhzhia; Karpaty Lviv,4,https://www.wikidata.org/wiki/Q7454619,high,
Валерій Петров,Valeriy Petrov,1955-03-02,Tavriya,4,https://www.wikidata.org/wiki/Q4360718,medium,died 2022
Юрій Вірт,Yuriy Virt,1974-05-04,Veres Rivne,4,https://www.wikidata.org/wiki/Q2636016,high,
Богдан Блавацький,Bohdan Blavatskyi,1963-06-07,Prykarpattia; PFK Lviv,4,https://www.wikidata.org/wiki/Q4087701,medium,
Віктор Носов,Viktor Nosov,1940-07-19,Veres; Vorskla,4,https://www.wikidata.org/wiki/Q4327585,high,died 2008
Вадим Тищенко,Vadym Tyshchenko,1963-03-24,Dnipro (mostly caretaker),4,https://www.wikidata.org/wiki/Q2701750,high,died 2015
Володимир Онищенко,Volodymyr Onyshchenko,1949-10-28,Dynamo Kyiv; Metalurh Donetsk,3,https://www.wikidata.org/wiki/Q969342,medium,
Патрік ван Леувен,Patrick van Leeuwen,1969-08-08,Zorya Luhansk; Shakhtar Donetsk; Kryvbas,3,https://www.wikidata.org/wiki/Q23823145,high,
Олександр Хацкевич,Alyaksandr Khatskevich,1973-10-19,Dynamo Kyiv,3,https://www.wikidata.org/wiki/Q2655477,high,
Паулу Фонсека,Paulo Fonseca,1973-03-05,Shakhtar Donetsk,3,https://www.wikidata.org/wiki/Q10346582,high,
Тон Каанен,Ton Caanen,1966-03-18,Metalurh Donetsk; Stal Alchevsk,3,https://www.wikidata.org/wiki/Q1889025,high,
Анжел Червенков,Angel Chervenkov,1964-06-10,Sevastopol; Chornomorets Odesa,3,https://www.wikidata.org/wiki/Q2626053,high,
Олександр Кучер,Oleksandr Kucher,1982-10-22,Dnipro-1; Metalist Kharkiv; Chornomorets Odesa,3,https://www.wikidata.org/wiki/Q355816,high,
Ілля Близнюк,Ilya Bliznyuk,1973-07-28,Mariupol,3,https://www.wikidata.org/wiki/Q2032904,high,
Ігор Леонов,Ihor Leonov,1967-09-14,Mariupol; Arsenal Kyiv; Minaj,3,https://www.wikidata.org/wiki/Q4258869,high,
Ярослав Вишняк,Yaroslav Vyshnyak,1982-07-22,Kolos Kovalivka,3,https://www.wikidata.org/wiki/Q4112777,high,
Олег Шандрук,Oleh Shandruk,1983-01-30,Veres Rivne,3,https://www.wikidata.org/wiki/Q2035984,high,
Василь Кобин,Vasyl Kobin,1985-05-24,Minaj; Inhulets,3,https://www.wikidata.org/wiki/Q733895,high,
Юрій Калитвинцев,Yuriy Kalitvintsev,1968-05-05,Hoverla; Olimpik Donetsk; Polissya Zhytomyr,3,https://www.wikidata.org/wiki/Q2637068,high,
Ігор Климовський,Ihor Klymovskyi,1972-02-17,Olimpik Donetsk,3,https://www.wikidata.org/wiki/Q63197469,high,
Дмитро Михайленко,Dmytro Mykhaylenko,1973-07-13,Dnipro; Dnipro-1,3,https://www.wikidata.org/wiki/Q634474,high,
Петро Слободян,Petro Slobodyan,1953-07-02,Obolon Kyiv,3,https://www.wikidata.org/wiki/Q2494580,high,died 2020
Володимир Журавчак,Volodymyr Zhuravchak,1957-05-03,Karpaty Lviv,3,https://www.wikidata.org/wiki/Q2335621,high,
Лев Броварський,Lev Brovarskyi,1948-11-30,Karpaty Lviv,3,https://www.wikidata.org/wiki/Q2635584,high,died 2009
Віктор Арістов,Viktor Aristov,1938-08-14,Metalist Kharkiv; Zorya Luhansk,3,https://www.wikidata.org/wiki/Q4069292,medium,died 2023; a namesake film director also exists
Володимир Кобзарєв,Volodymyr Kobzarev,1957-06-12,Zorya Luhansk; Dnipro,3,https://www.wikidata.org/wiki/Q4225109,medium,
Анатолій Коньков,Anatoliy Konkov,1949-09-19,Vorskla Poltava,3,https://www.wikidata.org/wiki/Q629960,high,died 2024
Валентин Ходукін,Valentyn Khodukin,1939-08-17,Karpaty Lviv; Kryvbas,3,https://www.wikidata.org/wiki/Q9371703,medium,
Віталій Шевченко,Vitaliy Shevchenko,1951-10-02,Metalurh Donetsk; Chornomorets Odesa,3,https://www.wikidata.org/wiki/Q2424621,medium,
Борис Стрельцов,Borys Streltsov,1943-12-11,Kremin Kremenchuk; Prykarpattia,3,https://www.wikidata.org/wiki/Q4443819,low,identity not confirmed
Тіберій Корпонай,Tiberiy Korponai,,Kremin Kremenchuk,3,,low,not found in Wikidata
Олександр Лисенко,Oleksandr Lysenko,,Dnipro; Kryvbas,3,,low,ambiguous Wikidata namesakes
