season,person_id,name,clubs,apps,note
1992,tm:24004,Сергій Долганський,metalist-kharkiv;veres-rivne,17,
1992,tm:999526,Микола Каліщук,karpaty-lviv;veres-rivne,19,
1992,w:1957-11-28:alistarov,Валерій Алістаров,bukovyna-chernivtsi;kremin-kremenchuk,27,
1992,w:1962-05-27:chistov,Анатолій Чистов,dnipro;kryvbas,11,
1992,w:1964-02-13:drahunov,Євген Драгунов,shakhtar-donetsk;tavriya-simferopol,27,
1992,w:1964-05-16:moisev,Ігор Моісеєв,dnipro;torpedo-zaporizhzhia,15,
1992,w:1964-10-24:sluka,Микола Слука,karpaty-lviv;volyn-lutsk,5,
1992,w:1965-01-05:voitiuk,Олександр Войтюк,bukovyna-chernivtsi;torpedo-zaporizhzhia,28,
1992,w:1965-03-16:rolevich,Олександр Ролевич,kryvbas;veres-rivne,25,
1992,w:1965-04-30:len,Юрій Лень,kremin-kremenchuk;veres-rivne,21,
1992,w:1965-05-11:mustafaev,Асан Мустафаєв,bukovyna-chernivtsi;metalist-kharkiv,28,
1992,w:1965-08-01:ialovski,Віктор Яловський,kremin-kremenchuk;torpedo-zaporizhzhia,18,
1992,w:1965-09-14:esipov,Олександр Єсипов,kremin-kremenchuk;metalist-kharkiv;torpedo-zaporizhzhia,16,
1992,w:1966-06-29:bondarenko,Олександр Бондаренко,chornomorets-odesa;torpedo-zaporizhzhia,25,
1992,w:1966-09-25:topchev,Дмитро Топчієв,dynamo-kyiv;karpaty-lviv,29,
1992,w:1966-10-28:lantsfer,Ярослав Ланцфер,torpedo-zaporizhzhia;veres-rivne,26,
1992,w:1967-06-25:voronejski,Сергій Воронежський,chornomorets-odesa;tavriya-simferopol,21,
1992,w:1968-04-29:sinitski,Олег Синицький,veres-rivne;volyn-lutsk,17,
1992,w:1969-02-13:korponai,Іван Корпонай,metalurh-zaporizhzhia;nyva-ternopil,24,
1992,w:1969-10-21:benko,Олег Бенько,karpaty-lviv;volyn-lutsk,24,
1992,w:1970-03-07:knish,Володимир Книш,kryvbas;veres-rivne,16,
1992,w:1970-08-08:moroz,Юрій Мороз,dynamo-kyiv;veres-rivne,15,
1992,w:1971-01-04:filimonov,Денис Філімонов,dnipro;veres-rivne,20,
1992,w:1972-02-29:palianitsia,Олександр Паляниця,dnipro;kryvbas;veres-rivne,12,
1993,w:1969-08-04:kozub,Ігор Козуб,bukovyna-chernivtsi;nyva-ternopil,14,
1994,w:1960-09-15:cherednik,Олексій Чередник,chornomorets-odesa;metalurh-zaporizhzhia,9,
1994,w:1961-09-01:chervoni,Олександр Червоний,dnipro;zorya-luhansk,14,
1994,w:1962-01-28:smihunov,Віктор Смігунов,shakhtar-donetsk;tavriya-simferopol,29,
1994,w:1962-06-05:smotrich,Юрій Смотрич,chornomorets-odesa;mykolaiv,21,
1994,w:1963-12-13:fediukov,Олег Федюков,karpaty-lviv;volyn-lutsk,29,
1994,w:1965-07-13:vasilitchuk,Андрій Василитчук,karpaty-lviv;nyva-ternopil,26,
1994,w:1965-09-14:esipov,Олександр Єсипов,mykolaiv;temp-shepetivka,13,
1994,w:1966-03-11:kolokolov,Руслан Колоколов,metalurh-zaporizhzhia;temp-shepetivka,23,
1994,w:1966-07-17:derevinski,Олег Деревінський,metalurh-zaporizhzhia;temp-shepetivka,28,
1994,w:1966-09-25:topchev,Дмитро Топчієв,dnipro;dynamo-kyiv,17,
1994,w:1967-02-22:shubin,Сергій Шубін,nyva-vinnytsia;volyn-lutsk,24,
1994,w:1967-08-15:volotek,Олег Волотек,kryvbas;mykolaiv,3,
1994,w:1967-10-18:nikiforov,Олександр Никифоров,chornomorets-odesa;mykolaiv,18,
1994,w:1968-02-28:kovtun,Андрій Ковтун,dynamo-kyiv;kryvbas,17,
1994,w:1968-09-05:kovalets,Сергій Ковалець,dnipro;dynamo-kyiv,32,
1994,w:1968-12-08:maksimov,Юрій Максимов,dnipro;dynamo-kyiv,24,
1994,w:1969-01-01:zaev,Роман Заєв,torpedo-zaporizhzhia;zorya-luhansk,5,
1994,w:1969-04-25:kostikov,Олег Костіков,mykolaiv;tavriya-simferopol,5,
1994,w:1969-08-03:jilkin,Геннадій Жилкін,nyva-vinnytsia;tavriya-simferopol,20,
1994,w:1970-08-09:bejenar,Сергій Беженар,dnipro;dynamo-kyiv,30,
1994,w:1971-06-19:hetikov,Юрій Гетіков,tavriya-simferopol;temp-shepetivka,14,
1994,w:1971-09-18:sharan,Володимир Шаран,dnipro;dynamo-kyiv,25,
1994,w:1971-09-23:kozar,Геннадій Козар,dnipro;kryvbas,23,
1994,w:1971-11-25:pohlebaev,Євген Похлебаєв,dnipro;dynamo-kyiv,32,
1994,w:1972-02-29:palianitsia,Олександр Паляниця,dnipro;veres-rivne,29,
1994,w:1972-03-01:konovalov,Сергій Коновалов,dnipro;dynamo-kyiv,34,
1994,w:1972-07-24:martiuk,Олександр Мартюк,shakhtar-donetsk;torpedo-zaporizhzhia,12,
1994,w:1974-10-04:bulihinshramko,Сергій Булигін-Шрамко,chornomorets-odesa;nyva-vinnytsia,10,
1994,w:1974-10-12:romanchuk,Руслан Романчук,chornomorets-odesa;kremin-kremenchuk,17,
1994,w:1975-01-31:muhin,Андрій Мухін,metalurh-zaporizhzhia;zorya-luhansk,23,
1994,w:1975-06-18:smirnov,Денис Смірнов,tavriya-simferopol;torpedo-zaporizhzhia,17,
1994,w:1975-08-12:potshveria,Михайло Поцхверія,metalurh-zaporizhzhia;zorya-luhansk,26,
1994,w:1977-11-14:bilokin,Сергій Білокінь,dnipro;kryvbas,6,
1995,w:1961-07-29:tarasenko,Віталій Тарасенко,nyva-vinnytsia;volyn-lutsk,17,
1995,w:1962-08-17:iarovenko,Євген Яровенко,kryvbas;metalurh-zaporizhzhia,15,
1995,w:1963-08-22:kulish,Юрій Куліш,mykolaiv;nyva-ternopil,19,
1995,w:1965-01-12:bondarchuk,Василь Бондарчук,karpaty-lviv;zirka-kropyvnytskyi,16,
1995,w:1965-09-28:mikolaenko,Юрій Миколаєнко,kryvbas;mykolaiv,16,
1995,w:1966-04-18:korponai,Адальберт Корпонай,kremin-kremenchuk;mykolaiv,30,
1995,w:1966-08-05:huschin,Олександр Гущин,kremin-kremenchuk;zorya-luhansk,12,
1995,w:1966-12-28:nefedov,Олександр Нефедов,kryvbas;torpedo-zaporizhzhia,20,
1995,w:1967-09-14:leonov,Ігор Леонов,kremin-kremenchuk;shakhtar-donetsk,20,
1995,w:1968-03-10:matviv,Степан Матвіїв,cska-kyiv;prykarpattia,13,
1995,w:1968-05-24:homin,Андрій Хомин,dynamo-kyiv;prykarpattia,23,
1995,w:1968-07-09:babi,Олександр Бабій,metalurh-zaporizhzhia;torpedo-zaporizhzhia,18,
1995,w:1968-09-01:habiskiria,Юрій Габіскірія,kryvbas;shakhtar-donetsk,7,
1995,w:1968-09-20:kochvar,Сергій Кочвар,nyva-ternopil;shakhtar-donetsk,32,
1995,w:1968-09-26:dudnik,Юрій Дуднік,kryvbas;metalurh-zaporizhzhia,27,
1995,w:1970-08-18:matvev,Олег Матвєєв,kremin-kremenchuk;shakhtar-donetsk,25,
1995,w:1971-01-23:kuptsov,Андрій Купцов,kremin-kremenchuk;kryvbas,23,
1995,w:1971-08-04:lejentsev,Сергій Леженцев,chornomorets-odesa;dynamo-kyiv,10,
1995,w:1971-08-23:skish,Віталій Скиш,chornomorets-odesa;prykarpattia,22,
1995,w:1971-09-06:novikov,Владислав Новіков,cska-kyiv;kremin-kremenchuk,18,
1995,w:1971-09-23:kozar,Геннадій Козар,dnipro;kryvbas,22,
1995,w:1972-01-08:atelkin,Сергій Ателькін,kremin-kremenchuk;shakhtar-donetsk,21,
1995,w:1972-01-23:nazarov,Євгеній Назаров,karpaty-lviv;zorya-luhansk,8,
1995,w:1972-04-24:karetnik,Володимир Каретник,kremin-kremenchuk;prykarpattia,9,
1995,w:1972-08-29:kurilenko,Олексій Куриленко,dnipro;kryvbas,19,
1995,w:1972-09-25:mizin,Сергій Мізін,dnipro;dynamo-kyiv,26,
1995,w:1972-10-11:zuenko,Микола Зуєнко,nyva-vinnytsia;prykarpattia,30,
1995,w:1973-01-08:vasilkiv,Руслан Васильків,chornomorets-odesa;mykolaiv,27,
1995,w:1973-02-09:popovich,Геннадій Попович,kryvbas;shakhtar-donetsk,13,
1995,w:1973-10-13:starostiak,Михайло Старостяк,prykarpattia;shakhtar-donetsk,28,
1995,w:1974-08-09:nikolaichuk,Матвій Николайчук,chornomorets-odesa;dynamo-kyiv;nyva-ternopil,20,
1995,w:1975-05-06:babich,Костянтин Бабич,cska-kyiv;dnipro,18,
1995,w:1975-07-25:vinokurov,Вадим Деонас,mykolaiv;prykarpattia,14,
1995,w:1975-08-12:potshveria,Михайло Поцхверія,metalurh-zaporizhzhia;shakhtar-donetsk,24,
1996,w:1959-05-20:haidarji,Леонід Гайдаржи,metalurh-zaporizhzhia;nyva-vinnytsia,20,
1996,w:1962-05-25:turianski,Сергій Турянський,nyva-ternopil;prykarpattia,19,
1996,w:1965-11-23:konovalchuk,Володимир Коновальчук,kremin-kremenchuk;vorskla-poltava,23,
1996,w:1966-03-19:sobol,Юрій Соболь,kremin-kremenchuk;vorskla-poltava,12,
1996,w:1966-06-09:plotko,Ігор Плотко,kryvbas;metalurh-zaporizhzhia,26,
1996,w:1967-03-21:marchuk,Володимир Марчук,prykarpattia;zirka-kropyvnytskyi,24,
1996,w:1968-07-09:babi,Олександр Бабій,metalurh-zaporizhzhia;shakhtar-donetsk,26,
1996,w:1968-09-24:mihailenko,Олександр Михайленко,kryvbas;zirka-kropyvnytskyi,23,
1996,w:1969-08-11:zaharov,Олександр Захаров,dnipro;kryvbas,6,
1996,w:1971-01-04:filimonov,Денис Філімонов,dnipro;kryvbas,28,
1996,w:1971-01-23:kuptsov,Андрій Купцов,karpaty-lviv;kryvbas,20,
1996,w:1971-03-05:polunin,Андрій Полунін,cska-kyiv;dnipro,22,
1996,w:1971-04-18:diriavka,Сергій Дірявка,dnipro;kryvbas,16,
1996,w:1971-09-06:novikov,Владислав Новіков,kremin-kremenchuk;shakhtar-donetsk,23,
1996,w:1972-05-17:shumski,Віталій Шумський,dnipro;nyva-ternopil,12,
1996,w:1972-09-25:mizin,Сергій Мізін,chornomorets-odesa;cska-kyiv,22,
1996,w:1974-04-17:borisenko,Сергій Борисенко,cska-kyiv;zirka-kropyvnytskyi,27,
1996,w:1975-02-25:zbarah,Микола Збарах,dnipro;kryvbas,14,
1996,w:1975-03-01:samoilov,Віталій Самойлов,dynamo-kyiv;vorskla-poltava,12,
1996,w:1975-05-06:babich,Костянтин Бабич,chornomorets-odesa;cska-kyiv,19,
1996,w:1975-10-05:shahov,Альберт Шахов,kremin-kremenchuk;nyva-vinnytsia,16,
1996,w:1976-06-16:rimshin,Євген Римшин,dnipro;zirka-kropyvnytskyi,14,
1996,w:1976-08-27:shapovalov,Валерій Шаповалов,dnipro;zirka-kropyvnytskyi,8,
1996,w:1976-10-21:chernov,Андрій Чернов,kremin-kremenchuk;kryvbas,26,
1996,w:1978-01-22:demidiak,Василь Демидяк,chornomorets-odesa;cska-kyiv;nyva-vinnytsia,9,
1997,w:1964-01-30:petrov,Ігор Петров,metalurh-donetsk;shakhtar-donetsk,15,
1997,w:1965-12-06:fokin,Ігор Фокін,metalurh-zaporizhzhia;torpedo-zaporizhzhia,25,
1997,w:1966-05-15:lutkov,Олег Лутков,kryvbas;metalurh-zaporizhzhia,4,
1997,w:1967-02-16:zub,Роман Зуб,karpaty-lviv;prykarpattia,21,
1997,w:1967-03-12:kolesnik,Вадим Колесник,karpaty-lviv;mariupol,14,
1997,w:1968-04-06:hetsko,Іван Гецко,dnipro;karpaty-lviv,25,
1997,w:1968-09-05:kovalets,Сергій Ковалець,dnipro;karpaty-lviv,16,
1997,w:1968-11-12:tanasiuk,Сергій Танасюк,karpaty-lviv;torpedo-zaporizhzhia,22,
1997,w:1969-09-26:sosenko,Костянтин Сосенко,cska-kyiv;dnipro,18,
1997,w:1970-02-01:irichuk,Павло Ірічук,dnipro;prykarpattia,9,
1997,w:1971-03-05:polunin,Андрій Полунін,karpaty-lviv;kryvbas,22,
1997,w:1971-06-21:pokladok,Андрій Покладок,karpaty-lviv;metalurh-donetsk,15,
1997,w:1971-09-18:sharan,Володимир Шаран,dnipro;karpaty-lviv,21,
1997,w:1972-02-29:palianitsia,Олександр Паляниця,dnipro;karpaty-lviv,26,
1997,w:1972-05-17:duhnovski,Ігор Духновський,mariupol;tavriya-simferopol,12,
1997,w:1972-06-05:maksimenko,Андрій Максименко,mariupol;torpedo-zaporizhzhia,14,
1997,w:1972-08-29:kurilenko,Олексій Куриленко,metalurh-zaporizhzhia;torpedo-zaporizhzhia,9,
1997,w:1972-09-25:mizin,Сергій Мізін,dnipro;karpaty-lviv,17,
1997,w:1973-02-06:bespalih,Сергій Беспалих,dnipro;prykarpattia,14,
1997,w:1973-03-11:musolitin,Володимир Мусолітін,chornomorets-odesa;vorskla-poltava,28,
1997,w:1973-11-01:hnativ,Роман Гнатів,karpaty-lviv;torpedo-zaporizhzhia,18,
1997,w:1973-11-19:luchkevich,Ігор Лучкевич,metalurh-donetsk;metalurh-zaporizhzhia,29,
1997,w:1973-12-09:hrehul,Валентин Грегуль,metalurh-donetsk;nyva-ternopil,17,
1997,w:1974-04-24:honcharenko,Сергій Гончаренко,cska-kyiv;mariupol,17,
1997,w:1974-06-16:sonin,Євген Сонін,dnipro;kryvbas,11,
1997,w:1974-08-03:efimenko,В'ячеслав Єфіменко,karpaty-lviv;torpedo-zaporizhzhia,18,
1997,w:1974-10-29:polischuk,Володимир Поліщук,cska-kyiv;mariupol,28,
1997,w:1975-02-07:datsishin,Віталій Дацишин,dnipro;prykarpattia,11,
1997,w:1975-03-21:nesterchuk,Павло Нестерчук,prykarpattia;zirka-kropyvnytskyi,21,
1997,w:1975-03-27:moroz,Геннадій Мороз,dnipro;kryvbas,22,
1997,w:1975-05-06:babich,Костянтин Бабич,mariupol;vorskla-poltava,19,
1997,w:1975-06-18:smirnov,Денис Смірнов,metalurh-zaporizhzhia;torpedo-zaporizhzhia,24,
1997,w:1976-02-11:sobkovich,Олександр Собкович,cska-kyiv;mariupol,17,
1997,w:1976-06-16:rimshin,Євген Римшин,kryvbas;prykarpattia,30,
1997,w:1976-10-11:lapko,Микола Лапко,prykarpattia;vorskla-poltava,13,
1997,w:1977-08-05:holovko,Андрій Головко,cska-kyiv;dnipro,21,
1997,w:1977-09-13:klimenko,Андрій Клименко,vorskla-poltava;zirka-kropyvnytskyi,10,
1997,w:1977-11-01:ilchenko,Сергій Ільченко,cska-kyiv;metalurh-zaporizhzhia,17,
1997,w:1977-11-14:olinik,Олексій Олійник,cska-kyiv;metalurh-zaporizhzhia,29,
1997,w:1978-06-13:kripak,Яків Кріпак,cska-kyiv;metalurh-zaporizhzhia,27,
1998,tm:24006,Володимир Єзерський,dynamo-kyiv;karpaty-lviv,20,
1998,tm:24054,Олег Шелаєв,dnipro;shakhtar-donetsk,14,
1998,w:1966-01-03:fokin,Юрій Фокін,metalurh-donetsk;nyva-ternopil,27,
1998,w:1969-04-14:djuheli,Іван Джугелі,mykolaiv;prykarpattia,9,
1998,w:1969-10-07:bohodelov,В'ячеслав Богодєлов,metalurh-donetsk;vorskla-poltava,10,
1998,w:1970-04-28:mikitin,Володимир Микитін,karpaty-lviv;shakhtar-donetsk,28,
1998,w:1970-08-09:bejenar,Сергій Беженар,cska-kyiv;vorskla-poltava,24,
1998,w:1970-10-16:mokritski,Юрій Мокрицький,prykarpattia;vorskla-poltava,10,
1998,w:1971-03-10:zabranski,Руслан Забранський,kryvbas;prykarpattia,22,
1998,w:1971-07-14:mehanoshin,Олександр Механошин,mariupol;prykarpattia,14,
1998,w:1971-08-02:jilin,Олег Жилін,metalist-kharkiv;zirka-kropyvnytskyi,19,
1998,w:1971-08-04:lejentsev,Сергій Леженцев,tavriya-simferopol;vorskla-poltava,10,
1998,w:1971-08-23:skish,Віталій Скиш,metalist-kharkiv;zirka-kropyvnytskyi,16,
1998,w:1971-09-05:nahorniak,Сергій Нагорняк,dnipro;shakhtar-donetsk,10,
1998,w:1971-11-25:antiuhin,Олексій Антюхін,tavriya-simferopol;vorskla-poltava,24,
1998,w:1972-01-08:nikitin,Андрій Нікітін,metalurh-donetsk;shakhtar-donetsk,13,
1998,w:1972-03-03:kovaliuk,Володимир Ковалюк,prykarpattia;shakhtar-donetsk,20,
1998,w:1972-04-06:lukash,Олег Лукаш,metalist-kharkiv;mykolaiv,11,
1998,w:1973-07-24:skidan,Геннадій Скідан,karpaty-lviv;prykarpattia,16,
1998,w:1973-10-26:onopko,Сергій Онопко,mykolaiv;vorskla-poltava,28,
1998,w:1974-04-24:honcharenko,Сергій Гончаренко,mariupol;nyva-ternopil,24,
1998,w:1975-08-12:potshveria,Михайло Поцхверія,dnipro;shakhtar-donetsk,13,
1998,w:1975-12-10:dotsenko,Віктор Доценко,mykolaiv;vorskla-poltava,27,
1998,w:1976-04-18:homenko,Ігор Хоменко,dnipro;zirka-kropyvnytskyi,21,
1998,w:1977-06-10:bezdolni,Ігор Бездольний,dnipro;mykolaiv,12,
1998,w:1977-06-23:pershin,Олександр Першин,dnipro;vorskla-poltava,23,
1998,w:1977-09-01:dranov,Сергій Дранов,dnipro;mykolaiv,16,
1998,w:1978-05-06:rikun,Олександр Рикун,dnipro;mariupol,23,
1998,w:1978-08-31:bohorodichenko,Сергій Богородіченко,metalurh-donetsk;nyva-ternopil,19,
1998,w:1980-10-21:teliatnikov,Олексій Телятников,dnipro;mykolaiv,21,
1999,tm:24006,Володимир Єзерський,dynamo-kyiv;kryvbas,14,
1999,tm:24054,Олег Шелаєв,metalurh-donetsk;shakhtar-donetsk,17,
1999,w:1966-06-29:bondarenko,Олександр Бондаренко,chornomorets-odesa;zirka-kropyvnytskyi,17,
1999,w:1967-08-07:haidash,Олександр Гайдаш,mariupol;tavriya-simferopol,29,
1999,w:1968-04-06:hetsko,Іван Гецко,karpaty-lviv;kryvbas,23,
1999,w:1969-02-13:korponai,Іван Корпонай,chornomorets-odesa;prykarpattia,5,
1999,w:1970-10-11:evtushok,Олександр Євтушок,cska-kyiv;karpaty-lviv,17,
1999,w:1971-01-19:markin,Юрій Маркін,metalurh-zaporizhzhia;tavriya-simferopol;zirka-kropyvnytskyi,26,
1999,w:1971-05-27:chijevski,Олександр Чижевський,metalurh-zaporizhzhia;shakhtar-donetsk,22,
1999,w:1972-09-25:mizin,Сергій Мізін,karpaty-lviv;kryvbas,27,
1999,w:1973-08-14:prihodko,Геннадій Приходько,dnipro;zirka-kropyvnytskyi,22,
1999,w:1973-08-27:kliuchik,Сергій Ключик,metalurh-zaporizhzhia;tavriya-simferopol,23,
1999,w:1974-01-23:semchuk,Дмитро Семчук,cska-kyiv;prykarpattia,21,
1999,w:1974-04-24:honcharenko,Сергій Гончаренко,mariupol;nyva-ternopil,25,
1999,w:1974-04-25:beno,Юрій Беньо,metalurh-zaporizhzhia;shakhtar-donetsk,21,
1999,w:1974-05-03:koval,Олександр Коваль,metalurh-donetsk;shakhtar-donetsk,15,
1999,w:1974-08-09:nikolaichuk,Матвій Николайчук,nyva-ternopil;prykarpattia,13,
1999,w:1974-10-29:polischuk,Володимир Поліщук,chornomorets-odesa;tavriya-simferopol,16,
1999,w:1975-09-14:kostiuk,Ігор Костюк,dynamo-kyiv;vorskla-poltava,20,
1999,w:1978-06-13:kripak,Яків Кріпак,metalurh-donetsk;shakhtar-donetsk,15,
1999,w:1978-10-25:shpak,Андрій Шпак,metalurh-zaporizhzhia;nyva-ternopil,15,
1999,w:1978-11-02:kaidarashvili,Олександр Кайдарашвілі,kryvbas;nyva-ternopil,22,
1999,w:1980-01-17:monarov,Роман Монарьов,cska-kyiv;kryvbas,19,
2000,tm:251328,Віталій Левченко,cska-kyiv;tavriya-simferopol,11,
2000,w:1968-04-06:hetsko,Іван Гецко,kryvbas;metalist-kharkiv,22,
2000,w:1969-10-07:bohodelov,В'ячеслав Богодєлов,metalist-kharkiv;vorskla-poltava,5,
2000,w:1970-07-23:orbu,Геннадій Орбу,shakhtar-donetsk;vorskla-poltava,5,
2000,w:1971-08-04:lejentsev,Сергій Леженцев,metalist-kharkiv;vorskla-poltava,6,
2000,w:1972-01-23:nazarov,Євгеній Назаров,karpaty-lviv;metalist-kharkiv,24,
2000,w:1972-02-29:palianitsia,Олександр Паляниця,kryvbas;metalist-kharkiv,24,
2000,w:1972-09-25:mizin,Сергій Мізін,kryvbas;metalist-kharkiv,24,
2000,w:1972-10-11:savu,Маріан Саву,metalurh-donetsk;shakhtar-donetsk,13,
2000,w:1973-03-11:musolitin,Володимир Мусолітін,cska-kyiv;vorskla-poltava,22,
2000,w:1973-08-27:kliuchik,Сергій Ключик,stal-alchevsk;tavriya-simferopol,20,
2000,w:1973-11-11:kundenok,Олександр Кундєнок,metalist-kharkiv;tavriya-simferopol,15,
2000,w:1974-02-17:homa,Ярослав Хома,karpaty-lviv;shakhtar-donetsk,10,
2000,w:1975-02-17:seleznov,Сергій Селезньов,cska-kyiv;kryvbas,13,
2000,w:1975-02-23:zotov,Олександр Зотов,kryvbas;vorskla-poltava,20,
2000,w:1975-04-02:esin,Сергій Єсін,metalist-kharkiv;tavriya-simferopol,12,
2000,w:1975-11-21:hurka,Михайло Гурка,karpaty-lviv;vorskla-poltava,16,
2000,w:1976-03-24:vetrenikov,Сергій Ветренніков,stal-alchevsk;tavriya-simferopol,18,
2000,w:1976-09-04:makovei,Ігор Маковей,karpaty-lviv;kryvbas,21,
2000,w:1977-04-02:koniushenko,Андрій Конюшенко,metalurh-zaporizhzhia;shakhtar-donetsk,14,
2000,w:1977-09-08:bulhakov,Олексій Булгаков,mariupol;metalurh-donetsk,12,
2000,w:1977-09-28:maziar,Володимир Мазяр,dnipro;vorskla-poltava,23,
2000,w:1978-06-13:kripak,Яків Кріпак,metalurh-donetsk;stal-alchevsk,15,
2000,w:1978-08-10:kotov,Євген Котов,metalurh-donetsk;stal-alchevsk,25,
2000,w:1978-12-13:melaschenko,Олександр Мелащенко,dynamo-kyiv;vorskla-poltava,26,
2000,w:1979-01-11:popov,Василь Попов,kryvbas;metalist-kharkiv,13,
2000,w:1979-08-09:danchenko,Юрій Данченко,metalurh-donetsk;stal-alchevsk,11,
2000,w:1980-04-12:andrenko,Денис Андрієнко,metalurh-donetsk;tavriya-simferopol,14,
2001,tm:24000,В'ячеслав Чечер,kryvbas;metalurh-donetsk,23,
2001,tm:25820,В'ячеслав Шевчук,metalurh-donetsk;shakhtar-donetsk,3,
2001,tm:34670,Віталій Постранський,kryvbas;vorskla-poltava,18,
2001,w:1967-08-07:haidash,Олександр Гайдаш,mariupol;tavriya-simferopol,23,
2001,w:1970-06-23:antonel,Іонел Пірву,metalurh-zaporizhzhia;tavriya-simferopol,13,
2001,w:1970-08-18:matvev,Олег Матвєєв,metalurh-donetsk;metalurh-zaporizhzhia,18,
2001,w:1970-10-30:osadchi,Сергій Осадчий,metalist-kharkiv;metalurh-donetsk,21,
2001,w:1971-01-02:zavialov,Андрій Зав'ялов,kryvbas;oleksandriya,21,
2001,w:1971-05-27:chijevski,Олександр Чижевський,metalurh-zaporizhzhia;tavriya-simferopol,13,
2001,w:1972-10-29:ponomarenko,Володимир Пономаренко,kryvbas;metalurh-donetsk,25,
2001,w:1973-03-11:musolitin,Володимир Мусолітін,kryvbas;vorskla-poltava,24,
2001,w:1974-05-18:haldianu,Константін Галдяну,dnipro;kryvbas,12,
2001,w:1974-06-01:zaiats,Вадим Заяць,metalurh-zaporizhzhia;tavriya-simferopol,22,
2001,w:1974-07-12:abramov,Віталій Абрамов,metalurh-donetsk;shakhtar-donetsk,5,
2001,w:1975-03-27:moroz,Геннадій Мороз,dnipro;dynamo-kyiv,12,
2001,w:1976-08-17:zakarliuka,Сергій Закарлюка,arsenal-kyiv;metalurh-donetsk,23,
2001,w:1977-09-13:klimenko,Андрій Клименко,kryvbas;oleksandriya,15,
2001,w:1978-01-09:ivanov,Олексій Іванов,karpaty-lviv;oleksandriya,25,
2001,w:1979-05-28:sanjar,Роман Санжар,kryvbas;metalurh-donetsk,17,
2001,w:1980-03-21:matiuhin,Сергій Матюхін,dnipro;kryvbas,21,
2001,w:1980-04-12:andrenko,Денис Андрієнко,metalurh-donetsk;oleksandriya,21,
2002,tm:12064,Ігор Скоба,dynamo-kyiv;obolon-kyiv,13,
2002,tm:24032,Віталій Лисицький,chornomorets-odesa;dynamo-kyiv,13,
2002,w:1968-10-25:chuichenko,Сергій Чуйченко,metalist-kharkiv;oleksandriya,24,
2002,w:1970-07-05:rati,Олег Ратій,metalurh-zaporizhzhia;oleksandriya,28,
2002,w:1970-09-22:omelchuk,Олександр Омельчук,kryvbas;vorskla-poltava,16,
2002,w:1971-03-04:kovalov,Альберт Ковальов,kryvbas;vorskla-poltava,12,
2002,w:1971-05-27:chijevski,Олександр Чижевський,karpaty-lviv;volyn-lutsk,15,
2002,w:1972-05-09:kobzar,Віталій Кобзар,obolon-kyiv;vorskla-poltava,22,
2002,w:1972-09-29:buhai,Сергій Бугай,kryvbas;metalurh-zaporizhzhia,11,
2002,w:1975-03-31:balanchuk,Сергій Баланчук,metalist-kharkiv;vorskla-poltava,20,
2002,w:1975-04-24:bohatir,Іван Богатир,metalist-kharkiv;tavriya-simferopol,21,
2002,w:1975-06-18:smirnov,Денис Смірнов,metalurh-zaporizhzhia;tavriya-simferopol,29,
2002,w:1975-12-10:dotsenko,Віктор Доценко,chornomorets-odesa;vorskla-poltava,25,
2002,w:1976-07-19:radchenko,Олександр Радченко,dnipro;dynamo-kyiv,16,
2002,w:1976-10-06:humeniuk,Олександр Гуменюк,chornomorets-odesa;volyn-lutsk,17,
2002,w:1976-12-08:poliakov,Борис Поляков,tavriya-simferopol;volyn-lutsk,23,
2002,w:1976-12-29:mikuliak,Олександр Микуляк,metalurh-zaporizhzhia;tavriya-simferopol,7,
2002,w:1977-04-02:koniushenko,Андрій Конюшенко,shakhtar-donetsk;volyn-lutsk,18,
2002,w:1977-07-08:timchishin,Олег Тимчишин,karpaty-lviv;obolon-kyiv,21,
2002,w:1977-08-05:holovko,Андрій Головко,mariupol;metalist-kharkiv,19,
2002,w:1977-09-28:maziar,Володимир Мазяр,oleksandriya;tavriya-simferopol,19,
2002,w:1979-06-14:esinhila,Мозес Молонго,volyn-lutsk;vorskla-poltava,14,
2002,w:1979-07-12:onisko,Павло Онисько,mariupol;obolon-kyiv,11,
2002,w:1979-07-15:bilozor,Сергій Білозор,arsenal-kyiv;chornomorets-odesa,27,
2002,w:1980-10-21:teliatnikov,Олексій Телятников,kryvbas;oleksandriya,16,
2002,w:1981-12-12:harison,Гаррісон Омоко,arsenal-kyiv;vorskla-poltava,14,
2002,w:1983-01-16:rusol,Андрій Русол,dnipro;kryvbas,10,
2003,tm:24004,Сергій Долганський,metalurh-donetsk;vorskla-poltava,30,
2003,tm:24032,Віталій Лисицький,chornomorets-odesa;dnipro,25,
2003,tm:24061,Сергій Валяєв,dnipro;kryvbas,9,
2003,tm:85949,Ігор Шуховцев,arsenal-kyiv;mariupol,21,
2003,w:1968-09-05:kovalets,Сергій Ковалець,obolon-kyiv;volyn-lutsk,15,
2003,w:1972-01-08:nikitin,Андрій Нікітін,mariupol;metalurh-donetsk,24,
2003,w:1972-01-23:nazarov,Євгеній Назаров,karpaty-lviv;volyn-lutsk,9,
2003,w:1972-03-01:konovalov,Сергій Коновалов,arsenal-kyiv;borysfen-boryspil,11,
2003,w:1972-03-13:volosianko,Микола Волосянко,borysfen-boryspil;volyn-lutsk,12,
2003,w:1972-10-29:ponomarenko,Володимир Пономаренко,kryvbas;metalurh-donetsk,21,
2003,w:1973-06-24:tsihmeistruk,Едуард Цихмейструк,mariupol;metalurh-donetsk,26,
2003,w:1973-08-27:kliuchik,Сергій Ключик,metalurh-zaporizhzhia;tavriya-simferopol,9,
2003,w:1973-11-19:luchkevich,Ігор Лучкевич,metalurh-zaporizhzhia;tavriya-simferopol,26,
2003,w:1974-04-24:honcharenko,Сергій Гончаренко,karpaty-lviv;volyn-lutsk,16,
2003,w:1974-05-04:virt,Юрій Вірт,borysfen-boryspil;metalurh-donetsk,16,
2003,w:1974-08-05:pestriakov,Олег Пестряков,metalurh-zaporizhzhia;tavriya-simferopol,17,
2003,w:1975-05-06:babich,Костянтин Бабич,arsenal-kyiv;mariupol,27,
2003,w:1975-05-10:kudinov,Юрій Кудінов,karpaty-lviv;kryvbas,19,
2003,w:1976-01-04:spevak,Андрій Спєвак,dnipro;kryvbas,24,
2003,w:1976-01-13:shischenko,Сергій Шищенко,mariupol;metalurh-donetsk,25,
2003,w:1976-01-16:anikev,Володимир Анікеєв,arsenal-kyiv;mariupol,16,
2003,w:1976-06-04:kernozenko,В'ячеслав Кернозенко,arsenal-kyiv;dnipro,17,
2003,w:1976-06-16:rimshin,Євген Римшин,karpaty-lviv;kryvbas,11,
2003,w:1976-08-17:zakarliuka,Сергій Закарлюка,mariupol;shakhtar-donetsk,14,
2003,w:1977-01-15:platonov,Валентин Платонов,kryvbas;mariupol,19,
2003,w:1977-02-04:iaksmanitski,Володимир Яксманицький,kryvbas;metalurh-donetsk,25,
2003,w:1977-08-05:holovko,Андрій Головко,borysfen-boryspil;mariupol,17,
2003,w:1977-09-01:dranov,Сергій Дранов,kryvbas;metalurh-donetsk,22,
2003,w:1978-05-27:ian,Ян Золна,metalurh-zaporizhzhia;volyn-lutsk,15,
2003,w:1978-08-22:balitski,Віталій Балицький,volyn-lutsk;zirka-kropyvnytskyi,13,
2003,w:1978-12-13:melaschenko,Олександр Мелащенко,dnipro;dynamo-kyiv,21,
2003,w:1979-03-26:sokolovski,Денис Соколовський,obolon-kyiv;zirka-kropyvnytskyi,9,
2003,w:1979-04-04:kozir,Сергій Козир,borysfen-boryspil;chornomorets-odesa,22,
2003,w:1979-04-18:tselih,Юрій Целих,metalurh-zaporizhzhia;vorskla-poltava,27,
2003,w:1979-04-19:savinov,Олексій Савінов,metalurh-zaporizhzhia;volyn-lutsk,13,
2003,w:1980-03-23:rojon,Віталій Розгон,arsenal-kyiv;volyn-lutsk,24,
2003,w:1980-08-19:stoian,Максим Стоян,borysfen-boryspil;chornomorets-odesa,29,
2003,w:1980-10-05:kashevski,Микола Кашевський,kryvbas;metalurh-zaporizhzhia,11,
2003,w:1981-01-20:savin,Артем Савін,mariupol;metalurh-donetsk,2,
2003,w:1981-01-22:smalko,Андрій Смалько,borysfen-boryspil;chornomorets-odesa,24,
2003,w:1981-02-02:huvanchmuhamed,Гуванчмухамед Овеков,arsenal-kyiv;vorskla-poltava,12,
2003,w:1981-05-01:kalachov,Тимофій Калачов,mariupol;shakhtar-donetsk,5,
2003,w:1981-07-20:bidnenko,Руслан Бідненко,borysfen-boryspil;dynamo-kyiv,23,
2003,w:1981-08-24:stoian,Денис Стоян,borysfen-boryspil;chornomorets-odesa,19,
2003,w:1981-10-10:alehbe,Тоні Алегбе,kryvbas;metalurh-donetsk,16,
2003,w:1982-02-11:klimenko,Олександр Клименко,arsenal-kyiv;borysfen-boryspil,19,
2003,w:1982-07-06:motuz,Сергій Мотуз,dnipro;vorskla-poltava,15,
2003,w:1982-07-13:milosavlevich,Урош Милосавлевич,metalurh-zaporizhzhia;volyn-lutsk,9,
2003,w:1982-08-27:sheveliuhin,Олександр Шевелюхін,kryvbas;vorskla-poltava,18,
2004,tm:14939,Адріан Пуканич,mariupol;shakhtar-donetsk,18,
2004,tm:24004,Сергій Долганський,metalurh-donetsk;vorskla-poltava,12,
2004,tm:34670,Віталій Постранський,volyn-lutsk;vorskla-poltava,13,
2004,tm:43308,Денис Голайдо,hoverla-uzhhorod;tavriya-simferopol,22,
2004,tm:44357,Олександр Кучер,metalist-kharkiv;metalurh-donetsk,5,
2004,tm:58976,Максим Старцев,kryvbas;tavriya-simferopol,16,
2004,tm:59826,Олег Герасимюк,dynamo-kyiv;volyn-lutsk,8,
2004,tm:60323,Антон Монахов,tavriya-simferopol;vorskla-poltava,8,
2004,tm:85938,Андрій Оберемко,borysfen-boryspil;dynamo-kyiv,2,
2004,tm:85949,Ігор Шуховцев,mariupol;tavriya-simferopol,17,
2004,w:1972-03-03:kovaliuk,Володимир Ковалюк,borysfen-boryspil;volyn-lutsk,22,
2004,w:1972-10-29:ponomarenko,Володимир Пономаренко,kryvbas;tavriya-simferopol,11,
2004,w:1973-09-25:chanturia,Грігол Чантурія,hoverla-uzhhorod;tavriya-simferopol,3,
2004,w:1974-01-09:hvostunov,Олександр Хвостунов,chornomorets-odesa;hoverla-uzhhorod,2,
2004,w:1974-06-01:zaiats,Вадим Заяць,hoverla-uzhhorod;metalurh-zaporizhzhia,6,
2004,w:1975-01-22:poklonski,Олександр Поклонський,dnipro;tavriya-simferopol,15,
2004,w:1975-06-18:smirnov,Денис Смірнов,hoverla-uzhhorod;tavriya-simferopol,21,
2004,w:1975-12-18:danel,Даніель Флоря,metalurh-zaporizhzhia;shakhtar-donetsk,16,
2004,w:1975-12-18:seleznov,Юрій Селезньов,hoverla-uzhhorod;kryvbas;tavriya-simferopol,20,
2004,w:1975-12-31:shevtsov,Сергій Шевцов,hoverla-uzhhorod;tavriya-simferopol,14,
2004,w:1976-01-13:shischenko,Сергій Шищенко,mariupol;metalurh-donetsk,28,
2004,w:1977-04-02:koniushenko,Андрій Конюшенко,mariupol;obolon-kyiv,14,
2004,w:1977-06-17:matkevich,Анатолій Маткевич,kryvbas;tavriya-simferopol,3,
2004,w:1977-11-08:mazurenko,Олег Мазуренко,mariupol;obolon-kyiv,27,
2004,w:1978-10-30:ovsenko,Володимир Овсієнко,hoverla-uzhhorod;metalist-kharkiv,4,
2004,w:1979-04-04:kozir,Сергій Козир,chornomorets-odesa;obolon-kyiv,17,
2004,w:1979-04-18:tselih,Юрій Целих,hoverla-uzhhorod;metalist-kharkiv;vorskla-poltava,24,
2004,w:1980-05-16:melnik,Вадим Мельник,borysfen-boryspil;metalurh-donetsk,27,
2004,w:1980-08-19:stoian,Максим Стоян,chornomorets-odesa;obolon-kyiv,22,
2004,w:1981-01-05:serhev,Лев Сергеєв,chornomorets-odesa;hoverla-uzhhorod,3,
2004,w:1981-01-22:smalko,Андрій Смалько,chornomorets-odesa;tavriya-simferopol,18,
2004,w:1981-01-29:pischur,Олександр Пищур,hoverla-uzhhorod;vorskla-poltava,10,
2004,w:1981-07-20:bidnenko,Руслан Бідненко,dnipro;dynamo-kyiv,11,
2004,w:1981-09-10:nakonechni,Микола Наконечний,arsenal-kyiv;obolon-kyiv,16,
2004,w:1981-11-22:danel,Северин Ганчаржик,arsenal-kyiv;volyn-lutsk,24,
2004,w:1982-08-13:balabanov,Костянтин Балабанов,chornomorets-odesa;dnipro,17,
2004,w:1982-08-27:sheveliuhin,Олександр Шевелюхін,hoverla-uzhhorod;kryvbas,22,
2004,w:1982-09-10:bredun,Євген Бредун,borysfen-boryspil;metalurh-zaporizhzhia,21,
2004,w:1983-01-14:tovkatski,Василь Товкацький,hoverla-uzhhorod;volyn-lutsk,13,
2004,w:1984-05-11:brovkin,Дмитро Бровкін,metalist-kharkiv;obolon-kyiv,6,
2004,w:1987-03-31:moldovan,Дмитро Молдован,metalurh-zaporizhzhia;shakhtar-donetsk,3,
2005,tm:17206,Александар Тришович,kryvbas;volyn-lutsk,26,
2005,tm:24008,Рубен Гомес,metalurh-donetsk;stal-alchevsk,25,
2005,tm:25732,Дмитро Чигринський,metalurh-zaporizhzhia;shakhtar-donetsk,26,
2005,tm:34670,Віталій Постранський,metalurh-zaporizhzhia;volyn-lutsk,21,
2005,tm:34771,Олександр Косирін,chornomorets-odesa;metalurh-donetsk,27,
2005,tm:36238,Руслан Фомін,metalist-kharkiv;shakhtar-donetsk,15,
2005,tm:44138,Олексій Годін,metalurh-zaporizhzhia;tavriya-simferopol,8,
2005,tm:45196,Тарас Михалик,dynamo-kyiv;hoverla-uzhhorod,23,
2005,tm:53299,Костянтин Ярошенко,arsenal-kyiv;metalist-kharkiv,19,
2005,tm:58043,Рустам Худжамов,fc-kharkiv;hoverla-uzhhorod,17,
2005,tm:59253,Андрій Бойко,kryvbas;mariupol,11,
2005,tm:9796,Олександр Алієв,dynamo-kyiv;metalurh-zaporizhzhia,13,
2005,w:1975-01-02:vaschuk,Владислав Ващук,chornomorets-odesa;dynamo-kyiv,30,
2005,w:1975-01-22:poklonski,Олександр Поклонський,kryvbas;tavriya-simferopol,12,
2005,w:1975-05-06:babich,Костянтин Бабич,arsenal-kyiv;mariupol,21,
2005,w:1975-07-25:vinokurov,Вадим Деонас,arsenal-kyiv;tavriya-simferopol,8,
2005,w:1976-01-13:shischenko,Сергій Шищенко,metalurh-donetsk;metalurh-zaporizhzhia,27,
2005,w:1976-08-17:zakarliuka,Сергій Закарлюка,mariupol;metalurh-donetsk,23,
2005,w:1977-01-16:tereschenko,В'ячеслав Терещенко,chornomorets-odesa;hoverla-uzhhorod,18,
2005,w:1977-08-27:vorobiov,Дмитро Воробйов,metalurh-donetsk;metalurh-zaporizhzhia,7,
2005,w:1977-11-03:jura,Сергій Згура,chornomorets-odesa;kryvbas,19,
2005,w:1978-08-01:nesteruk,Андрій Нестерук,stal-alchevsk;tavriya-simferopol,14,
2005,w:1979-03-11:ivanov,Георгі Пеєв,dnipro;dynamo-kyiv,14,
2005,w:1979-04-19:savinov,Олексій Савінов,hoverla-uzhhorod;volyn-lutsk,19,
2005,w:1980-01-15:akopian,Армен Акопян,metalurh-donetsk;metalurh-zaporizhzhia,24,
2005,w:1980-05-16:melnik,Вадим Мельник,metalurh-donetsk;tavriya-simferopol,23,
2005,w:1980-11-04:akobian,Ара Акобян,metalurh-donetsk;stal-alchevsk,27,
2005,w:1981-01-04:kirilchik,Павло Кірильчик,chornomorets-odesa;kryvbas,11,
2005,w:1981-01-29:pischur,Олександр Пищур,hoverla-uzhhorod;volyn-lutsk,23,
2005,w:1981-11-17:hribanov,Сергій Грибанов,mariupol;tavriya-simferopol,14,
2005,w:1981-11-22:danel,Северин Ганчаржик,arsenal-kyiv;metalist-kharkiv,13,
2005,w:1981-12-12:harison,Гаррісон Омоко,tavriya-simferopol;volyn-lutsk,29,
2005,w:1982-02-07:lozinski,Євгеній Лозінський,hoverla-uzhhorod;metalurh-zaporizhzhia,21,
2006,tm:14939,Адріан Пуканич,mariupol;vorskla-poltava,11,
2006,tm:24032,Віталій Лисицький,dnipro;kryvbas,12,
2006,tm:25758,Джаба Канкава,arsenal-kyiv;dnipro,23,
2006,tm:49018,Олексій Полянський,metalurh-donetsk;shakhtar-donetsk,15,
2006,tm:58976,Максим Старцев,dnipro;kryvbas,16,
2006,tm:59269,Лакі Ідахор,karpaty-lviv;tavriya-simferopol,21,
2006,tm:59893,Олександр Романчук,arsenal-kyiv;dnipro,16,
2006,tm:72899,Олександр Ситник,fc-kharkiv;karpaty-lviv,16,
2006,w:1974-05-04:virt,Юрій Вірт,metalurh-donetsk;shakhtar-donetsk,18,
2006,w:1975-01-22:poklonski,Олександр Поклонський,kryvbas;zorya-luhansk,20,
2006,w:1976-07-19:radchenko,Олександр Радченко,dnipro;kryvbas,8,
2006,w:1977-01-08:kostishin,Руслан Костишин,dnipro;kryvbas,16,
2006,w:1977-01-15:platonov,Валентин Платонов,mariupol;zorya-luhansk,22,
2006,w:1977-02-04:iaksmanitski,Володимир Яксманицький,kryvbas;zorya-luhansk,28,
2006,w:1977-02-07:paulo,Пауло Сезар,metalurh-donetsk;stal-alchevsk,10,
2006,w:1977-04-09:aleksandru,Александру Поповічі,kryvbas;zorya-luhansk,17,
2006,w:1977-11-25:opria,Анатолій Опря,fc-kharkiv;kryvbas,28,
2006,w:1978-08-28:horodov,Олексій Городов,fc-kharkiv;zorya-luhansk,25,
2006,w:1978-11-01:kornev,Андрій Корнєв,chornomorets-odesa;tavriya-simferopol,23,
2006,w:1979-01-01:sviderski,В'ячеслав Свідерський,chornomorets-odesa;shakhtar-donetsk,15,
2006,w:1979-01-02:lashankov,Євген Лошанков,chornomorets-odesa;fc-kharkiv,11,
2006,w:1979-02-10:tkachenko,Сергій Ткаченко,chornomorets-odesa;shakhtar-donetsk,19,
2006,w:1979-11-03:kuzniatsov,Сергій Кузнецов,metalist-kharkiv;tavriya-simferopol,18,
2006,w:1979-11-27:malihin,Олександр Малигін,mariupol;zorya-luhansk,25,
2006,w:1980-01-15:akopian,Армен Акопян,kryvbas;metalurh-zaporizhzhia,16,
2006,w:1980-02-26:olefir,Володимир Олефір,kryvbas;mariupol,24,
2006,w:1980-03-23:rojon,Віталій Розгон,arsenal-kyiv;tavriya-simferopol,12,
2006,w:1980-09-23:hrubelich,Марко Грубелич,metalurh-donetsk;stal-alchevsk,31,"31 > 30: ймовірно, неточність джерела в матчах; не перевіряли"
2006,w:1980-11-04:akobian,Ара Акобян,mariupol;stal-alchevsk,18,
2006,w:1980-11-10:lutsenko,Євген Луценко,chornomorets-odesa;zorya-luhansk,13,
2006,w:1981-01-20:savin,Артем Савін,kryvbas;zorya-luhansk,21,
2006,w:1981-01-22:smalko,Андрій Смалько,fc-kharkiv;zorya-luhansk,17,
2006,w:1981-02-02:huvanchmuhamed,Гуванчмухамед Овеков,fc-kharkiv;zorya-luhansk,24,
2006,w:1981-02-08:darko,Дарко Дун'їч,kryvbas;zorya-luhansk,29,
2006,w:1982-02-02:komaritski,Андрій Комарицький,stal-alchevsk;zorya-luhansk,14,
2006,w:1983-01-31:leviha,Руслан Левига,mariupol;vorskla-poltava,22,
2006,w:1983-08-11:aladashvili,Кахабер Аладашвілі,dnipro;dynamo-kyiv,7,
2006,w:1983-11-10:hiorhi,Гіоргі Цімакурідзе,mariupol;stal-alchevsk,14,
2006,w:1983-11-21:emanuel,Еммануель Окодува,metalurh-donetsk;shakhtar-donetsk,15,
2006,w:1984-04-30:karamushka,Олег Карамушка,metalurh-zaporizhzhia;shakhtar-donetsk,16,
2006,w:1985-08-01:trusevich,Максим Трусевич,metalurh-zaporizhzhia;shakhtar-donetsk,7,
2006,w:1985-12-22:kitsuta,Анатолій Кіцута,arsenal-kyiv;fc-kharkiv,10,
2006,w:1986-03-03:hlavina,Деніс Главіна,dnipro;vorskla-poltava,21,
2007,tm:24026,Костянтин Кравченко,dnipro;shakhtar-donetsk,21,
2007,tm:24049,Руслан Ротань,dnipro;dynamo-kyiv,18,
2007,tm:25845,Олексій Антонов,metalist-kharkiv;zorya-luhansk,27,
2007,tm:25891,Анатолій Діденко,hoverla-uzhhorod;metalist-kharkiv,18,
2007,tm:28179,Младен Бартулович,dnipro;kryvbas,21,
2007,tm:34773,Володимир Прийомов,chornomorets-odesa;shakhtar-donetsk,9,
2007,tm:36238,Руслан Фомін,metalist-kharkiv;shakhtar-donetsk,9,
2007,tm:43299,Едмар,metalist-kharkiv;tavriya-simferopol,27,
2007,tm:57895,Денис Олійник,dynamo-kyiv;naftovyk-okhtyrka,15,
2007,tm:58103,Руслан Платон,fc-kharkiv;hoverla-uzhhorod,24,
2007,tm:58413,Володимир Лисенко,arsenal-kyiv;dynamo-kyiv,11,
2007,tm:58418,Вадим Мілько,dynamo-kyiv;fc-kharkiv,13,
2007,tm:58956,Олександр Максимов,dnipro;fc-kharkiv,4,
2007,w:1973-06-24:tsihmeistruk,Едуард Цихмейструк,vorskla-poltava;zorya-luhansk,22,
2007,w:1977-01-15:platonov,Валентин Платонов,vorskla-poltava;zorya-luhansk,17,
2007,w:1977-09-24:havriushov,Андрій Гаврюшов,metalurh-donetsk;zorya-luhansk,21,
2007,w:1977-10-27:ostapenko,Олег Остапенко,kryvbas;vorskla-poltava,3,
2007,w:1979-02-10:tkachenko,Сергій Ткаченко,metalurh-donetsk;shakhtar-donetsk,7,
2007,w:1979-03-07:tlumak,Андрій Тлумак,metalist-kharkiv;zorya-luhansk,13,
2007,w:1979-06-19:koteliuh,Олег Котелюх,kryvbas;naftovyk-okhtyrka,19,
2007,w:1979-08-31:iarosh,Руслан Ярош,arsenal-kyiv;hoverla-uzhhorod,13,
2007,w:1980-03-21:matiuhin,Сергій Матюхін,dnipro;kryvbas,9,
2007,w:1980-07-27:batista,Батіста,fc-kharkiv;karpaty-lviv,21,
2007,w:1980-09-10:danilav,Олександр Данилов,metalist-kharkiv;metalurh-donetsk,17,
2007,w:1980-09-20:pisni,Андрій Пісний,hoverla-uzhhorod;naftovyk-okhtyrka,15,
2007,w:1981-01-04:kirilchik,Павло Кірильчик,chornomorets-odesa;karpaty-lviv,24,
2007,w:1981-06-10:suchkov,Олексій Сучков,fc-kharkiv;karpaty-lviv,22,
2007,w:1981-07-07:kusli,Артем Куслій,dnipro;naftovyk-okhtyrka,14,
2007,w:1981-08-20:danilovski,Сергій Даниловський,chornomorets-odesa;metalurh-donetsk,23,
2007,w:1982-08-13:balabanov,Костянтин Балабанов,dnipro;naftovyk-okhtyrka,11,
2007,w:1983-01-31:leviha,Руслан Левига,chornomorets-odesa;vorskla-poltava,9,
2007,w:1983-02-28:nvoa,Онєкачі Нвоа,metalist-kharkiv;zorya-luhansk,25,
2007,w:1983-08-11:aladashvili,Кахабер Аладашвілі,fc-kharkiv;hoverla-uzhhorod,18,
2007,w:1987-12-09:alan,Алан,arsenal-kyiv;metalurh-donetsk,16,
2008,tm:15596,Богдан Шершун,arsenal-kyiv;dnipro,19,
2008,tm:17206,Александар Тришович,chornomorets-odesa;metalist-kharkiv,18,
2008,tm:24010,Олександр Грицай,dnipro;kryvbas,12,
2008,tm:24054,Олег Шелаєв,dnipro;kryvbas,15,
2008,tm:25891,Анатолій Діденко,chornomorets-odesa;zorya-luhansk,23,
2008,tm:28179,Младен Бартулович,dnipro;kryvbas,20,
2008,tm:36238,Руслан Фомін,metalist-kharkiv;shakhtar-donetsk,16,
2008,tm:43309,Володимир Гоменюк,dnipro;tavriya-simferopol,30,
2008,tm:43934,Йонуц Мазілу,arsenal-kyiv;dnipro,14,
2008,tm:49000,Ігор Коротецький,mariupol;zorya-luhansk,19,
2008,tm:49008,Віталій Мандзюк,arsenal-kyiv;dynamo-kyiv,21,
2008,tm:49018,Олексій Полянський,mariupol;shakhtar-donetsk,7,
2008,tm:53299,Костянтин Ярошенко,mariupol;vorskla-poltava,21,
2008,tm:57888,Павло Ксьонз,fc-kharkiv;mariupol,18,
2008,tm:57895,Денис Олійник,arsenal-kyiv;metalist-kharkiv,28,
2008,tm:57900,В'ячеслав Сердюк,dnipro;kryvbas,24,
2008,tm:57971,Андрій Березовчук,metalist-kharkiv;metalurh-donetsk,20,
2008,tm:58008,Максим Фещук,karpaty-lviv;tavriya-simferopol,18,
2008,tm:58976,Максим Старцев,dnipro;tavriya-simferopol,22,
2008,tm:59024,Євген Боровик,dnipro;kryvbas,23,
2008,tm:59060,Олександр Іващенко,arsenal-kyiv;mariupol,11,
2008,tm:59076,Сергій Кравченко,dynamo-kyiv;vorskla-poltava,26,
2008,tm:59253,Андрій Бойко,tavriya-simferopol;vorskla-poltava,9,
2008,tm:59423,Олексій Курілов,metalist-kharkiv;zorya-luhansk,11,
2008,tm:59933,Станіслав Богуш,dynamo-kyiv;metalurh-zaporizhzhia,21,
2008,w:1975-01-02:vaschuk,Владислав Ващук,chornomorets-odesa;fc-lviv-2008,19,
2008,w:1975-05-03:sachko,Василь Сачко,kryvbas;vorskla-poltava,24,
2008,w:1977-09-17:husev,Ролан Гусєв,arsenal-kyiv;dnipro,12,
2008,w:1978-11-01:kornev,Андрій Корнєв,chornomorets-odesa;tavriya-simferopol,21,
2008,w:1979-02-15:babich,Олександр Бабич,chornomorets-odesa;metalist-kharkiv,7,
2008,w:1979-07-06:karitska,Володимир Коритько,chornomorets-odesa;metalurh-donetsk,23,
2008,w:1979-08-01:djurichich,Саша Джурічич,tavriya-simferopol;vorskla-poltava,12,
2008,w:1980-03-21:matiuhin,Сергій Матюхін,arsenal-kyiv;kryvbas,15,
2008,w:1980-04-12:andrenko,Денис Андрієнко,dnipro;kryvbas,10,
2008,w:1981-01-23:kabanov,Тарас Кабанов,fc-kharkiv;metalurh-zaporizhzhia,13,
2008,w:1984-02-09:eschenko,Андрій Єщенко,arsenal-kyiv;dnipro,17,
2008,w:1985-06-07:shmakov,Євгеній Шмаков,arsenal-kyiv;tavriya-simferopol,9,
2009,tm:17206,Александар Тришович,hoverla-uzhhorod;metalist-kharkiv,20,
2009,tm:24032,Віталій Лисицький,dnipro;kryvbas,21,
2009,tm:25845,Олексій Антонов,metalist-kharkiv;zorya-luhansk,22,
2009,tm:35908,Мірко Райчевич,chornomorets-odesa;hoverla-uzhhorod,18,
2009,tm:38297,Богдан Шуст,metalurh-donetsk;zorya-luhansk,12,
2009,tm:41885,Сергій Сілюк,metalurh-zaporizhzhia;zorya-luhansk,16,
2009,tm:49008,Віталій Мандзюк,dnipro;dynamo-kyiv,9,
2009,tm:49018,Олексій Полянський,shakhtar-donetsk;zorya-luhansk,17,
2009,tm:54816,Дмитро Льопа,dnipro;kryvbas,14,
2009,tm:58970,Євген Шахов,arsenal-kyiv;dnipro,8,
2009,tm:59076,Сергій Кравченко,dnipro;dynamo-kyiv,13,
2009,tm:59389,Микола Морозюк,kryvbas;obolon-kyiv,26,
2009,tm:59440,Антон Поступаленко,hoverla-uzhhorod;metalist-kharkiv,3,
2009,tm:87097,Сергій Рудика,metalurh-zaporizhzhia;zorya-luhansk,14,
2009,tm:91365,Андрій Воронков,kryvbas;obolon-kyiv,27,
2009,tm:91931,Денис Бойко,dynamo-kyiv;obolon-kyiv,16,
2009,tm:94931,Віталій Віценець,shakhtar-donetsk;zorya-luhansk,9,
2009,w:1979-09-14:kozoriz,Іван Козоріз,hoverla-uzhhorod;mariupol,18,
2009,w:1981-01-03:donets,Андрій Донець,hoverla-uzhhorod;tavriya-simferopol,14,
2009,w:1981-08-02:komarnitski,Віталій Комарницький,hoverla-uzhhorod;kryvbas,24,
2009,w:1981-08-20:danilovski,Сергій Даниловський,kryvbas;metalurh-donetsk,16,
2009,w:1981-12-13:chamba,Поль Ессола,arsenal-kyiv;dnipro,5,
2009,w:1983-07-15:malish,Ігор Малиш,hoverla-uzhhorod;obolon-kyiv,6,
2009,w:1983-07-20:bito,Сендлей Біто,arsenal-kyiv;hoverla-uzhhorod,7,
2009,w:1984-04-30:karamushka,Олег Карамушка,obolon-kyiv;tavriya-simferopol,8,
2009,w:1985-02-24:iatsenko,Олександр Яценко,chornomorets-odesa;mariupol,18,
2009,w:1985-05-10:vorobei,Дмитро Воробей,kryvbas;mariupol,8,
2009,w:1985-12-22:kitsuta,Анатолій Кіцута,kryvbas;obolon-kyiv,28,
2009,w:1986-01-16:timchenko,Ігор Тимченко,hoverla-uzhhorod;vorskla-poltava,10,
2009,w:1989-04-27:bili,Максим Білий,metalurh-zaporizhzhia;zorya-luhansk,14,
2010,tm:120211,Максим Коваль,dynamo-kyiv;metalurh-zaporizhzhia,15,
2010,tm:12064,Ігор Скоба,sevastopol;volyn-lutsk,20,
2010,tm:23379,Володимир Польовий,arsenal-kyiv;metalurh-zaporizhzhia,27,
2010,tm:24000,В'ячеслав Чечер,karpaty-lviv;metalurh-donetsk,21,
2010,tm:24026,Костянтин Кравченко,mariupol;shakhtar-donetsk,7,
2010,tm:28179,Младен Бартулович,arsenal-kyiv;kryvbas,21,
2010,tm:29671,Олег Шандрук,sevastopol;volyn-lutsk,22,
2010,tm:38297,Богдан Шуст,mariupol;zorya-luhansk,16,
2010,tm:43308,Денис Голайдо,metalurh-donetsk;tavriya-simferopol,21,
2010,tm:43332,Олександр Ковпак,arsenal-kyiv;tavriya-simferopol,23,
2010,tm:43393,Григорій Ярмаш,vorskla-poltava;zorya-luhansk,18,
2010,tm:49022,Віталій Руденко,karpaty-lviv;metalurh-zaporizhzhia,10,
2010,tm:53270,Олександр Гладкий,dnipro;shakhtar-donetsk,24,
2010,tm:55735,Генріх Мхітарян,metalurh-donetsk;shakhtar-donetsk,25,
2010,tm:56698,Александер Кобахідзе,arsenal-kyiv;kryvbas,3,
2010,tm:57901,В'ячеслав Шарпар,metalist-kharkiv;volyn-lutsk,22,
2010,tm:58417,Станіслав Микицей,mariupol;zorya-luhansk,16,
2010,tm:58976,Максим Старцев,metalist-kharkiv;tavriya-simferopol,9,
2010,tm:59423,Олексій Курілов,tavriya-simferopol;vorskla-poltava,6,
2010,tm:59896,Дмитро Хомченовський,kryvbas;zorya-luhansk,18,
2010,tm:59982,Володимир Аржанов,arsenal-kyiv;metalurh-zaporizhzhia,27,
2010,tm:82599,Валерій Федорчук,dnipro;kryvbas,19,
2010,tm:94923,Ігор Чайковський,mariupol;zorya-luhansk,23,
2010,tm:94925,Єгор Картушов,mariupol;zorya-luhansk,20,
2010,tm:94931,Віталій Віценець,shakhtar-donetsk;zorya-luhansk,21,
2010,w:1982-02-12:ahahova,Джуліус Агахова,sevastopol;shakhtar-donetsk,11,
2010,w:1984-03-19:nevmivaka,Дмитро Невмивака,mariupol;metalurh-zaporizhzhia,30,
2010,w:1985-05-21:lisovi,Максим Лісовий,sevastopol;volyn-lutsk,3,
2010,w:1988-10-14:djenison,Дженісон,karpaty-lviv;sevastopol,12,
2011,tm:120144,Євген Будник,metalist-kharkiv;vorskla-poltava,8,
2011,tm:121026,Юрій Путраш,obolon-kyiv;tavriya-simferopol,24,
2011,tm:15593,Сергій Самодін,arsenal-kyiv;kryvbas,23,
2011,tm:24010,Олександр Грицай,arsenal-kyiv;zorya-luhansk,25,
2011,tm:25845,Олексій Антонов,dnipro;kryvbas,17,
2011,tm:37303,Желько Любенович,oleksandriya;tavriya-simferopol,27,
2011,tm:38297,Богдан Шуст,mariupol;shakhtar-donetsk,13,
2011,tm:53270,Олександр Гладкий,dnipro;karpaty-lviv,12,
2011,tm:54816,Дмитро Льопа,dnipro;kryvbas,10,
2011,tm:55115,Давид Таргамадзе,mariupol;oleksandriya,26,
2011,tm:57888,Павло Ксьонз,karpaty-lviv;oleksandriya,25,
2011,tm:58020,Самсон Годвін,karpaty-lviv;volyn-lutsk,10,
2011,tm:59266,Ілля Галюза,tavriya-simferopol;zorya-luhansk,17,
2011,tm:59269,Лакі Ідахор,tavriya-simferopol;zorya-luhansk,20,
2011,tm:59893,Олександр Романчук,metalist-kharkiv;volyn-lutsk,10,
2011,tm:94926,Олександр Кас'ян,karpaty-lviv;mariupol,11,
2011,w:1978-11-01:kornev,Андрій Корнєв,obolon-kyiv;tavriya-simferopol,16,
2011,w:1981-01-29:pischur,Олександр Пищур,tavriya-simferopol;volyn-lutsk,18,
2011,w:1989-09-24:zaharevich,Ярослав Захаревич,kryvbas;obolon-kyiv,4,
2011,w:1990-10-10:fanendo,Фанендо Аді,dynamo-kyiv;tavriya-simferopol,12,
2012,tm:102572,Юрій Паньків,arsenal-kyiv;metalurh-donetsk,21,
2012,tm:124182,Сергій Сидорчук,dynamo-kyiv;metalurh-zaporizhzhia,17,
2012,tm:127349,Майкон Олівейра,shakhtar-donetsk;zorya-luhansk,8,
2012,tm:130041,Дмитро Гречишкін,mariupol;shakhtar-donetsk,22,
2012,tm:140561,Майкл Одібе,arsenal-kyiv;dnipro,17,
2012,tm:155964,Андрій Цуріков,dynamo-kyiv;metalurh-zaporizhzhia,18,
2012,tm:206717,Едуард Соболь,metalurh-zaporizhzhia;shakhtar-donetsk,14,
2012,tm:23379,Володимир Польовий,arsenal-kyiv;metalurh-donetsk,27,
2012,tm:24061,Сергій Валяєв,arsenal-kyiv;hoverla-uzhhorod,13,
2012,tm:25758,Джаба Канкава,dnipro;kryvbas,24,
2012,tm:41885,Сергій Сілюк,vorskla-poltava;zorya-luhansk,11,
2012,tm:43359,Павло Ребенок,metalist-kharkiv;vorskla-poltava,19,
2012,tm:49000,Ігор Коротецький,metalurh-zaporizhzhia;zorya-luhansk,19,
2012,tm:56698,Александер Кобахідзе,arsenal-kyiv;dnipro,21,
2012,tm:57901,В'ячеслав Шарпар,arsenal-kyiv;metalist-kharkiv,18,
2012,tm:58072,Ярослав Мартинюк,arsenal-kyiv;karpaty-lviv,14,
2012,tm:58150,Андрій Ткачук,arsenal-kyiv;karpaty-lviv,20,
2012,tm:58413,Володимир Лисенко,hoverla-uzhhorod;metalist-kharkiv,11,
2012,tm:58427,Кирило Петров,hoverla-uzhhorod;kryvbas,25,
2012,tm:58970,Євген Шахов,arsenal-kyiv;dnipro,15,
2012,tm:59024,Євген Боровик,arsenal-kyiv;kryvbas,18,
2012,tm:59411,Марко Девич,metalist-kharkiv;shakhtar-donetsk,22,
2012,tm:59442,Євген Селін,dynamo-kyiv;vorskla-poltava,22,
2012,tm:59826,Олег Герасимюк,arsenal-kyiv;volyn-lutsk,14,
2012,tm:59893,Олександр Романчук,arsenal-kyiv;tavriya-simferopol,21,
2012,tm:59908,Євген Селезньов,dnipro;shakhtar-donetsk,25,
2012,tm:59913,Артем Старгородський,arsenal-kyiv;chornomorets-odesa,22,
2012,tm:59982,Володимир Аржанов,arsenal-kyiv;volyn-lutsk,24,
2012,tm:68915,Олег Краснопьоров,metalist-kharkiv;vorskla-poltava,29,
2012,tm:76028,Тайсон,metalist-kharkiv;shakhtar-donetsk,24,
2012,tm:8669,Мілан Обрадович,arsenal-kyiv;metalist-kharkiv,12,
2012,tm:91727,Андрій Гітченко,arsenal-kyiv;kryvbas,20,
2012,tm:92567,Андрій Богданов,arsenal-kyiv;dynamo-kyiv,18,
2012,tm:97567,Роман Безус,dynamo-kyiv;vorskla-poltava,25,
2012,tm:9779,Віталій Рева,arsenal-kyiv;kryvbas,16,
2012,tm:9796,Олександр Алієв,dnipro;dynamo-kyiv,15,
2012,tm:9798,Максим Шацьких,arsenal-kyiv;chornomorets-odesa,24,
2013,tm:105362,Адольф Тейку,chornomorets-odesa;metalurh-zaporizhzhia,21,
2013,tm:127349,Майкон Олівейра,mariupol;shakhtar-donetsk,12,
2013,tm:130041,Дмитро Гречишкін,mariupol;shakhtar-donetsk,17,
2013,tm:137939,Торніке Окріашвілі,chornomorets-odesa;mariupol,20,
2013,tm:216842,Микола Вечурко,arsenal-kyiv;hoverla-uzhhorod,10,
2013,tm:236468,Артем Шабанов,arsenal-kyiv;volyn-lutsk,5,
2013,tm:34773,Володимир Прийомов,chornomorets-odesa;metalurh-zaporizhzhia,23,
2013,tm:42641,Андрій Хомин,arsenal-kyiv;hoverla-uzhhorod,17,
2013,tm:43288,Олександр Чижов,mariupol;sevastopol,7,
2013,tm:43297,Дебатік Цуррі,hoverla-uzhhorod;sevastopol,12,
2013,tm:43309,Володимир Гоменюк,arsenal-kyiv;metalist-kharkiv,19,
2013,tm:43359,Павло Ребенок,chornomorets-odesa;vorskla-poltava,29,
2013,tm:57888,Павло Ксьонз,karpaty-lviv;metalist-kharkiv,26,
2013,tm:57901,В'ячеслав Шарпар,arsenal-kyiv;hoverla-uzhhorod,20,
2013,tm:58008,Максим Фещук,hoverla-uzhhorod;tavriya-simferopol,24,
2013,tm:58413,Володимир Лисенко,hoverla-uzhhorod;sevastopol,23,
2013,tm:58956,Олександр Максимов,metalurh-zaporizhzhia;sevastopol,15,
2013,tm:59024,Євген Боровик,arsenal-kyiv;metalurh-zaporizhzhia,13,
2013,tm:59826,Олег Герасимюк,arsenal-kyiv;hoverla-uzhhorod,15,
2013,tm:59893,Олександр Романчук,arsenal-kyiv;vorskla-poltava,17,
2013,tm:59933,Станіслав Богуш,arsenal-kyiv;vorskla-poltava,3,
2013,tm:59982,Володимир Аржанов,arsenal-kyiv;chornomorets-odesa,24,
2013,tm:76071,Леандро,hoverla-uzhhorod;volyn-lutsk,15,
2013,tm:91563,Олексій Бабир,hoverla-uzhhorod;volyn-lutsk,5,
2013,tm:92567,Андрій Богданов,arsenal-kyiv;metalist-kharkiv,16,
2013,tm:92575,Юрій Габовда,karpaty-lviv;tavriya-simferopol,18,
2013,tm:9798,Максим Шацьких,arsenal-kyiv;hoverla-uzhhorod,19,
2013,tm:99863,Пилип Будківський,sevastopol;zorya-luhansk,15,
2014,tm:167556,Владислав Кулач,mariupol;metalurh-zaporizhzhia,21,
2014,tm:23379,Володимир Польовий,dnipro;volyn-lutsk,12,
2014,tm:24043,Сергій Назаренко,chornomorets-odesa;metalist-kharkiv,18,
2014,tm:244271,Олександр Сваток,dnipro;volyn-lutsk,9,
2014,tm:25732,Дмитро Чигринський,dnipro;shakhtar-donetsk,3,
2014,tm:264063,Сергій Болбат,metalist-kharkiv;shakhtar-donetsk,18,
2014,tm:277777,Андрій Тотовицький,mariupol;zorya-luhansk,23,
2014,tm:34773,Володимир Прийомов,metalist-kharkiv;metalurh-zaporizhzhia,25,
2014,tm:38297,Богдан Шуст,metalist-kharkiv;volyn-lutsk,14,
2014,tm:39253,Антон Шиндер,chornomorets-odesa;vorskla-poltava,18,
2014,tm:49000,Ігор Коротецький,hoverla-uzhhorod;metalurh-zaporizhzhia,6,
2014,tm:49030,Денис Васін,chornomorets-odesa;mariupol,14,
2014,tm:55484,Марсіо Азеведо,metalist-kharkiv;shakhtar-donetsk,5,
2014,tm:57888,Павло Ксьонз,dnipro;karpaty-lviv,26,
2014,tm:57901,В'ячеслав Шарпар,metalurh-donetsk;volyn-lutsk,18,
2014,tm:58035,Микола Іщенко,mariupol;metalist-kharkiv,13,
2014,tm:58252,Сергій Сімінін,volyn-lutsk;vorskla-poltava,24,
2014,tm:58606,Сергій Політило,dnipro;volyn-lutsk,14,
2014,tm:58933,Євген Бохашвілі,dnipro;volyn-lutsk,2,
2014,tm:59249,Іван Матяж,mariupol;metalurh-zaporizhzhia,14,
2014,tm:59414,Папа Гуйе,dnipro;metalist-kharkiv,16,
2014,tm:59434,Артем Путівцев,mariupol;metalurh-donetsk,22,
2014,tm:59442,Євген Селін,dynamo-kyiv;metalist-kharkiv,13,
2014,tm:62515,Іван Бобко,chornomorets-odesa;metalist-kharkiv,19,
2014,tm:69913,Кирило Ковальчук,chornomorets-odesa;metalist-kharkiv,24,
2014,tm:82599,Валерій Федорчук,dnipro;volyn-lutsk,21,
2014,tm:86931,Євген Опанасенко,chornomorets-odesa;zorya-luhansk,18,
2014,tm:89556,Віталій Федотов,mariupol;metalurh-donetsk,21,
2014,tm:90768,Ярослав Олійник,chornomorets-odesa;olimpik-donetsk,7,
2014,tm:91419,Олексій Довгий,mariupol;metalist-kharkiv,14,
2014,tm:97567,Роман Безус,dnipro;dynamo-kyiv,20,
2015,tm:120262,Дмитро Немчанінов,chornomorets-odesa;olimpik-donetsk,12,
2015,tm:121026,Юрій Путраш,oleksandriya;stal-kamianske,15,
2015,tm:123543,Артем Сухоцький,oleksandriya;zorya-luhansk,22,
2015,tm:129646,Артур Рудько,dynamo-kyiv;hoverla-uzhhorod,16,
2015,tm:166745,Гегам Кадимян,karpaty-lviv;olimpik-donetsk,23,
2015,tm:176412,Олексій Хобленко,chornomorets-odesa;hoverla-uzhhorod,19,
2015,tm:222079,Руслан Степанюк,oleksandriya;olimpik-donetsk,7,
2015,tm:24043,Сергій Назаренко,dnipro;metalist-kharkiv,8,
2015,tm:248931,Олександр Каплієнко,metalist-kharkiv;metalurh-zaporizhzhia,22,
2015,tm:273663,Володимир Адамюк,dnipro;stal-kamianske,19,
2015,tm:296781,Станіслав Куліш,metalist-kharkiv;oleksandriya,16,
2015,tm:305415,Артем Бєсєдін,dynamo-kyiv;metalist-kharkiv,12,
2015,tm:321417,Микита Татарков,chornomorets-odesa;metalurh-zaporizhzhia,24,
2015,tm:383623,Ілля Корнєв,metalist-kharkiv;metalurh-zaporizhzhia,15,
2015,tm:56698,Александер Кобахідзе,dnipro;volyn-lutsk,14,
2015,tm:58606,Сергій Політило,dnipro;volyn-lutsk,23,
2015,tm:59440,Антон Поступаленко,olimpik-donetsk;stal-kamianske,17,
2015,tm:62610,Дмитро Хльобас,hoverla-uzhhorod;vorskla-poltava,23,
2015,tm:91419,Олексій Довгий,metalist-kharkiv;vorskla-poltava,19,
2015,tm:91425,Юрій Коломоєць,oleksandriya;vorskla-poltava,19,
2016,tm:108710,Владислав Калітвінцев,chornomorets-odesa;zorya-luhansk,21,
2016,tm:156128,Андрій Пилявський,vorskla-poltava;zorya-luhansk,15,
2016,tm:166745,Гегам Кадимян,karpaty-lviv;zorya-luhansk,11,
2016,tm:181006,Густаво Бланко Лещук,karpaty-lviv;shakhtar-donetsk,28,
2016,tm:202840,Максим Драченко,olimpik-donetsk;zirka-kropyvnytskyi,17,
2016,tm:211734,Артем Філімонов,chornomorets-odesa;karpaty-lviv,24,
2016,tm:221958,Роман Яремчук,dynamo-kyiv;oleksandriya,23,
2016,tm:236468,Артем Шабанов,stal-kamianske;volyn-lutsk,27,
2016,tm:242279,Олексій Дитятьєв,karpaty-lviv;vorskla-poltava,29,
2016,tm:255635,Євген Чумак,karpaty-lviv;zirka-kropyvnytskyi,8,
2016,tm:265267,Віктор Хомченко,karpaty-lviv;volyn-lutsk,12,
2016,tm:53270,Олександр Гладкий,dynamo-kyiv;karpaty-lviv,21,
2016,tm:58016,Олег Голодюк,karpaty-lviv;vorskla-poltava,13,
2016,tm:58252,Сергій Сімінін,oleksandriya;vorskla-poltava,21,
2016,tm:59024,Євген Боровик,chornomorets-odesa;karpaty-lviv,31,
2016,tm:92567,Андрій Богданов,olimpik-donetsk;volyn-lutsk,24,
2017,tm:110028,Артем Чорній,chornomorets-odesa;oleksandriya,7,
2017,tm:121009,Максим Каленчук,oleksandriya;veres-rivne,16,
2017,tm:170354,Сергій Вакуленко,mariupol;olimpik-donetsk,17,
2017,tm:213980,В'ячеслав Танковський,mariupol;shakhtar-donetsk,10,
2017,tm:236468,Артем Шабанов,dynamo-kyiv;olimpik-donetsk,17,
2017,tm:248935,Павло Лук'янчук,olimpik-donetsk;veres-rivne,11,
2017,tm:263217,Руслан Кисіль,mariupol;olimpik-donetsk,11,
2017,tm:287792,Олександр Тимчик,stal-kamianske;zorya-luhansk,17,
2017,tm:289059,Микола Матвієнко,shakhtar-donetsk;vorskla-poltava,18,
2017,tm:294780,Олександр Піхальонок,mariupol;shakhtar-donetsk,4,
2017,tm:296781,Станіслав Куліш,oleksandriya;veres-rivne,14,
2017,tm:315236,Геннадій Пасіч,olimpik-donetsk;veres-rivne,19,
2017,tm:315237,Євген Пасіч,olimpik-donetsk;veres-rivne,15,
2017,tm:397464,Леонідас,olimpik-donetsk;zorya-luhansk,5,
2017,tm:49030,Денис Васін,chornomorets-odesa;vorskla-poltava,15,
2017,tm:526365,Гуттінер,chornomorets-odesa;olimpik-donetsk,7,
2017,tm:58035,Микола Іщенко,chornomorets-odesa;veres-rivne,12,
2017,tm:58403,Денис Кожанов,mariupol;veres-rivne,21,
2018,tm:108710,Владислав Калітвінцев,arsenal-kyiv;dynamo-kyiv,3,
2018,tm:120262,Дмитро Немчанінов,desna-chernihiv;olimpik-donetsk,9,
2018,tm:130040,Олександр Голіков,chornomorets-odesa;pfk-lviv,19,
2018,tm:166745,Гегам Кадимян,arsenal-kyiv;vorskla-poltava,8,
2018,tm:170354,Сергій Вакуленко,arsenal-kyiv;olimpik-donetsk,14,
2018,tm:243841,Михайло Сергійчук,desna-chernihiv;vorskla-poltava,14,
2018,tm:396532,Євген Смирний,dynamo-kyiv;mariupol,2,
2018,tm:43332,Олександр Ковпак,arsenal-kyiv;desna-chernihiv,11,
2018,tm:467240,Андрій Кожухар,desna-chernihiv;dynamo-kyiv,2,
2018,tm:573930,Євген Білокінь,mariupol;shakhtar-donetsk,2,
2018,tm:95129,Євген Морозенко,chornomorets-odesa;olimpik-donetsk,6,
2018,tm:96498,Олександр Насонов,arsenal-kyiv;pfk-lviv,13,
2019,tm:168292,Леван Арвеладзе,desna-chernihiv;zorya-luhansk,10,
2019,tm:193323,Максим Дегтярьов,desna-chernihiv;olimpik-donetsk,19,
2019,tm:273663,Володимир Адамюк,dnipro-1;pfk-lviv,7,
2019,tm:274058,Франсіско Ді Франко,dnipro-1;karpaty-lviv,18,
2019,tm:296366,Олексій Гуцуляк,desna-chernihiv;karpaty-lviv,14,
2019,tm:315236,Геннадій Пасіч,karpaty-lviv;olimpik-donetsk,12,
2019,tm:366729,Назарій Русин,dynamo-kyiv;zorya-luhansk,17,
2019,tm:375659,Герман Пеньков,olimpik-donetsk;pfk-lviv,5,
2019,tm:375955,Єгор Клименчук,olimpik-donetsk;pfk-lviv,5,
2019,tm:383565,Назар Вербний,karpaty-lviv;olimpik-donetsk,9,
2019,tm:396536,Роман Вантух,oleksandriya;olimpik-donetsk,12,
2019,tm:427100,Матар Дієй,karpaty-lviv;olimpik-donetsk,13,
2019,tm:92567,Андрій Богданов,desna-chernihiv;kolos-kovalivka,15,
2019,tm:99863,Пилип Будківський,desna-chernihiv;zorya-luhansk,15,
2020,tm:269371,Денис Безбородько,desna-chernihiv;oleksandriya,21,
2020,tm:295613,Іван Брікнер,pfk-lviv;rukh-lviv,16,
2020,tm:343151,Іван Калюжний,oleksandriya;rukh-lviv,8,
2020,tm:350828,Шахаб Захеді,olimpik-donetsk;zorya-luhansk,23,
2020,tm:359678,Ернест Антві,pfk-lviv;rukh-lviv,17,
2020,tm:376082,Данило Ігнатенко,dnipro-1;mariupol,20,
2020,tm:383198,Ілля Шевцов,desna-chernihiv;inhulets-petrove,15,
2020,tm:404851,Денис Янаков,inhulets-petrove;zorya-luhansk,14,
2020,tm:419067,Георгій Цитаїшвілі,dynamo-kyiv;vorskla-poltava,8,
2020,tm:467244,Кирило Меліченко,mariupol;minaj,20,
2020,tm:49030,Денис Васін,inhulets-petrove;vorskla-poltava,13,
2020,tm:498899,Тарас Саків,minaj;rukh-lviv,20,
2020,tm:537860,Михайло Мудрик,desna-chernihiv;shakhtar-donetsk,13,
2020,tm:574215,Олександр Кожевников,mariupol;vorskla-poltava,2,
2020,tm:576022,Владислав Ємець,kolos-kovalivka;zorya-luhansk,7,
2020,tm:62610,Дмитро Хльобас,desna-chernihiv;kolos-kovalivka,12,
2020,tm:91419,Олексій Довгий,oleksandriya;pfk-lviv,17,
2020,tm:94923,Ігор Чайковський,inhulets-petrove;zorya-luhansk,6,
2021,tm:296366,Олексій Гуцуляк,desna-chernihiv;dnipro-1,15,
2021,tm:418896,Станіслав Сорокін,kolos-kovalivka;pfk-lviv,3,
2021,tm:520517,Михаіл Гечев,minaj;veres-rivne,24,
2021,tm:522091,Ренан Олівейра,kolos-kovalivka;pfk-lviv,17,
2021,tm:539436,Крістіан Біловар,chornomorets-odesa;desna-chernihiv,9,
2022,tm:107803,Максим Білий,chornomorets-odesa;rukh-lviv,7,
2022,tm:110688,Сергій Логінов,dnipro-1;oleksandriya,21,
2022,tm:168041,Михайло Шишка,minaj;pfk-lviv,23,
2022,tm:173079,Олександр Васильєв,chornomorets-odesa;pfk-lviv,27,
2022,tm:177818,Андрій Блізніченко,inhulets-petrove;veres-rivne,19,
2022,tm:19619,Олександр Рибка,metalist-kharkiv;pfk-lviv,17,
2022,tm:203854,Андрій Борячук,metalist-1925;shakhtar-donetsk,10,
2022,tm:210689,Владислав Кабаєв,dynamo-kyiv;zorya-luhansk,22,
2022,tm:213980,В'ячеслав Танковський,dnipro-1;metalist-kharkiv,21,
2022,tm:216579,Павло Полегенько,pfk-lviv;zorya-luhansk,21,
2022,tm:244904,Артур Авагімян,chornomorets-odesa;oleksandriya,20,
2022,tm:248931,Олександр Каплієнко,dnipro-1;metalist-kharkiv,21,
2022,tm:269371,Денис Безбородько,kolos-kovalivka;zorya-luhansk,25,
2022,tm:292396,Валерій Юрчук,dnipro-1;pfk-lviv,3,
2022,tm:315237,Євген Пасіч,dnipro-1;veres-rivne,25,
2022,tm:337198,Богдан Бойчук,metalist-kharkiv;rukh-lviv,20,
2022,tm:343175,Ахмед Алібеков,pfk-lviv;zorya-luhansk,14,
2022,tm:353584,Сергій Петько,chornomorets-odesa;minaj,14,
2022,tm:370399,Микита Кравченко,dynamo-kyiv;kolos-kovalivka,16,
2022,tm:401822,Максим Луньов,kryvbas;zorya-luhansk,21,
2022,tm:404845,Владислав Наумець,chornomorets-odesa;metalist-kharkiv,28,
2022,tm:404847,Олексій Хахльов,minaj;zorya-luhansk,26,
2022,tm:418891,Олександр Мельник,minaj;oleksandriya,17,
2022,tm:429157,Юрій Козиренко,inhulets-petrove;vorskla-poltava,18,
2022,tm:430190,Єгор Назарина,shakhtar-donetsk;zorya-luhansk,24,
2022,tm:449084,Олег Білик,inhulets-petrove;oleksandriya,19,
2022,tm:461666,Максим Мельничук,inhulets-petrove;vorskla-poltava,11,
2022,tm:463845,Олександр Демченко,chornomorets-odesa;oleksandriya,26,
2022,tm:501417,Кирило Дришлюк,oleksandriya;zorya-luhansk,25,
2022,tm:520517,Михаіл Гечев,minaj;veres-rivne,17,
2022,tm:59978,Євген Задоя,chornomorets-odesa;kolos-kovalivka,8,
2022,tm:626475,Микола Михайленко,oleksandriya;zorya-luhansk,19,
2022,tm:678783,Євген Підлепенець,dnipro-1;metalist-kharkiv,22,
2022,tm:723621,Денис Кузик,kolos-kovalivka;pfk-lviv,17,
2022,tm:726014,Максим Дячук,dynamo-kyiv;oleksandriya,19,
2022,tm:726034,Назар Волошин,dynamo-kyiv;kryvbas,26,
2022,tm:751363,Данило Кравчук,inhulets-petrove;vorskla-poltava,13,
2022,tm:755174,Данило Алефіренко,chornomorets-odesa;zorya-luhansk,19,
2023,tm:1045568,Данило Голуб,chornomorets-odesa;minaj,6,
2023,tm:111072,Владислав Огіря,chornomorets-odesa;polissya-zhytomyr,13,
2023,tm:157373,Владлен Юрченко,metalist-1925;vorskla-poltava,22,
2023,tm:193158,Сергій Мякушко,kolos-kovalivka;vorskla-poltava,26,
2023,tm:242272,Євген Банада,lnz-cherkasy;veres-rivne,11,
2023,tm:244904,Артур Авагімян,chornomorets-odesa;oleksandriya,26,
2023,tm:245048,Василь Кравець,dnipro-1;polissya-zhytomyr,21,
2023,tm:248931,Олександр Каплієнко,dnipro-1;lnz-cherkasy,18,
2023,tm:343151,Іван Калюжний,lnz-cherkasy;oleksandriya,24,
2023,tm:359796,Дмитро Шастал,polissya-zhytomyr;veres-rivne,23,
2023,tm:365692,Дмитро Топалов,kolos-kovalivka;shakhtar-donetsk,17,
2023,tm:375657,Владислав Шаповал,chornomorets-odesa;polissya-zhytomyr,5,
2023,tm:380376,Євген Морозко,polissya-zhytomyr;veres-rivne,16,
2023,tm:381430,Фабрісіо Альваренга,chornomorets-odesa;rukh-lviv,9,
2023,tm:404851,Денис Янаков,polissya-zhytomyr;veres-rivne,11,
2023,tm:418891,Олександр Мельник,minaj;veres-rivne,9,
2023,tm:448783,Максим Грисьо,chornomorets-odesa;obolon-kyiv,13,
2023,tm:526578,Владислав Вакула,chornomorets-odesa;minaj,22,
2023,tm:562484,Олег Вишневський,minaj;obolon-kyiv,23,
2023,tm:622410,Денис Устименко,kryvbas;minaj,20,
2023,tm:625144,Владислав Семотюк,kryvbas;minaj,19,
2023,tm:708241,Олег Очеретько,dnipro-1;shakhtar-donetsk,16,
2023,tm:726035,Кирило Попов,kolos-kovalivka;minaj,10,
2023,tm:726036,Артур Микитишин,kryvbas;oleksandriya,11,
2023,tm:745252,Артем Кулаковський,oleksandriya;vorskla-poltava,13,
2023,tm:758845,Єгор Твердохліб,kryvbas;minaj,22,
2023,tm:935039,Мар'ян Фарина,metalist-1925;shakhtar-donetsk,23,
2024,tm:1045187,Ігор Краснопір,karpaty-lviv;rukh-lviv,30,
2024,tm:1082633,Венделл,polissya-zhytomyr;veres-rivne,9,
2024,tm:1140013,Володимир Вілівальд,inhulets-petrove;kryvbas,14,
2024,tm:207074,Олександр Андрієвський,dynamo-kyiv;polissya-zhytomyr,19,
2024,tm:213976,Ігор Харатін,kolos-kovalivka;veres-rivne,15,
2024,tm:244904,Артур Авагімян,lnz-cherkasy;oleksandriya,16,
2024,tm:248934,Валерій Лучкевич,dynamo-kyiv;kolos-kovalivka,5,
2024,tm:269371,Денис Безбородько,chornomorets-odesa;kolos-kovalivka,19,
2024,tm:342609,Микола Ковталюк,kolos-kovalivka;vorskla-poltava,25,
2024,tm:359796,Дмитро Шастал,livyi-bereh-kyiv;polissya-zhytomyr,18,
2024,tm:365692,Дмитро Топалов,kolos-kovalivka;lnz-cherkasy,18,
2024,tm:419061,Владислав Супряга,dynamo-kyiv;zorya-luhansk,11,
2024,tm:428603,Богдан Кушніренко,lnz-cherkasy;polissya-zhytomyr,15,
2024,tm:495923,Олег Ільїн,kolos-kovalivka;obolon-kyiv,16,
2024,tm:502842,Едуардо Герреро,dynamo-kyiv;zorya-luhansk,21,
2024,tm:549960,Тимур Стецков,karpaty-lviv;kryvbas,12,
2024,tm:622410,Денис Устименко,karpaty-lviv;obolon-kyiv,25,
2024,tm:623319,Олександр Драмбаєв,kryvbas;lnz-cherkasy,28,
2024,tm:624920,Бені Макуана,lnz-cherkasy;polissya-zhytomyr,13,
2024,tm:633850,Артур Рябов,karpaty-lviv;rukh-lviv,16,
2024,tm:718409,Владислав Погорілий,oleksandriya;rukh-lviv,8,
2024,tm:748838,Юрій Тлумак,karpaty-lviv;rukh-lviv,7,
2024,tm:748939,Олексій Сич,karpaty-lviv;rukh-lviv,20,
2024,tm:755175,Володимир Білоцерковець,inhulets-petrove;zorya-luhansk,26,
2024,tm:773961,Олег Федор,karpaty-lviv;rukh-lviv,26,
2024,tm:892025,Антон Салабай,kolos-kovalivka;vorskla-poltava,20,
2024,tm:892054,Еміль Мустафаєв,chornomorets-odesa;polissya-zhytomyr,21,
2024,tm:935095,Навін Малиш,dynamo-kyiv;vorskla-poltava,13,
2024,tm:936825,Ілля Квасниця,karpaty-lviv;rukh-lviv,24,
2025,tm:1038054,Ярослав Кисіль,kudrivka;lnz-cherkasy,2,
2025,tm:1041630,Проспер Оба,lnz-cherkasy;shakhtar-donetsk,26,
2025,tm:1045187,Ігор Краснопір,karpaty-lviv;polissya-zhytomyr,29,
2025,tm:1050852,Віталій Холод,karpaty-lviv;rukh-lviv,26,
2025,tm:1061628,Євген Пастух,lnz-cherkasy;rukh-lviv,30,
2025,tm:1111025,Бабукарр Фаал,karpaty-lviv;rukh-lviv,26,
2025,tm:1138480,Микола Киричок,karpaty-lviv;rukh-lviv,5,
2025,tm:1159925,Сергій Корнійчук,polissya-zhytomyr;veres-rivne,13,
2025,tm:140676,Кирило Ковалець,epicentr;oleksandriya,12,
2025,tm:216579,Павло Полегенько,karpaty-lviv;obolon-kyiv,25,
2025,tm:248938,Максим Третьяков,kolos-kovalivka;obolon-kyiv,21,
2025,tm:428603,Богдан Кушніренко,lnz-cherkasy;zorya-luhansk,22,
2025,tm:533537,Ростислав Лях,karpaty-lviv;rukh-lviv,29,
2025,tm:548993,Андре Гонсалвеш,polissya-zhytomyr;veres-rivne,16,
2025,tm:624808,Ілір Краснічі,kolos-kovalivka;polissya-zhytomyr,26,
2025,tm:666943,Валентин Рубчинський,dynamo-kyiv;karpaty-lviv,11,
2025,tm:686332,Едсон Фернандо,karpaty-lviv;rukh-lviv,20,
2025,tm:695310,Максим Брагару,dynamo-kyiv;polissya-zhytomyr,27,
2025,tm:717392,Антон Глущенко,kudrivka;shakhtar-donetsk,14,
2025,tm:726036,Артур Микитишин,kryvbas;lnz-cherkasy,25,
2025,tm:729781,Владислав Велетень,kolos-kovalivka;polissya-zhytomyr,16,
2025,tm:758845,Єгор Твердохліб,kryvbas;lnz-cherkasy,26,
2025,tm:773961,Олег Федор,karpaty-lviv;polissya-zhytomyr,20,
2025,tm:787776,Валерій Дубко,metalist-1925;obolon-kyiv,20,
2025,tm:804264,Ігор Невес,karpaty-lviv;rukh-lviv,27,
2025,tm:882224,Ілля Ухань,oleksandriya;sc-poltava,15,
2025,tm:892049,Марко Сапуга,karpaty-lviv;rukh-lviv,18,
2025,tm:936825,Ілля Квасниця,karpaty-lviv;rukh-lviv,20,
2025,tm:955213,Андрій Маткевич,epicentr;zorya-luhansk,16,
2026,tm:1007020,Хоакінете,epicentr;karpaty-lviv,6,TM 2026/27: матчі за обидва клуби (перехід або оренда влітку)
2026,tm:206888,Георгій Бущан,dynamo-kyiv;polissya-zhytomyr,6,TM 2026/27: матчі за обидва клуби (перехід або оренда влітку)
2026,tm:751363,Данило Кравчук,bukovyna-chernivtsi;lnz-cherkasy,5,TM 2026/27: матчі за обидва клуби (перехід або оренда влітку)
