case,action,season,club,name,person_id,tm_id,dob,line,apps,goals,pos,pos2,nat,birth_year,raw_rating,raw_player_name,current_card,evidence,note,confidence
smazur,add_card,1992,zorya-luhansk,Сергій Мазур,w:1970-05-23:mazur,999294,1970-05-23,MF,3,0,CDM,CB,0,1970,49,Мазур Сергій Миколайович,—,"TM 999294: Кривбас → Зоря 08.11.1992 → Кривбас 31.12.1992 → Сіріус 01.1994 → … → Кривбас 25.07.1995 → Спартак Рязань 07.1996; uk-вікі «Мазур Сергій Миколайович»: Кривбас 1991—1993, Зоря-МАЛС (оренда) 1992 3 (0), Кривбас 1996 14 (0)",оренда листопад 1992; перехід посеред сезону Кривбас→Зоря — у check_pool_transfers,high
smazur,add_card,1993,kryvbas,Сергій Мазур,w:1970-05-23:mazur,999294,1970-05-23,DF,1,0,CDM,CB,0,1970,52,Мазур Сергій Миколайович,—,"TM 999294: Кривбас → Зоря 08.11.1992 → Кривбас 31.12.1992 → Сіріус 01.1994 → … → Кривбас 25.07.1995 → Спартак Рязань 07.1996; uk-вікі «Мазур Сергій Миколайович»: Кривбас 1991—1993, Зоря-МАЛС (оренда) 1992 3 (0), Кривбас 1996 14 (0)",,high
smazur,add_card,1995,kryvbas,Сергій Мазур,w:1970-05-23:mazur,999294,1970-05-23,DF,14,0,CDM,CB,0,1970,68,Мазур Сергій Миколайович,—,"TM 999294: Кривбас → Зоря 08.11.1992 → Кривбас 31.12.1992 → Сіріус 01.1994 → … → Кривбас 25.07.1995 → Спартак Рязань 07.1996; uk-вікі «Мазур Сергій Миколайович»: Кривбас 1991—1993, Зоря-МАЛС (оренда) 1992 3 (0), Кривбас 1996 14 (0)",,high
akap,add_card,1993,temp-shepetivka,Автанділ Капанадзе,tm:843683,843683,1962-12-01,MF,29,0,ST,LM,31,1962,74,Капанадзе Автанділ Давидович,—,"TM 843683: Руставі → Темп 07.1993 → Нива Т 01.1996 → Локомотив НН 07.2001; uk-вікі «Капанадзе Автанділ Давидович»: Темп 56 (3), Нива 134 (54); «у Темпі — лівий півзахисник, у Ниві перейшов на позицію форварда». Сума сирих рядків Автанділа: Темп 55 (3), Нива 135 (55)",,high
akap,add_card,1994,temp-shepetivka,Автанділ Капанадзе,tm:843683,843683,1962-12-01,MF,26,3,ST,LM,31,1962,79,Капанадзе Автанділ Давидович,—,"TM 843683: Руставі → Темп 07.1993 → Нива Т 01.1996 → Локомотив НН 07.2001; uk-вікі «Капанадзе Автанділ Давидович»: Темп 56 (3), Нива 134 (54); «у Темпі — лівий півзахисник, у Ниві перейшов на позицію форварда». Сума сирих рядків Автанділа: Темп 55 (3), Нива 135 (55)",,high
akap,add_card,1995,nyva-ternopil,Автанділ Капанадзе,tm:843683,843683,1962-12-01,FW,13,5,ST,LM,31,1962,80,Капанадзе Автанділ Давидович,—,"TM 843683: Руставі → Темп 07.1993 → Нива Т 01.1996 → Локомотив НН 07.2001; uk-вікі «Капанадзе Автанділ Давидович»: Темп 56 (3), Нива 134 (54); «у Темпі — лівий півзахисник, у Ниві перейшов на позицію форварда». Сума сирих рядків Автанділа: Темп 55 (3), Нива 135 (55)",,high
akap,add_card,1996,nyva-ternopil,Автанділ Капанадзе,tm:843683,843683,1962-12-01,FW,28,8,ST,LM,31,1962,82,Капанадзе Автанділ Давидович,—,"TM 843683: Руставі → Темп 07.1993 → Нива Т 01.1996 → Локомотив НН 07.2001; uk-вікі «Капанадзе Автанділ Давидович»: Темп 56 (3), Нива 134 (54); «у Темпі — лівий півзахисник, у Ниві перейшов на позицію форварда». Сума сирих рядків Автанділа: Темп 55 (3), Нива 135 (55)",,high
akap,add_card,1999,nyva-ternopil,Автанділ Капанадзе,tm:843683,843683,1962-12-01,FW,22,12,ST,LM,31,1962,89,Капанадзе Автанділ Давидович,—,"TM 843683: Руставі → Темп 07.1993 → Нива Т 01.1996 → Локомотив НН 07.2001; uk-вікі «Капанадзе Автанділ Давидович»: Темп 56 (3), Нива 134 (54); «у Темпі — лівий півзахисник, у Ниві перейшов на позицію форварда». Сума сирих рядків Автанділа: Темп 55 (3), Нива 135 (55)",,high
akap,add_card,2000,nyva-ternopil,Автанділ Капанадзе,tm:843683,843683,1962-12-01,FW,15,5,ST,LM,31,1962,80,Капанадзе Автанділ Давидович,—,"TM 843683: Руставі → Темп 07.1993 → Нива Т 01.1996 → Локомотив НН 07.2001; uk-вікі «Капанадзе Автанділ Давидович»: Темп 56 (3), Нива 134 (54); «у Темпі — лівий півзахисник, у Ниві перейшов на позицію форварда». Сума сирих рядків Автанділа: Темп 55 (3), Нива 135 (55)",,high
tkap,add_card,1997,nyva-ternopil,Таріел Капанадзе,w:1962-12-01:kapanadze,843175,1962-12-01,MF,28,6,RM,CM,31,1962,88,Капанадзе Таріел Давидович,—,"TM 843175: Руставі → Темп 07.1993 → Нива Т 01.1996 → 01.2002; uk-вікі «Капанадзе Таріел Давидович»: «правий півзахисник», Темп 62 (17), Нива 156 (23; з Першою лігою 2001/02). Сума сирих рядків Таріела: Темп 61 (17), Нива 144 (20)",,high
tkap,add_card,1998,nyva-ternopil,Таріел Капанадзе,w:1962-12-01:kapanadze,843175,1962-12-01,MF,28,5,RM,CM,31,1962,83,Капанадзе Таріел Давидович,—,"TM 843175: Руставі → Темп 07.1993 → Нива Т 01.1996 → 01.2002; uk-вікі «Капанадзе Таріел Давидович»: «правий півзахисник», Темп 62 (17), Нива 156 (23; з Першою лігою 2001/02). Сума сирих рядків Таріела: Темп 61 (17), Нива 144 (20)",,high
tkap,fix_positions,,(усі картки),Таріел Капанадзе,w:1962-12-01:kapanadze,843175,1962-12-01,,,,RM,CM,31,1962,,,зараз: CAM/CM,"TM 843175: Руставі → Темп 07.1993 → Нива Т 01.1996 → 01.2002; uk-вікі «Капанадзе Таріел Давидович»: «правий півзахисник», Темп 62 (17), Нива 156 (23; з Першою лігою 2001/02). Сума сирих рядків Таріела: Темп 61 (17), Нива 144 (20)",позиції Таріела зараз узяті зі статті Автанділа (CAM/CM); у його власній статті — правий півзахисник,medium
akap,fix_positions,,(усі картки),Автанділ Капанадзе,tm:843683,843683,1962-12-01,,,,ST,LM,31,1962,,,зараз: ST/,"TM 843683: Руставі → Темп 07.1993 → Нива Т 01.1996 → Локомотив НН 07.2001; uk-вікі «Капанадзе Автанділ Давидович»: Темп 56 (3), Нива 134 (54); «у Темпі — лівий півзахисник, у Ниві перейшов на позицію форварда». Сума сирих рядків Автанділа: Темп 55 (3), Нива 135 (55)",зараз ST без додаткової; у «Темпі» грав лівого півзахисника,medium
mmak,add_card,1997,dynamo-kyiv,Михайло Маковський,tm:92633,92633,1977-04-23,MF,2,0,CM,,20,1977,56,Маковський Михайло Михайлович,—,"TM 92633 (CM, права нога): Динамо Мн → Динамо К 07.1997 → Ворскла 07.1999–05.2000 → ЦСКА 07–08.2000 → Ворскла 09–12.2000 → Говерла 01.2001–05.2003; сирі рядки uk-вікі «Маковський Михайло Михайлович»",,high
mmak,add_card,2000,cska-kyiv,Михайло Маковський,tm:92633,92633,1977-04-23,MF,1,0,CM,,20,1977,52,Маковський Михайло Михайлович,—,"TM 92633 (CM, права нога): Динамо Мн → Динамо К 07.1997 → Ворскла 07.1999–05.2000 → ЦСКА 07–08.2000 → Ворскла 09–12.2000 → Говерла 01.2001–05.2003; сирі рядки uk-вікі «Маковський Михайло Михайлович»",,high
mmak,add_card,2001,hoverla-uzhhorod,Михайло Маковський,tm:92633,92633,1977-04-23,MF,14,0,CM,,20,1977,61,Маковський Михайло Михайлович,—,"TM 92633 (CM, права нога): Динамо Мн → Динамо К 07.1997 → Ворскла 07.1999–05.2000 → ЦСКА 07–08.2000 → Ворскла 09–12.2000 → Говерла 01.2001–05.2003; сирі рядки uk-вікі «Маковський Михайло Михайлович»",,high
vmak,add_card,1999,vorskla-poltava,Володимир Маковський,w:1977-04-23:makovski,158439,1977-04-23,FW,15,2,ST,CAM,20,1977,74,Маковскі Владзімір Міхайлавіч,—,"TM 158439 (CF, ліва нога): Динамо К 07.1997 → Балтика 07–12.1999 → Ворскла 01.2000–06.2000 → ЦСКА 07–08.2000 → Ворскла 09–12.2000 → Говерла 01.2001–12.2002; сирий рядок uk-вікі «Маковскі Владзімір Міхайлавіч»","НЕМАЄ в BACKLOG: картку Ворскли 1999/2000 у 0.57 віддали Михайлу, рядок Володимира (15 М, 2 Г) зник",high
hbar,add_card,2008,fc-lviv-2008,Григорій Баранець,tm:82593,82593,1986-07-22,MF,23,3,CAM,,0,1986,78,Баранець Григорій Григорович,—,"TM 82593 (AM, права нога): ПФК Львів 07.2006 → Карпати 07.2010 → Оболонь 02.2011 → Нива Т 02.2013; сирі рядки uk-вікі «Баранець Григорій Григорович» (2008, 2010) і ru-вікі «Баранец Григорий» (2011)",,high
hbar,add_card,2010,obolon-kyiv,Григорій Баранець,tm:82593,82593,1986-07-22,MF,8,1,CAM,,0,1986,71,Баранець Григорій Григорович,—,"TM 82593 (AM, права нога): ПФК Львів 07.2006 → Карпати 07.2010 → Оболонь 02.2011 → Нива Т 02.2013; сирі рядки uk-вікі «Баранець Григорій Григорович» (2008, 2010) і ru-вікі «Баранец Григорий» (2011)",перехід Карпати→Оболонь 02.2011 — у check_pool_transfers,high
hbar,add_card,2011,obolon-kyiv,Григорій Баранець,tm:82593,82593,1986-07-22,MF,18,4,CAM,,0,1986,82,Баранец Григорий,—,"TM 82593 (AM, права нога): ПФК Львів 07.2006 → Карпати 07.2010 → Оболонь 02.2011 → Нива Т 02.2013; сирі рядки uk-вікі «Баранець Григорій Григорович» (2008, 2010) і ru-вікі «Баранец Григорий» (2011)",джерело рядка — ru-вікі,high
bbar,add_card,2010,karpaty-lviv,Борис Баранець,w:1986-07-22:baranets,82592,1986-07-22,MF,5,0,CDM,CM,0,1986,62,Баранець Борис Григорович,—,"TM 82592 (CM, обидві ноги) — та сама історія переходів, що в Григорія: Карпати 07.2010 → Оболонь 02.2011; сирий рядок uk-вікі «Баранець Борис Григорович»",перехід Карпати→Оболонь 02.2011 — у check_pool_transfers,high
smir,add_card,2003,metalurh-zaporizhzhia,Денис Смірнов,w:1975-06-18:smirnov,,1975-06-18,MF,4,0,CM,,0,1975,55,Смірнов Денис Анатолійович,—,"uk-вікі «Смірнов Денис Анатолійович» (18.06.1975 — та сама дата, що в Руслана Суанова, TM 63164): «Металург» (Запоріжжя) 2004 — 4 (0); сирий рядок складу Металурга 2003/04",перехід посеред сезону Металург З → Таврія 2003/04 — у check_pool_transfers,high
glad,reassign_card,2006,metalurh-donetsk,Марсіо Глад,tm:15651,15651,1980-09-23,MF,10,0,CDM,CM,18,1980,68,Глад Марсіо,2006|metalurh-donetsk|21: Марко Грубелич (w:1980-09-23:hrubelich),"Марсіо Глад (Marcinho Guerreiro), TM 15651, 23.09.1980 — та сама дата, що в Марка Грубелича (TM 35998, Wikidata Q4150412); TM: Палмейрас → Металург Д 01.2007 → 01.2008 (далі Арсенал К — лише формально, оренди Сантос/Мурсія); en-вікі: Металург Д 2007—2008 12 (1) = 10 + 2 сирих рядків. Грубелич 2006/07 — в оренді «Сталь» (TM 01.2007; en-вікі «Stal (loan) 2006–07»), check_pool_transfers уже позначав «31 > 30»","новий випадок (не в BACKLOG): не близнюк, а однакова дата народження; рядок check_pool_transfers «2006 hrubelich metalurh-donetsk;stal-alchevsk» стане зайвим",high
glad,add_card,2007,metalurh-donetsk,Марсіо Глад,tm:15651,15651,1980-09-23,MF,2,1,CDM,CM,18,1980,56,Глад Марсіо,—,"Марсіо Глад (Marcinho Guerreiro), TM 15651, 23.09.1980 — та сама дата, що в Марка Грубелича (TM 35998, Wikidata Q4150412); TM: Палмейрас → Металург Д 01.2007 → 01.2008 (далі Арсенал К — лише формально, оренди Сантос/Мурсія); en-вікі: Металург Д 2007—2008 12 (1) = 10 + 2 сирих рядків. Грубелич 2006/07 — в оренді «Сталь» (TM 01.2007; en-вікі «Stal (loan) 2006–07»), check_pool_transfers уже позначав «31 > 30»","новий випадок: другий рядок Глада (2 М, 1 Г) зник у злитому id Грубелича",high
meskhi,reassign_card,2021,minaj,Михайло Месхі,tm:476770,476770,1997-02-26,MF,13,0,CDM,,0,1997,64,Михаил Месхи,2021|minaj|16: Михаіл Гечев (tm:520517),"TM 476770 (DM, Україна): Мезекьовешд → Минай 26.07.2021 → Кечкемет 22.07.2022; сирий рядок ru-вікі «Михаил Месхи», Минай 2021/22 13 М. Гечев (TM 520517): Верес 07.2021 → Сфинтул Георге 03.2022 → … → Минай лише з 02.2023",новий випадок: картка «Михаіл Гечев» Минаю 2021/22 — рядок Месхі; Месхі вже є в пулі (Сталь К 2016–2017); рядок check_pool_transfers «2021 tm:520517 minaj;veres-rivne» стане зайвим,high
artav,fix_positions,,(усі картки),Артавазд Карамян,w:1979-11-14:artavazd,34504,1979-11-14,,,,LM,LB;LW,22,1979,,,зараз: CAM/CM,"Карамяни — близнюки (14.11.1979). Сирі рядки обох були під одним id w:1979-11-14:arman, але в пулі вже дві картки Арсеналу 2003/04 (Арман 10 М 1 Г, Артавазд 11 М 1 Г) — картки не бракує. TM 34504 (Артавазд): LM, дод. LB/LW, ліва нога; en-вікі: «Left winger, left-back», Арсенал К 2003–2004 11 (1). TM 44091 (Арман): LW/CF/RW, en-вікі «Striker, left winger», 10 (1)","картка є; у пулі CAM/CM, за TM і en-вікі — лівий півзахисник/захисник",medium
wendell,no_alias,2023; 2024,"zorya-luhansk; polissya-zhytomyr, veres-rivne",Венделл,tm:1074482 ≠ tm:1082633,1074482; 1082633,2004-02-14; 2004-02-17,,,,,,,,,Wendell (kaggle_tm),"дві людини, два id — усе правильно","TM 1074482 — Wendell Silva Santos dos Santos, 14.02.2004, Салвадор, LW, права нога; оренда в Зорю 01.09.2023–30.01.2024. TM 1082633 — Wendell Gabriel Mendes Craveiro, 17.02.2004, Канітар (SP), CF, ліва нога; Полісся-2 07.2024 → Полісся 01.2025 → оренда 03–06.2025. Різні ПІБ, місця народження, нога — псевдонім НЕ потрібен",прибрати з кандидатів у BACKLOG,high
