id,name,main_pos,category,official_matches_ok,all_matches,minutes_official,goals_official,tm_known_position_matches,identity,club_seasons,tm_profile
tm:111556,Йоонас Тамм,CB,захисник у нападі,42,47,3356,21,417,OK,Десна (Чернігів) 2019–2020; Ворскла (Полтава) 2021,https://www.transfermarkt.com/x/profil/spieler/111556
tm:685375,Кай Ціпот,CB,захисник у нападі,17,23,1156,3,146,OK,Верес (Рівне) 2025,https://www.transfermarkt.com/x/profil/spieler/685375
w:1980-10-15:hidi,Іслі Хіді,GK,воротар забив (пенальті),11,11,978,11,217,OK,Кривбас (Кривий Ріг) 2007–2009,https://www.transfermarkt.com/x/profil/spieler/35608
tm:735788,Ігор Габріел,CB,захисник у нападі,10,10,871,0,102,OK,ПФК Львів 2022,https://www.transfermarkt.com/x/profil/spieler/735788
tm:165825,Давид Хочолава,CB,захисник у нападі,8,9,206,0,246,OK,Чорноморець (Одеса) 2015–2016; Шахтар (Донецьк) 2017–2020,https://www.transfermarkt.com/x/profil/spieler/165825
w:1976-10-08:derenov,Сергій Деренов,GK,воротар забив,7,7,540,7,0,OK,Кривбас (Кривий Ріг) 1994–1996,https://www.transfermarkt.com/x/profil/spieler/532358
w:1960-04-15:burch,Михайло Бурч,GK,воротар забив (пенальті),6,6,540,6,81,OK,Волинь (Луцьк) 1992–1995; Верес (Рівне) 1994,https://www.transfermarkt.com/x/profil/spieler/966869
tm:204560,Міха Горопевшек,CB,захисник у нападі,6,6,533,3,125,OK,Волинь (Луцьк) 2015–2016,https://www.transfermarkt.com/x/profil/spieler/204560
w:1979-01-08:pletikosa,Стіпе Плетікоса,GK,воротар забив (пенальті),3,3,270,3,302,OK,Шахтар (Донецьк) 2003–2006,https://www.transfermarkt.com/x/profil/spieler/14937
tm:64341,Антон Кравченко,CB,захисник у нападі,3,3,184,3,194,OK,Волинь (Луцьк) 2011; Сталь (Кам'янське) 2015–2016; Олімпік (Донецьк) 2017–2018; Олександрія 2023,https://www.transfermarkt.com/x/profil/spieler/64341
tm:661776,Богдан Порох,CB,захисник у нападі,3,3,127,0,133,OK,Металіст (Харків) 2022,https://www.transfermarkt.com/x/profil/spieler/661776
w:1971-05-28:avakov,Арсен Аваков,CB,захисник у нападі,3,3,219,0,3,OK,Темп (Шепетівка) 1993; Торпедо (Запоріжжя) 1994–1995,https://www.transfermarkt.com/x/profil/spieler/93263
tm:59277,Дмитро Козаченко,GK,воротар забив (пенальті),2,2,180,2,191,OK,Зоря (Луганськ) 2006–2012; Таврія (Сімферополь) 2007,https://www.transfermarkt.com/x/profil/spieler/59277
w:1969-01-02:suslov,Олег Суслов,GK,воротар забив (пенальті),2,2,155,2,209,OK,Чорноморець (Одеса) 1992–1996,https://www.transfermarkt.com/x/profil/spieler/94903
w:1972-02-02:chopik,Тарас Чопик,GK,воротар забив (пенальті),2,2,180,2,195,OK,Олександрія 2001–2002,https://www.transfermarkt.com/x/profil/spieler/521567
tm:192897,Аді Мехремич,CB,захисник у нападі,2,2,18,0,213,OK,Карпати (Львів) 2018,https://www.transfermarkt.com/x/profil/spieler/192897
tm:92649,Дмитро Зозуля,CB,захисник у нападі,2,2,157,0,84,OK,ФК Львів (2006–2012) 2008; Волинь (Луцьк) 2010; Арсенал (Київ) 2018,https://www.transfermarkt.com/x/profil/spieler/92649
tm:217760,Олексій Казаков,GK,воротар забив (пенальті),1,1,90,1,36,OK,Ворскла (Полтава) 2011–2012,https://www.transfermarkt.com/x/profil/spieler/217760
tm:269351,Максим Кучинський,GK,воротар забив,1,1,90,1,165,OK,Карпати (Львів) 2018,https://www.transfermarkt.com/x/profil/spieler/269351
tm:305418,Назарій Федорівський,GK,воротар забив,1,1,90,1,146,OK,Оболонь (Київ) 2023–2025,https://www.transfermarkt.com/x/profil/spieler/305418
tm:325410,Максим Бабійчук,GK,воротар забив,1,1,90,1,100,OK,Металург (Запоріжжя) 2015,https://www.transfermarkt.com/x/profil/spieler/325410
tm:359239,Микита Крюков,GK,воротар забив,1,1,90,1,125,OK,Маріуполь / Іллічівець 2014,https://www.transfermarkt.com/x/profil/spieler/359239
tm:537844,Анатолій Трубін,GK,воротар забив,1,1,90,1,318,OK,Шахтар (Донецьк) 2019–2022,https://www.transfermarkt.com/x/profil/spieler/537844
tm:574229,Микита Федотов,GK,воротар у полі,1,1,5,0,81,OK,Епіцентр (Кам'янець-Подільський) 2025,https://www.transfermarkt.com/x/profil/spieler/574229
tm:59024,Євген Боровик,GK,воротар забив,1,1,90,1,181,OK,Кривбас (Кривий Ріг) 2006–2012; Дніпро (Дніпропетровськ) 2008–2009; Арсенал (Київ) 2011–2013; Металург (Запоріжжя) 2013–2014; Чорноморець (Одеса) 2015–2016; Карпати (Львів) 2016,https://www.transfermarkt.com/x/profil/spieler/59024
tm:774009,Віталій Циганков,GK,воротар забив (пенальті),1,1,90,1,29,OK,Нива (Вінниця) 1993,https://www.transfermarkt.com/x/profil/spieler/774009
tm:9779,Віталій Рева,GK,воротар забив (пенальті),1,1,90,1,414,OK,ЦСКА (Київ) 1995–2000; Динамо (Київ) 2001–2004; Таврія (Сімферополь) 2005; Арсенал (Київ) 2007–2013; Оболонь (Київ) 2011; Кривбас (Кривий Ріг) 2012,https://www.transfermarkt.com/x/profil/spieler/9779
w:1962-04-08:chumak,Юрій Чумак,GK,воротар у полі,1,1,6,0,157,OK,Кремінь (Кременчук) 1992–1996; Нива (Тернопіль) 1997–1998; Прикарпаття (Івано-Франківськ) 1999,https://www.transfermarkt.com/x/profil/spieler/625448
w:1968-01-13:strontsitski,Богдан Стронціцький,GK,воротар забив (пенальті),1,1,90,1,255,OK,Карпати (Львів) 1992–2001; Таврія (Сімферополь) 2002,https://www.transfermarkt.com/x/profil/spieler/373475
w:1969-10-07:bohodelov,В'ячеслав Богодєлов,GK,воротар у полі,1,1,90,0,112,OK,Нива (Тернопіль) 1992; Металург (Донецьк) 1998; Ворскла (Полтава) 1998–2000; Металіст (Харків) 2000,https://www.transfermarkt.com/x/profil/spieler/369826
w:1976-10-08:derenov,Сергій Деренов,GK,воротар забив (пенальті),1,1,90,2,0,OK,Кривбас (Кривий Ріг) 1994–1996,https://www.transfermarkt.com/x/profil/spieler/532358
w:1978-10-30:ovsenko,Володимир Овсієнко,GK,воротар у полі,1,1,82,0,207,OK,Говерла / Закарпаття (Ужгород) 2001–2005; Металіст (Харків) 2004,https://www.transfermarkt.com/x/profil/spieler/91475
tm:105362,Адольф Тейку,CB,захисник у нападі,1,1,8,0,257,OK,Металург (Запоріжжя) 2008–2013; Чорноморець (Одеса) 2013–2014,https://www.transfermarkt.com/x/profil/spieler/105362
tm:167553,Антон Братков,CB,захисник у нападі,1,1,1,0,324,OK,Зірка (Кропивницький) 2017; Десна (Чернігів) 2018; ПФК Львів 2019,https://www.transfermarkt.com/x/profil/spieler/167553
tm:204560,Міха Горопевшек,CB,польовий у воротах,1,1,90,0,125,OK,Волинь (Луцьк) 2015–2016,https://www.transfermarkt.com/x/profil/spieler/204560
tm:249639,Євген Місюра,CB,захисник у нападі,1,1,8,0,84,OK,СК Полтава 2025,https://www.transfermarkt.com/x/profil/spieler/249639
tm:320953,Юрій Кравчук,CB,захисник у нападі,1,1,12,0,110,OK,ПФК Львів 2020; Минай 2022–2023,https://www.transfermarkt.com/x/profil/spieler/320953
tm:329055,Енес Махмутович,CB,захисник у нападі,1,1,90,1,201,OK,ПФК Львів 2020–2021,https://www.transfermarkt.com/x/profil/spieler/329055
tm:374036,Роман Помазан,CB,захисник у нападі,1,1,90,0,30,OK,Металург (Запоріжжя) 2014–2015,https://www.transfermarkt.com/x/profil/spieler/374036
tm:521845,Гліб Грачов,CB,захисник у нападі,1,1,4,0,180,OK,Сталь (Кам'янське) 2017; Чорноморець (Одеса) 2018,https://www.transfermarkt.com/x/profil/spieler/521845
tm:59414,Папа Гуйе,CB,захисник у нападі,1,1,38,0,251,OK,Волинь (Луцьк) 2004–2005; Металіст (Харків) 2006–2014; Дніпро (Дніпропетровськ) 2014–2015; Карпати (Львів) 2018; СК Дніпро-1 2019,https://www.transfermarkt.com/x/profil/spieler/59414
tm:85506,Каспарс Дубра,CB,польовий у воротах,1,1,90,0,345,OK,Олександрія 2019–2021,https://www.transfermarkt.com/x/profil/spieler/85506
w:1972-04-03:shutkov,Дмитро Шутков,GK,воротар забив,0,2,0,0,4,СУМНІВНИЙ: у TM 0 матчів УПЛ проти 247 у пулі,Шахтар (Донецьк) 1992–2007,https://www.transfermarkt.com/x/profil/spieler/619988
w:1972-04-03:shutkov,Дмитро Шутков,GK,воротар у полі,0,4,0,0,4,СУМНІВНИЙ: у TM 0 матчів УПЛ проти 247 у пулі,Шахтар (Донецьк) 1992–2007,https://www.transfermarkt.com/x/profil/spieler/619988
w:1985-03-12:tovt,Андрій Товт,GK,воротар забив (пенальті),0,1,0,0,14,СУМНІВНИЙ: у TM 0 матчів УПЛ проти 20 у пулі; у TM воротарем лише 0 з 14 матчів з позицією,Оболонь (Київ) 2003–2009,https://www.transfermarkt.com/x/profil/spieler/89540
w:1985-03-12:tovt,Андрій Товт,GK,воротар у полі,0,14,0,0,14,СУМНІВНИЙ: у TM 0 матчів УПЛ проти 20 у пулі; у TM воротарем лише 0 з 14 матчів з позицією,Оболонь (Київ) 2003–2009,https://www.transfermarkt.com/x/profil/spieler/89540
w:1985-03-12:tovt,Андрій Товт,GK,воротар забив,0,5,0,0,14,СУМНІВНИЙ: у TM 0 матчів УПЛ проти 20 у пулі; у TM воротарем лише 0 з 14 матчів з позицією,Оболонь (Київ) 2003–2009,https://www.transfermarkt.com/x/profil/spieler/89540
tm:150284,Віталійс Ягодинскіс,CB,захисник у нападі,0,1,0,0,336,OK,Говерла / Закарпаття (Ужгород) 2014–2015,https://www.transfermarkt.com/x/profil/spieler/150284
tm:36364,Михайло Сіваков,CB,захисник у нападі,0,1,0,0,392,OK,Чорноморець (Одеса) 2014; Зоря (Луганськ) 2015–2016,https://www.transfermarkt.com/x/profil/spieler/36364
tm:495922,Максим Войтиховський,CB,захисник у нападі,0,97,0,0,139,СУМНІВНИЙ: у TM захисником менше 30% матчів (інша людина або зміна амплуа),Чорноморець (Одеса) 2022,https://www.transfermarkt.com/x/profil/spieler/495922
tm:94318,Йован Крнета,CB,польовий у воротах,0,1,0,0,79,OK,Чорноморець (Одеса) 2014,https://www.transfermarkt.com/x/profil/spieler/94318
w:1971-02-07:sich,Микола Сич,CB,захисник у нападі,0,10,0,0,14,СУМНІВНИЙ: у TM 0 матчів УПЛ проти 38 у пулі; у TM захисником менше 30% матчів (інша людина або зміна амплуа),Карпати (Львів) 1992; Волинь (Луцьк) 1994–1995,https://www.transfermarkt.com/x/profil/spieler/400938
w:1975-04-02:esin,Сергій Єсін,CB,польовий у воротах,0,7,0,0,7,СУМНІВНИЙ: у TM 0 матчів УПЛ проти 254 у пулі,Таврія (Сімферополь) 1992–2004; Металіст (Харків) 2000–2001; Говерла / Закарпаття (Ужгород) 2007–2009,https://www.transfermarkt.com/x/profil/spieler/80090
