code,name,c1,c2,c3,confidence,source,note
dynamo-kyiv,Динамо (Київ),#FFFFFF,#0055A5,,high,,не перевірялось (high)
shakhtar-donetsk,Шахтар (Донецьк),#F26522,#000000,,high,,не перевірялось (high)
vorskla-poltava,Ворскла (Полтава),#009B48,#FFFFFF,,high,,не перевірялось (high)
karpaty-lviv,Карпати (Львів),#00843D,#FFFFFF,,high,,не перевірялось (high)
chornomorets-odesa,Чорноморець (Одеса),#0072BC,#000000,#FFFFFF,high,,не перевірялось (high)
dnipro,Дніпро (Дніпропетровськ),#0057B8,#FFFFFF,,high,,не перевірялось (high)
kryvbas,Кривбас (Кривий Ріг),#D1001F,#FFFFFF,,high,,не перевірялось (high)
zorya-luhansk,Зоря (Луганськ),#FFFFFF,#000000,,high,,не перевірялось (high)
metalurh-zaporizhzhia,Металург (Запоріжжя),#C8102E,#FFFFFF,,high,,не перевірялось (high)
tavriya-simferopol,Таврія (Сімферополь),#1B4F9C,#FFFFFF,,high,"uk-вікі: інфобокс (форма) — синя основна, біла виїзна; en-вікі: інфобокс (форма) — те саме; емблема синьо-біла (з бордовим)","без змін, лише впевненість"
mariupol,Маріуполь / Іллічівець,#F08A24,#3B1A8C,#FFFFFF,medium,"емблема «Іллічівця» (жовтогаряче + фіолетове) і «Маріуполя» 2017 (помаранчеве + фіолетово-синє); uk-вікі: інфобокс (форма) і en-вікі: інфобокс (форма) — помаранчева основна, фіолетова виїзна","синьо-білі кольори не підтверджені. Помаранчева заливка близька до Шахтаря — відрізняє фіолетова обводка. Альтернатива: c1 фіолетовий #3B1A8C, c2 помаранчевий"
metalist-kharkiv,Металіст (Харків),#FFD200,#0A2A66,,high,,не перевірялось (high)
metalurh-donetsk,Металург (Донецьк),#1C2F5E,#FFFFFF,#F7C600,medium,"uk-вікі: інфобокс (форма) і en-вікі: інфобокс (форма) — основна темно-синя (00003C), виїзна біла","темно-синій — у заливку (був в обводці); жовтий лишається запасним кольором тексту (з емблеми, не перевірено — файл емблеми не завантажився)"
volyn-lutsk,Волинь (Луцьк),#E0282E,#FFFFFF,#8B0000,high,,не перевірялось (high)
arsenal-kyiv,Арсенал (Київ),#1D3F8F,#D2232A,,medium,"емблема: синій щит (#005DAD) з блакитною смугою; en-вікі: інфобокс (форма) — синя з червоними смугами; uk-вікі: інфобокс (форма) — червона футболка, сині труси",без змін; джерела розходяться (червона/синя форма в різні роки)
oleksandriya,Олександрія,#FFCC00,#000000,,high,"uk-вікі: «Кольори клубу — жовто-зелено-чорні», форма жовта/чорна (uk+en)",без змін
nyva-ternopil,Нива (Тернопіль),#FFD700,#007A3D,,high,"uk-вікі: прізвисько «жовто-зелені», форма жовта футболка/зелені труси (uk+en); емблема зелено-жовта",без змін
veres-rivne,Верес (Рівне),#D71920,#000000,,high,"uk-вікі: «червоно-чорні», «Кольори форми: червоно-чорна і чорно-біла»; емблема червоно-чорно-біла",без змін
hoverla-uzhhorod,Говерла / Закарпаття (Ужгород),#FFFFFF,#263F57,,medium,"емблема «Говерла-Закарпаття»: біле + темно-синє (#263F57) + зелене/золоте; uk-вікі: інфобокс (форма) — біла основна, темно-синя виїзна; en-вікі: інфобокс (форма) — блакитна",обводка — темно-синя з емблеми замість яскраво-синьої
obolon-kyiv,Оболонь (Київ),#00843D,#FFFFFF,#FFD100,high,,не перевірялось (high)
zirka-kropyvnytskyi,Зірка (Кропивницький),#FFD200,#D0021B,#000000,medium,"uk-вікі: інфобокс (форма) і en-вікі: інфобокс (форма) — жовта футболка, червоні труси, чорна виїзна; емблема 2016 — жовте з темним","жовтий у заливку, червоний в обводку (було навпаки)"
olimpik-donetsk,Олімпік (Донецьк),#00355F,#7FC8F0,#FFFFFF,medium,ru-вікі: «фірмові для клубу синьо-блакитні смуги»; емблема 2019 — темно-синій (#00355F) і світло-блакитний,темніший синій + блакитна обводка; форма у вікі (біла/чорна) — лише останніх сезонів
kolos-kovalivka,Колос (Ковалівка),#FFFFFF,#000000,,high,en-вікі: «The club colors are white and black»,без змін
torpedo-zaporizhzhia,Торпедо (Запоріжжя),#FFFFFF,#1F4E9B,,high,"en-вікі: «Colours are white shirts, blue shorts»; емблема біло-синя",без змін
prykarpattia,Прикарпаття (Івано-Франківськ),#1F5FAF,#FFD200,#FFFFFF,medium,"емблема «ФК Прикарпаття» (uk-вікі, галерея «?–2003»): синє коло, жовтий обідок; uk-вікі: після повернення назви «Спартак» клуб «вернувся до колишніх червоно-білих барв»",зелений не підтверджений. Роки УПЛ (1994–2000) — саме «Прикарпаття» з синьо-жовтою символікою; червоно-білі — «Спартак» до 1990-х і після 2003
cska-kyiv,ЦСКА (Київ),#C1272D,#FFFFFF,#000000,high,"uk-вікі: «Клубні кольори: червоні, чорні, білі»; uk-вікі: інфобокс (форма) і en-вікі: інфобокс (форма) — червона форма; емблема червоно-біла",червоний у заливку (був білий/чорний)
rukh-lviv,Рух (Львів),#FFD100,#000000,,high,,не перевірялось (high)
kremin-kremenchuk,Кремінь (Кременчук),#0047AB,#FFFFFF,,high,"en-вікі: «Home colors are blue shirts, blue shorts, and blue socks»; емблема синьо-біла",без змін
pfk-lviv,ПФК Львів,#1F4E9B,#FFD200,#FFFFFF,medium,"uk-вікі «Львів (футбольний клуб)»: прізвисько «Синьо-золоті леви», «варіанти синьої форми (світло синя, синя, фіолетова)»",обводка — золота замість білої
dnipro-1,СК Дніпро-1,#0B1F4B,#1E6FD9,#FFFFFF,medium,"en-вікі: форма жовта/темно-синя (можливо, виїзна); uk-статті не знайшов",без змін; перевірити при нагоді
nyva-vinnytsia,Нива (Вінниця),#007A3D,#FFFFFF,,medium,"uk-вікі: прізвисько «зелено-білі»; uk-вікі: інфобокс (форма) — біла основна, чорна виїзна (сучасна)",зелено-білі замість жовто-синіх (жовто-синіх джерел не знайшов)
fc-kharkiv,ФК Харків,#7B1E3A,#FBBA02,#FFFFFF,medium,en-вікі: «FC Kharkiv colour is Maroon and Yellow»; прізвисько «Bahriano-zoloti»; емблема бордова (з зеленим),обводка — жовта замість білої
desna-chernihiv,Десна (Чернігів),#FFFFFF,#1F5FAD,,high,,не перевірялось (high)
inhulets-petrove,Інгулець (Петрове),#FFD200,#D7141A,,high,en-вікі: «The club colours are yellow and red»; емблема жовто-червона,без змін
minaj,Минай,#70CDE8,#251E4D,#FFFFFF,high,"емблема 2020: темно-синій (#251E4D), білий, блакитний (#97D2EC); uk-вікі: інфобокс (форма) і en-вікі: інфобокс (форма) — блакитна основна (70CDE8), темно-синя виїзна","блакитна заливка як у формі, темно-синя обводка; жовтий прибрано (немає в джерелах)"
metalist-1925,Металіст 1925 (Харків),#FFD200,#0A2A66,,high,,не перевірялось (high)
mykolaiv,СК Миколаїв,#1F4E9B,#FFFFFF,,high,"en-вікі: «Colours are blue and white hooped shirts, white shorts»",без змін
stal-alchevsk,Сталь (Алчевськ),#D2001E,#FFFFFF,,high,uk-вікі: форма червона; емблема червоно-біло-чорна,без змін
stal-kamianske,Сталь (Кам'янське),#FFFFFF,#1F4E9B,#A7A9AC,high,"en-вікі: «Club's colors are silver, blue and white»",без змін
lnz-cherkasy,ЛНЗ (Черкаси),#5B2C83,#FFFFFF,,high,,не перевірялось (high)
polissya-zhytomyr,Полісся (Житомир),#00843D,#FFD700,#FFFFFF,high,"uk-вікі: прізвисько «Зелено-жовті», «нова форма в традиційних жовто-зелених кольорах»; емблема (svg): зелений, золотий, білий, чорний",обводка — жовта замість чорної
bukovyna-chernivtsi,Буковина (Чернівці),#FFD200,#000000,,high,"en-вікі: «Colours are yellow shirts, black shorts»; прізвисько «жовто-чорні»",без змін
temp-shepetivka,Темп (Шепетівка),#E8253C,#FFFFFF,,medium,"емблема ФК «Темп» (uk-вікі): червоне + біле; uk-вікі: інфобокс (форма) — біла основна, червона виїзна; en-вікі: інфобокс (форма) — червоно-біла (половинки)",раніше без кольорів (нейтральна фішка); червоний — щоб не зливався з білими фішками
borysfen-boryspil,Борисфен (Бориспіль),#1F4E9B,#FFFFFF,,low,"джерела суперечать: uk-вікі: інфобокс (форма) — синя футболка/чорні труси, en-вікі: інфобокс (форма) — червона футболка/сині труси; gif емблеми з битою палітрою",без змін; потрібне підтвердження
sevastopol,Севастополь,#D2001E,#FFFFFF,#0B1F4B,medium,"en-вікі: «The club's colours are all red (home) and all dark blue (away)»; uk-вікі: прізвисько «синьо-білі», емблема біло-блакитна",без змін; джерела суперечать (червона форма vs синьо-біла символіка)
naftovyk-okhtyrka,Нафтовик-Укрнафта (Охтирка),#FFD200,#000000,,medium,"en-вікі: інфобокс (форма) — жовта футболка, чорні труси; uk-вікі: інфобокс (форма) — біла з жовтим",без змін
fc-lviv-2008,ФК Львів (2006–2012),#1F4E9B,#FFD200,#FFFFFF,medium,uk-вікі «Львів (футбольний клуб)» (клуб 2006 р.): «синьо-золоті»,як у ПФК Львів — той самий клуб за uk-вікі
livyi-bereh-kyiv,Лівий Берег (Київ),#FFD200,#008000,#000000,medium,"uk-вікі: інфобокс (форма) і en-вікі: інфобокс (форма) — жовта основна, зелена виїзна",обводка — зелена замість чорної
epicentr,Епіцентр (Кам'янець-Подільський),#FF69B4,#292540,#FFFFFF,medium,"емблема 2025: темно-синій (#292540) і рожевий; uk-вікі: інфобокс (форма) і en-вікі: інфобокс (форма) — рожева основна (FF69B4), індиго виїзна",рожевий замість фіолетового
kudrivka,Кудрівка,#1F4E9B,#FFFFFF,,high,"uk-вікі: інфобокс (форма) і en-вікі: інфобокс (форма) — синя основна, біла виїзна",без змін
sc-poltava,СК Полтава,#E4007C,#FFD200,#FFFFFF,medium,"en-вікі: інфобокс (форма) «SC Poltava» — рожева футболка (FF1493), жовті труси й гетри",обводка — жовта; uk-статті про СК Полтава не знайшов («Полтава (футбольний клуб)» — інший клуб)
