person_id,display_uk
tm:550696,Ібрагім Каргбо
tm:55115,Давид Таргамадзе
tm:551695,Лассіна Траоре
tm:552418,Сергій Кисленко
tm:553056,Вадим Янчак
tm:55338,Віллян
tm:553380,Анатолій Ульянов
tm:553772,Олександр Романчук
tm:55484,Марсіо Азеведо
tm:55734,Геворг Казарян
tm:55737,Артур Єдигарян
tm:55763,Іван Лєтава
tm:560110,Іван Коваленко
tm:561974,Владислав Веремеєв
tm:562484,Олег Вишневський
tm:56370,Гійон Фернандес
tm:564383,Мурило Соуза
tm:564841,Драмане Салу
tm:567505,Константінос Стамуліс
tm:567735,Владислав Хамелюк
tm:567756,Еберт
tm:567873,Владислав Бабогло
tm:567880,Євген Протасов
tm:568702,Папа Ндіага Яде
tm:568915,Йохана Мкомола
tm:569056,Жан-Морель Пое
tm:569576,Пепі
tm:569578,Жуліо Сезар
tm:569743,Джойскім Дава
tm:569805,Маркіньйос Сіпріано
tm:570537,Вадим Червак
tm:570538,Інал Черткоєв
tm:570743,Анатолій Нурієв
tm:572163,Даніїл Єрмолов
tm:572271,Шебер Алькайн
tm:572309,Богдан Литвяк
tm:572399,Кирило Прокопчук
tm:573907,Луїс Феліпе
tm:573930,Євген Білокінь
tm:574215,Олександр Кожевников
tm:574229,Микита Федотов
tm:574774,Веслі Помба
tm:576021,Станіслав Шарай
tm:576022,Владислав Ємець
tm:576896,Владислав Тишинінов
tm:577260,Факундо Батіста
tm:57748,Матеус Лопес
tm:577844,Олег Соколов
tm:57900,В'ячеслав Сердюк
tm:581000,Ейнел Соареш
tm:581011,Микола Бужин
tm:581405,Іван Головкін
tm:581782,Андрій Штогрин
tm:583354,Владислав Сидоренко
tm:583607,Вільям де Камарго
tm:584083,Бруніньйо
tm:58514,Еліс Бакай
tm:58515,Віталій Балашов
tm:585950,Натанаель Сентіні
tm:58883,Айтор Фернандес
tm:58922,Різван Аблітаров
tm:58928,Юрій Бровченко
tm:58930,Володимир Чеснаков
tm:58933,Євген Бохашвілі
tm:58939,Олексій Паламарчук
tm:58972,Денис Шеліхов
tm:58980,В'ячеслав Турчанов
tm:59022,Євген Гальчук
tm:59032,Александар Драгович
tm:59136,Максим Жичиков
tm:591619,Владимир Арсич
tm:592336,Макс Валеф
tm:59269,Лакі Ідахор
tm:59322,Олександр Караваєв
tm:59411,Марко Девич
tm:59414,Папа Гуйе
tm:59446,Денис Сидоренко
tm:59636,Бой Деул
tm:597290,Анді Хадрой
tm:597880,Дмитро Ризник
tm:598629,Бруно Дуарте
tm:598635,Аугусто
tm:598972,Марта
tm:598992,Рафаел Сабіно
tm:599224,Анхель Торрес
tm:59950,Дам'єн Ле Таллек
tm:600003,Дмитро Касімов
tm:600008,Ігор Карпенко
tm:601285,Панамбі
tm:60129,Боян Малішич
tm:60132,Неманя Обрадович
tm:603126,Андрія Янич
tm:60324,Грегорі Нелсон
tm:603384,Арсентій Дорошенко
tm:605326,Педро Вітор
tm:606248,Данило Карась
tm:606743,Іван Литвиненко
tm:606952,Жуніньйо
tm:607249,Матіас Оєвусі
tm:60790,Тоні Шунич
tm:608760,Арінальдо Рапай
tm:60941,Іванс Лук'яновс
tm:60979,Янік Болі
tm:61464,Карім Йода
tm:615314,Андрій Артим
tm:617643,Альбін Краснічі
tm:618487,Хуссейн Туаті
tm:61952,Данило Сілва
tm:620368,Остап Притула
tm:620722,Деян Попара
tm:620892,Арад Бар
tm:62180,Галь Шиш
tm:622410,Денис Устименко
tm:622625,Енріке Араужо
tm:623318,Ілля Каравашенко
tm:623319,Олександр Драмбаєв
tm:623321,Кирило Романюк
tm:623322,Михайло Рудавський
tm:623325,Георгій Судаков
tm:623327,Андрій Чирук
tm:623330,Мирослав Трофимюк
tm:623331,Богдан В'юнник
tm:624808,Ілір Краснічі
tm:624831,Таддеус Нкенг
tm:624883,Амількар Коджові
tm:624920,Бені Макуана
tm:625144,Владислав Семотюк
tm:62515,Іван Бобко
tm:62610,Дмитро Хльобас
tm:626475,Микола Михайленко
tm:626771,Лука Станковскі
tm:627222,Таллес Коста
tm:627227,Пеглоу
tm:628329,Айді Дайко
tm:628473,Карлос Рохас
tm:628569,Роман Толочко
tm:628570,Сергій Майборода
tm:629567,Яніс Амаш
tm:631819,Даніл Скорко
tm:631821,Владислав Ванат
tm:632667,Іван Тищенко
tm:632674,Василь Пиняшко
tm:632675,Олексій Шпак
tm:633728,Браян Кастільйо
tm:633850,Артур Рябов
tm:634023,Луїфер Ернандес
tm:634609,Руслан Дедух
tm:636237,Костянтин Вівчаренко
tm:636756,Мілот Авдилі
tm:64104,Саша Балич
tm:641426,Вадим Вітенчук
tm:64215,Крістіан Орош
tm:642947,Еліас Теллес
tm:64308,Браун Ідейє
tm:64313,Тамаш Кадар
tm:64341,Антон Кравченко
tm:64344,Ігор Варцаба
tm:645137,Томер Йосефі
tm:646153,Теді Цара
tm:64711,Пабло Фонтанельйо
tm:647172,Алагі Олівейра
tm:647831,Жео Данні Екра
tm:648076,Джованні Болівар
tm:649029,Мамаду Данфа
tm:649030,Самба Діалло
tm:650393,Василь Вашкеба
tm:650863,Браян Себальос
tm:651388,Міслав Матич
tm:65297,Данієл Суботич
tm:653832,Офек Бітон
tm:653862,Леонардо Монтезелло
tm:654311,Велвес
tm:654384,Вітор Пернамбуко
tm:654385,Альваро Вієйра
tm:654393,Вісенте
tm:654787,Денис Тарадуда
tm:654950,Мурило Кадіна
tm:65542,Тіагу Терросу
tm:655838,Бекназ Алмазбеков
tm:656172,Яков Башич
tm:657796,Алаа Грам
tm:658060,Ніка Гагнідзе
tm:659089,Ілля Забарний
tm:659219,Гільєрме
tm:659886,Білл
tm:66058,Адмір Мехмеді
tm:661284,Фабіньйо
tm:661776,Богдан Порох
tm:661858,Хосе Флорес
tm:662418,Сідней
tm:66472,Бесарт Ібраїмі
tm:665048,Арсеній Батагов
tm:66515,Алекс Тейшейра
tm:666614,Клемент Ікенна
tm:666943,Валентин Рубчинський
tm:668235,Марлон Гомес
tm:669305,Віктор Близніченко
tm:669306,Володимир Бражко
tm:669310,Данило Гончарук
tm:669312,Євген Рязанцев
tm:670000,Жуан Діого
tm:670309,Матей Ангелов
tm:672616,Ян Юрчец
tm:672802,В'ячеслав Велєв
tm:675708,Гітіс Паулаускас
tm:675878,Крістіан
tm:678503,Данило Варакута
tm:678606,Адмір Брістрич
tm:678778,Едуард Сарапій
tm:678783,Євген Підлепенець
tm:681497,Арі Моура
tm:685375,Кай Ціпот
tm:686332,Едсон Фернандо
tm:68778,Марлос
tm:687881,Дієго Каріока
tm:688714,Віталій Дахновський
tm:690246,Френсіс Момо
tm:692997,Олексій Сидоров
tm:694512,Хішам Лаюс
tm:695310,Максим Брагару
tm:69581,Костянтин Махновський
tm:698742,Бузанелло
tm:699842,Антон Байдал
tm:702561,Роман Дідик
tm:702562,Ернест Астахов
tm:702664,Анте Бекавац
tm:705058,Маттео Аморозо
tm:705337,Марко Мрвальєвич
tm:706166,Владислав Бленуце
tm:706176,Абдул Авуду
tm:707201,Павло Тищук
tm:707217,Албан Таїпі
tm:70754,Денис Гармаш
tm:708172,Філіпе Пахтманн
tm:708240,Едуард Козік
tm:708241,Олег Очеретько
tm:708242,Андрій Булеза
tm:70869,Грегор Балажиц
tm:70923,Богдан Когут
tm:709478,Микита Турбаєвський
tm:709479,Абдулла Абдуллаєв
tm:712857,Марк Мампассі
tm:717196,Артем Бенедюк
tm:717198,Данило Удод
tm:717199,Богдан Слюбик
tm:717200,Назар Русяк
tm:717203,Іван Лосенко
tm:717390,Антон Царенко
tm:717391,Максим Мельниченко
tm:717392,Антон Глущенко
tm:717394,Юрій-Володимир Герета
tm:717411,Єгор Ярмолюк
tm:717413,Олег Пушкарьов
tm:717415,Даніель Ківінда
tm:718123,Самуель Нонго
tm:718408,Дмитро Капінус
tm:718409,Владислав Погорілий
tm:718643,Аліун Ндур
tm:719652,Олександр Мартинюк
tm:721511,Максим Хлань
tm:721512,Микита Кононов
tm:722371,Денис Світюха
tm:723621,Денис Кузик
tm:724428,Ула Траоре
tm:725356,Валентин Горох
tm:726013,Гліб Савчук
tm:726014,Максим Дячук
tm:726016,Денис Шостак
tm:726019,Олександр Яцик
tm:726033,Павло Ісенко
tm:726034,Назар Волошин
tm:726035,Кирило Попов
tm:726036,Артур Микитишин
tm:726038,Віталій Роман
tm:728379,Андрій Чекотун
tm:728380,Андрій Вискребенцев
tm:728381,Владислав Бондар
tm:729196,Роман Волохатий
tm:729432,Вадим Ющишин
tm:729638,Олександр Кемкін
tm:729781,Владислав Велетень
tm:730126,Микола Кухаревич
tm:730874,Андрій Ліповуз
tm:73094,Едуардо Нето
tm:73137,Марк Кастельс
tm:73185,Лукас Перес
tm:734799,Прінс Аду
tm:735788,Ігор Габріел
tm:73769,Зе Соарес
tm:737982,Жуліо Сезар
tm:738154,Крістофер Нваезе
tm:740732,Таллес Бренер
tm:743587,Вінісіус Тобіас
tm:743627,Джевісон Беннетт
tm:744099,Жота
tm:745252,Артем Кулаковський
tm:746397,Артем Вовкун
tm:747315,Орест Костик
tm:748838,Юрій Тлумак
tm:748936,Дмитро Піддубний
tm:748939,Олексій Сич
tm:748940,Василь Рунич
tm:75109,Селіо Сантос
tm:751363,Данило Кравчук
tm:751977,Кирило Фесюн
tm:751988,Денис Галата
tm:751995,Андрій Глоба
tm:752691,Богдан Векляк
tm:752862,Тимур Пузанков
tm:75296,Радосав Петрович
tm:755164,Батон Заберджа
tm:755174,Данило Алефіренко
tm:755175,Володимир Білоцерковець
tm:75615,Дуглас Коста
tm:75631,Мілош Йокич
tm:758845,Єгор Твердохліб
tm:76028,Тайсон
tm:76071,Леандро
tm:761326,Став Лемкін
tm:762387,Хусрав Тоїров
tm:765401,Назарій Воробчак
tm:766706,Станіслав Кристін
tm:766709,Максим Сасовський
tm:767643,Олександр Мизюк
tm:771909,Алекс Чідомере
tm:771911,Ілля Гаджук
tm:771912,Ілля Гулько
tm:771914,Євген Павлюк
tm:771917,Максим Комарець
tm:773961,Олег Федор
tm:774067,Ігор Горбач
tm:774533,Дмитро Шамич
tm:774552,Денис Слюсар
tm:775709,Георгій Єрмаков
tm:775723,Іван Бендера
tm:775830,Семен Вовченко
tm:775832,Дмитро Мацапура
tm:775868,Денис Дем'яненко
tm:775902,Владислав Шинкаренко
tm:776033,Андрій Кітела
tm:776959,Андрій Співаков
tm:779241,Андрій Столярчук
tm:779244,Іван Варфоломєєв
tm:78733,Кирило Сидоренко
tm:787776,Валерій Дубко
tm:789478,Богдан Кобзар
tm:789583,Ярослав Карабін
tm:789587,Олег Власов
tm:791140,Даниїл Семилет
tm:792844,Рустам Ахмедзаде
tm:794617,Ян Костенко
tm:794896,Габріель Ескінья
tm:795201,Павло Кравцов
tm:795280,Тимур Кораблін
tm:796574,Стеніо
tm:798106,Руан Олівейра
tm:800015,Влад Рейляну
tm:80312,Микита Шевченко
tm:804264,Ігор Невес
tm:807731,Артем Мачелюк
tm:807784,Жослен Беїратче
tm:808113,Максим Багачанський
tm:808465,Ардіт Тахірі
tm:808971,Денис Ндукве
tm:808973,Денис Резепов
tm:809569,Єгор Гунічев
tm:809617,Лео Антоніо
tm:809899,Лука Лацабідзе
tm:812170,Кирило Самойленко
tm:812726,Андрій Беженар
tm:812755,Денис Підгурський
tm:81349,Антоніо Яколіш
tm:814454,Самуел
tm:814830,Микола Миронюк
tm:815673,Фернандо Енріке
tm:81649,Сергій Рибалка
tm:817676,Жеовані
tm:817885,Олег Осипенко
tm:819249,Луан Кампос
tm:819493,Ельдар Кулієв
tm:821534,Максим Мудрий
tm:821535,Артур Ременяк
tm:82508,Лібор Грдлічка
tm:825229,Валерій Самар
tm:825449,В'ячеслав Борисенко
tm:825450,Микита Дудка
tm:830079,Родіон Плакса
tm:830080,Данило Дмитрієв
tm:830081,Микита Фурсенко
tm:830083,Іван Мамросенко
tm:831697,Яго Сікейра
tm:833315,Новатус Міроші
tm:834898,Вітіньйо
tm:836428,Борель Томандзото
tm:837005,Раймонд Овусу
tm:837287,Вадим Сологуб
tm:837974,Патрісіо Танда
tm:838182,Ярослав Доброхотов
tm:838384,Антон Боль
tm:842894,Костянтин Домарацький
tm:842898,Кирило Ховайко
tm:842904,Сергій Заєць
tm:844358,Сергій Топчій
tm:844373,Борис Крушинський
tm:8480,Сіто Рієра
tm:84980,Александрс Фертовс
tm:85506,Каспарс Дубра
tm:85563,Домінік Адійя
tm:856056,Ассан Сек
tm:85626,Сергій Зеньов
tm:857859,Владислав Кристін
tm:858712,Педро Енріке
tm:85964,Андерсон Мінейро
tm:860096,Карлос Рохас
tm:860701,Микола Гайдучик
tm:86269,Олександр Гутор
tm:863203,Владислав Чушенко
tm:863582,Сулейман Сейтхалілов
tm:863919,Іван Дібанго
tm:865572,Жеоване
tm:8669,Мілан Обрадович
tm:869465,Тіаго Сантана
tm:870177,Владислав Мороз
tm:870185,Сімон Галоян
tm:871863,Андрій Андрейчук
tm:873534,Ерен Айдин
tm:87663,Максим Скороходов
tm:87864,Ашраф Халфауї
tm:880039,Владислав Рибак
tm:880458,Жуан Віалле
tm:882089,Адам Якубу
tm:882224,Ілля Ухань
tm:882225,Іван Кошкош
tm:882227,Микита Козицький
tm:882696,Борис Лотоцький
tm:882717,Денис Теслюк
tm:884849,Данило Хрипчук
tm:885150,Карлос Парако
tm:887142,Іван Нестеренко
tm:888023,Кевін Келсі
tm:888190,Домагой Єлавич
tm:888342,Георгій Майсурадзе
tm:88879,Артем Кичак
tm:889438,Ілля Крупський
tm:89010,Сілвано Комваліус
tm:892025,Антон Салабай
tm:892049,Марко Сапуга
tm:892052,Юрій Дудник
tm:892053,Денис Нагнойний
tm:892054,Еміль Мустафаєв
tm:892097,Андрусв Араухо
tm:892105,Ліндон Емерллаху
tm:89222,Ярослав Ракицький
tm:89318,Борха Екіса
tm:893187,Решат Рамадані
tm:899884,Олександр Чернов
tm:900195,Кевін
tm:90255,Франтішек Кубік
tm:90768,Ярослав Олійник
tm:90769,Віталій Пономар
tm:909138,Даніель Сосах
tm:910926,Де
tm:911644,Ілля Ольховий
tm:913115,Костянтин Бичек
tm:913387,Данило Колесник
tm:91358,Євген Новак
tm:91359,Темур Парцванія
tm:91365,Андрій Воронков
tm:91377,Дмитро Трухін
tm:91419,Олексій Довгий
tm:91425,Юрій Коломоєць
tm:91448,Кирило Дорошенко
tm:91529,Ярослав Кінаш
tm:91571,Дмитро Леонов
tm:916226,Зураб Рухадзе
tm:91698,Олександр Чурілов
tm:91722,Антон Голенков
tm:91727,Андрій Гітченко
tm:917287,Вадим Підлепич
tm:917809,Ярослав Проценко
tm:918615,Степан Григоращук
tm:91991,Сергій Люлька
tm:92030,Дмитро Башлай
tm:92158,Абейку Куанса
tm:923433,Артем Оніщенко
tm:923512,Сергій Стень
tm:923514,Віталій Фарасеєнко
tm:924466,Антон Жилкін
tm:925044,Тарас Галас
tm:925401,Роман Саленко
tm:926183,Вендел
tm:92640,Андрій Мостовий
tm:926657,Кирило Матвєєв
tm:928276,Сергій Копил
tm:928288,Олександр Дихтярук
tm:92845,Андрій Сахневич
tm:930106,Володимир Салюк
tm:93077,Сергій Старенький
tm:935039,Мар'ян Фарина
tm:935046,Роман Савченко
tm:935047,Кирило Сігеєв
tm:935048,Денис Твардовський
tm:935053,Микола Огарков
tm:935094,Дмитро Кремчанін
tm:935095,Навін Малиш
tm:935106,Марко Подоляк
tm:935107,Михайло Протасевич
tm:935109,Артем Слесар
tm:936008,Олександр Сапутін
tm:936825,Ілля Квасниця
tm:936859,Мозес Джарджу
tm:937917,Дмитро Ледвій
tm:937918,Руслан Непейпієв
tm:93795,Факундо Феррейра
tm:938299,Дем'ян Чубатий
tm:938300,Ярослав Базаєв
tm:93862,Денис Причиненко
tm:938681,Віталій Дубілей
tm:93976,Станіслав Печенкін
tm:941418,Деніл Кастільйо
tm:942475,Верлей Баррера
tm:94318,Йован Крнета
tm:949111,Аліу Тіаре
tm:94924,Максим Імереков
tm:949337,Гільєрме Сміт
tm:950181,Матей Матич
tm:95129,Євген Морозенко
tm:951439,Максим Сміян
tm:951690,Юрій Потімков
tm:95239,Павло Щедраков
tm:952943,Яків Кінарейкін
tm:95407,Максим Ілюк
tm:955213,Андрій Маткевич
tm:955216,Максим Василець
tm:955333,Назар Балаба
tm:955349,Олексій Гусєв
tm:95649,Олександр Нойок
tm:95682,Євген Чепурненко
tm:95707,Володимир Танчик
tm:959399,Роман Михайлів
tm:962090,Артем Смоляков
tm:964036,Олег Криворучко
tm:96455,Євген Макаренко
tm:96498,Олександр Насонов
tm:965816,Станіслав Прус
tm:965929,Владислав Островський
tm:966009,Бар Лін
tm:967602,Андрій Соловйов
tm:967981,Жан-Клод
tm:9688,Томаш Гюбшман
tm:96928,Сержіньйо
tm:96957,В'ячеслав Акімов
tm:969596,Габріел Гомес
tm:97205,Микита Безлихотнов
tm:972535,Ермір Рашица
tm:973704,Тіаго Кунья
tm:97576,Роман Кунєв
tm:97808,Дмитро Козьбан
tm:978659,Богдан Хома
tm:981181,Ніколас Аревало
tm:983434,Георгій Робакідзе
tm:985349,Ігор Енріке
tm:98536,Адіс Яхович
tm:986412,Радіон Лісняк
tm:98821,Андрій Савченко
tm:99189,Пеле
tm:99490,Муртаз Даушвілі
tm:998742,Шола Огундана
w:1945-00-00:luchesku,Мірча Луческу
w:1946-00-00:altman,Семен Альтман
w:1947-00-00:diachukstavitski,Юрій Дячук-Ставицький
w:1947-00-00:iaremchenko,Валерій Яремченко
w:1947-00-00:semin,Юрій Сьомін
w:1951-00-00:markevich,Мирон Маркевич
w:1953-00-00:buriak,Леонід Буряк
w:1953-00-00:kvartsiani,Віталій Кварцяний
w:1954-00-00:pavlov,Микола Павлов
w:1954-00-00:ramos,Хуанде Рамос
w:1958-00-00:chantsev,Анатолій Чанцев
w:1959-00-00:demianenko,Анатолій Дем'яненко
w:1959-00-00:kuchuk,Леонід Кучук
w:1960-01-07:kondratev,Георгій Кондратьєв
w:1960-03-25:rasulov,Ельхан Расулов
w:1961-00-00:rats,Василь Рац
w:1962-03-18:hruslov,В'ячеслав Хруслов
w:1964-00-00:aleksandr,Олександр Рябоконь
w:1964-00-00:kucherov,Павло Кучеров
w:1964-08-09:pankratev,Ігор Панкратьєв
w:1965-00-00:dulub,Олег Дулуб
w:1965-00-00:hrihorchuk,Роман Григорчук
w:1966-00-00:kononov,Олег Кононов
w:1966-00-00:vernidub,Юрій Вернидуб
w:1967-00-00:ihor,Ігор Леонов
w:1967-00-00:leonov,Ігор Леонов
w:1967-07-05:nedorostkov,В'ячеслав Недоростков
w:1968-00-00:iuri,Юрій Максимов
w:1968-00-00:maksimov,Юрій Максимов
w:1968-09-18:kefalov,Велін Кефалов
w:1969-00-00:anatoli,Анатолій Безсмертний
w:1969-00-00:skripnik,Віктор Скрипник
w:1969-01-24:zarutski,Олександр Заруцький
w:1969-09-24:zaporojchenko,В'ячеслав Запорожченко
w:1969-10-07:bohodelov,В'ячеслав Богодєлов
w:1969-10-12:mafumba,Мфілю Мафумба
w:1970-01-14:poluliah,В'ячеслав Полулях
w:1970-02-01:sidorkin,В'ячеслав Сидоркін
w:1970-03-29:eremev,В'ячеслав Єремеєв
w:1970-06-23:pirvu,Іонел Пірву
w:1970-08-27:neichev,Юліян Нейчев
w:1971-00-00:iuri,Юрій Мороз
